run_key,scene_id,intersection_id,algorithm,flow_multiplier,seed,matrix_kind,disturbance_kind,disturbance_begin_seconds,disturbance_end_seconds,disturbance_target,disturbance_intensity,duration_seconds,warmup_seconds,steps,steps_origin,algorithm_params,run_id,status,reason,run_dir,avg_delay,avg_delay_seconds,avg_queue_length,avg_queue_length_vehicles,avg_travel_time,avg_travel_time_seconds,co2_g,co2_g_per_completed,collision_count,completed_vehicle_count,fuel_consumption,fuel_ml,fuel_ml_per_completed,harsh_braking_count,illegal_transition_count,max_queue_length,max_queue_length_vehicles,potential_conflict_count,red_light_count,teleport_count,throughput,total_stops,unfinished_vehicle_count
"{""algorithm"":""fixed_time"",""algorithm_params"":{},""disturbance"":null,""duration_seconds"":3600.0,""flow_multiplier"":1.0,""scene_id"":""1"",""seed"":42,""warmup_seconds"":600.0}",1,1,fixed_time,1.0,42,normal,,,,,,3600.0,600.0,,none,{},be90b5633c31,completed,,F:\challenge-cup\output\runs\formal\runs\i1\fixed_time\x1\s42\be90b5633c31,44.32498544395924,44.32498544395924,1.6199999999999999,1.6199999999999999,58.53639010189229,58.53639010189229,168559.86122999998,122.67821050218339,0,1374,73645.87,73645.87,53.599614264919936,609,0,10.0,10.0,138,0,0,1374,1158,28
"{""algorithm"":""fixed_time"",""algorithm_params"":{},""disturbance"":null,""duration_seconds"":3600.0,""flow_multiplier"":1.0,""scene_id"":""1"",""seed"":43,""warmup_seconds"":600.0}",1,1,fixed_time,1.0,43,normal,,,,,,3600.0,600.0,,none,{},ede0bec2ebac,completed,,F:\challenge-cup\output\runs\formal\runs\i1\fixed_time\x1\s43\ede0bec2ebac,45.40835396941005,45.40835396941005,1.7,1.7,59.57246904588492,59.57246904588492,170970.40242,124.52323555717408,0,1373,74698.97,74698.97,54.4056591405681,572,0,10.0,10.0,132,0,0,1373,1169,29
"{""algorithm"":""fixed_time"",""algorithm_params"":{},""disturbance"":null,""duration_seconds"":3600.0,""flow_multiplier"":1.0,""scene_id"":""1"",""seed"":44,""warmup_seconds"":600.0}",1,1,fixed_time,1.0,44,normal,,,,,,3600.0,600.0,,none,{},d6b964969c99,completed,,F:\challenge-cup\output\runs\formal\runs\i1\fixed_time\x1\s44\d6b964969c99,46.17620087336245,46.17620087336245,1.7,1.7,60.380640465793306,60.380640465793306,172033.04281,125.20599913391558,0,1374,75163.41,75163.41,54.704082969432314,588,0,10.0,10.0,135,0,0,1374,1178,28
"{""algorithm"":""fixed_time"",""algorithm_params"":{},""disturbance"":null,""duration_seconds"":3600.0,""flow_multiplier"":1.25,""scene_id"":""1"",""seed"":42,""warmup_seconds"":600.0}",1,1,fixed_time,1.25,42,normal,,,,,,3600.0,600.0,,none,{},bb83885495be,completed,,F:\challenge-cup\output\runs\formal\runs\i1\fixed_time\x1.25\s42\bb83885495be,52.69128235294117,52.69128235294117,2.22,2.22,66.91411764705883,66.91411764705883,228508.42878,134.41672281176469,0,1700,99838.34,99838.34,58.728435294117645,658,0,10.0,10.0,166,0,0,1700,1629,39
"{""algorithm"":""fixed_time"",""algorithm_params"":{},""disturbance"":null,""duration_seconds"":3600.0,""flow_multiplier"":1.25,""scene_id"":""1"",""seed"":43,""warmup_seconds"":600.0}",1,1,fixed_time,1.25,43,normal,,,,,,3600.0,600.0,,none,{},42d384ccd244,completed,,F:\challenge-cup\output\runs\formal\runs\i1\fixed_time\x1.25\s43\42d384ccd244,54.52907340553549,54.52907340553549,2.84,2.84,68.67268351383875,68.67268351383875,228441.74669,137.449907755716,0,1662,99808.94,99808.94,60.0535138387485,662,0,10.0,10.0,153,0,0,1662,1651,40
"{""algorithm"":""fixed_time"",""algorithm_params"":{},""disturbance"":null,""duration_seconds"":3600.0,""flow_multiplier"":1.25,""scene_id"":""1"",""seed"":44,""warmup_seconds"":600.0}",1,1,fixed_time,1.25,44,normal,,,,,,3600.0,600.0,,none,{},9d8e6cf6c6bf,completed,,F:\challenge-cup\output\runs\formal\runs\i1\fixed_time\x1.25\s44\9d8e6cf6c6bf,53.13213690476191,53.13213690476191,2.8,2.8,67.34761904761905,67.34761904761905,226666.79485,134.9207112202381,0,1680,99033.54,99033.54,58.94853571428571,642,0,10.0,10.0,157,0,0,1680,1596,40
"{""algorithm"":""classic_maxpressure"",""algorithm_params"":{},""disturbance"":null,""duration_seconds"":3600.0,""flow_multiplier"":1.0,""scene_id"":""1"",""seed"":42,""warmup_seconds"":600.0}",1,1,classic_maxpressure,1.0,42,normal,,,,,,3600.0,600.0,,none,{},f86da6f96d4a,completed,,F:\challenge-cup\output\runs\formal\runs\i1\classic_maxpressure\x1\s42\f86da6f96d4a,26.209516943042537,26.209516943042537,0.9,0.9,40.395818312905554,40.395818312905554,134908.06509,97.26608874549386,0,1387,58942.43,58942.43,42.49634462869503,744,0,10.0,10.0,175,0,0,1387,1253,15
"{""algorithm"":""classic_maxpressure"",""algorithm_params"":{},""disturbance"":null,""duration_seconds"":3600.0,""flow_multiplier"":1.0,""scene_id"":""1"",""seed"":43,""warmup_seconds"":600.0}",1,1,classic_maxpressure,1.0,43,normal,,,,,,3600.0,600.0,,none,{},6b74ad744d89,completed,,F:\challenge-cup\output\runs\formal\runs\i1\classic_maxpressure\x1\s43\6b74ad744d89,25.4102451333814,25.4102451333814,0.8,0.8,39.560201874549385,39.560201874549385,133148.55368,95.99751527036771,0,1387,58173.78,58173.78,41.94216294160058,800,0,8.0,8.0,186,0,0,1387,1244,15
"{""algorithm"":""classic_maxpressure"",""algorithm_params"":{},""disturbance"":null,""duration_seconds"":3600.0,""flow_multiplier"":1.0,""scene_id"":""1"",""seed"":44,""warmup_seconds"":600.0}",1,1,classic_maxpressure,1.0,44,normal,,,,,,3600.0,600.0,,none,{},966aabced7da,completed,,F:\challenge-cup\output\runs\formal\runs\i1\classic_maxpressure\x1\s44\966aabced7da,24.871629416005767,24.871629416005767,0.76,0.76,39.054794520547944,39.054794520547944,131919.79635,95.1116051550108,0,1387,57636.92,57636.92,41.55509733237202,765,0,6.0,6.0,171,0,0,1387,1208,15
"{""algorithm"":""classic_maxpressure"",""algorithm_params"":{},""disturbance"":null,""duration_seconds"":3600.0,""flow_multiplier"":1.25,""scene_id"":""1"",""seed"":42,""warmup_seconds"":600.0}",1,1,classic_maxpressure,1.25,42,normal,,,,,,3600.0,600.0,,none,{},014179ae4353,completed,,F:\challenge-cup\output\runs\formal\runs\i1\classic_maxpressure\x1.25\s42\014179ae4353,43.18587199060481,43.18587199060481,2.1399999999999997,2.1399999999999997,57.39870816206694,57.39870816206694,209968.33762,123.29321058132707,0,1703,91737.61,91737.61,53.868238402818555,825,0,10.0,10.0,168,0,0,1703,2192,21
"{""algorithm"":""classic_maxpressure"",""algorithm_params"":{},""disturbance"":null,""duration_seconds"":3600.0,""flow_multiplier"":1.25,""scene_id"":""1"",""seed"":43,""warmup_seconds"":600.0}",1,1,classic_maxpressure,1.25,43,normal,,,,,,3600.0,600.0,,none,{},04b566d56f65,completed,,F:\challenge-cup\output\runs\formal\runs\i1\classic_maxpressure\x1.25\s43\04b566d56f65,43.43507075471698,43.43507075471698,2.08,2.08,57.58018867924528,57.58018867924528,210635.95805000002,124.19572998231133,0,1696,92029.31,92029.31,54.26256485849056,800,0,10.0,10.0,162,0,0,1696,2186,25
"{""algorithm"":""classic_maxpressure"",""algorithm_params"":{},""disturbance"":null,""duration_seconds"":3600.0,""flow_multiplier"":1.25,""scene_id"":""1"",""seed"":44,""warmup_seconds"":600.0}",1,1,classic_maxpressure,1.25,44,normal,,,,,,3600.0,600.0,,none,{},1fde85cf0350,completed,,F:\challenge-cup\output\runs\formal\runs\i1\classic_maxpressure\x1.25\s44\1fde85cf0350,42.96794674556213,42.96794674556213,2.06,2.06,57.1603550295858,57.1603550295858,207909.59346,123.02342808284024,0,1690,90838.07,90838.07,53.750337278106514,812,0,10.0,10.0,169,0,0,1690,2179,25
"{""algorithm"":""capacity_aware_maxpressure"",""algorithm_params"":{},""disturbance"":null,""duration_seconds"":3600.0,""flow_multiplier"":1.0,""scene_id"":""1"",""seed"":42,""warmup_seconds"":600.0}",1,1,capacity_aware_maxpressure,1.0,42,normal,,,,,,3600.0,600.0,,none,{},86f0b982bf71,completed,,F:\challenge-cup\output\runs\formal\runs\i1\capacity_aware_maxpressure\x1\s42\86f0b982bf71,26.209516943042537,26.209516943042537,0.9,0.9,40.395818312905554,40.395818312905554,134908.06509,97.26608874549386,0,1387,58942.43,58942.43,42.49634462869503,744,0,10.0,10.0,175,0,0,1387,1253,15
"{""algorithm"":""capacity_aware_maxpressure"",""algorithm_params"":{},""disturbance"":null,""duration_seconds"":3600.0,""flow_multiplier"":1.0,""scene_id"":""1"",""seed"":43,""warmup_seconds"":600.0}",1,1,capacity_aware_maxpressure,1.0,43,normal,,,,,,3600.0,600.0,,none,{},80ad68490b88,completed,,F:\challenge-cup\output\runs\formal\runs\i1\capacity_aware_maxpressure\x1\s43\80ad68490b88,25.4102451333814,25.4102451333814,0.8,0.8,39.560201874549385,39.560201874549385,133148.55368,95.99751527036771,0,1387,58173.78,58173.78,41.94216294160058,800,0,8.0,8.0,186,0,0,1387,1244,15
"{""algorithm"":""capacity_aware_maxpressure"",""algorithm_params"":{},""disturbance"":null,""duration_seconds"":3600.0,""flow_multiplier"":1.0,""scene_id"":""1"",""seed"":44,""warmup_seconds"":600.0}",1,1,capacity_aware_maxpressure,1.0,44,normal,,,,,,3600.0,600.0,,none,{},932eb90265e7,completed,,F:\challenge-cup\output\runs\formal\runs\i1\capacity_aware_maxpressure\x1\s44\932eb90265e7,24.871629416005767,24.871629416005767,0.76,0.76,39.054794520547944,39.054794520547944,131919.79635,95.1116051550108,0,1387,57636.92,57636.92,41.55509733237202,765,0,6.0,6.0,171,0,0,1387,1208,15
"{""algorithm"":""capacity_aware_maxpressure"",""algorithm_params"":{},""disturbance"":null,""duration_seconds"":3600.0,""flow_multiplier"":1.25,""scene_id"":""1"",""seed"":42,""warmup_seconds"":600.0}",1,1,capacity_aware_maxpressure,1.25,42,normal,,,,,,3600.0,600.0,,none,{},0cf65bd60bc7,completed,,F:\challenge-cup\output\runs\formal\runs\i1\capacity_aware_maxpressure\x1.25\s42\0cf65bd60bc7,43.18587199060481,43.18587199060481,2.1399999999999997,2.1399999999999997,57.39870816206694,57.39870816206694,209968.33762,123.29321058132707,0,1703,91737.61,91737.61,53.868238402818555,825,0,10.0,10.0,168,0,0,1703,2192,21
"{""algorithm"":""capacity_aware_maxpressure"",""algorithm_params"":{},""disturbance"":null,""duration_seconds"":3600.0,""flow_multiplier"":1.25,""scene_id"":""1"",""seed"":43,""warmup_seconds"":600.0}",1,1,capacity_aware_maxpressure,1.25,43,normal,,,,,,3600.0,600.0,,none,{},156e1481826c,completed,,F:\challenge-cup\output\runs\formal\runs\i1\capacity_aware_maxpressure\x1.25\s43\156e1481826c,43.43507075471698,43.43507075471698,2.08,2.08,57.58018867924528,57.58018867924528,210635.95805000002,124.19572998231133,0,1696,92029.31,92029.31,54.26256485849056,800,0,10.0,10.0,162,0,0,1696,2186,25
"{""algorithm"":""capacity_aware_maxpressure"",""algorithm_params"":{},""disturbance"":null,""duration_seconds"":3600.0,""flow_multiplier"":1.25,""scene_id"":""1"",""seed"":44,""warmup_seconds"":600.0}",1,1,capacity_aware_maxpressure,1.25,44,normal,,,,,,3600.0,600.0,,none,{},fb728f4e17d1,completed,,F:\challenge-cup\output\runs\formal\runs\i1\capacity_aware_maxpressure\x1.25\s44\fb728f4e17d1,42.96794674556213,42.96794674556213,2.06,2.06,57.1603550295858,57.1603550295858,207909.59346,123.02342808284024,0,1690,90838.07,90838.07,53.750337278106514,812,0,10.0,10.0,169,0,0,1690,2179,25
"{""algorithm"":""fixed_time"",""algorithm_params"":{},""disturbance"":null,""duration_seconds"":3600.0,""flow_multiplier"":1.0,""scene_id"":""2"",""seed"":42,""warmup_seconds"":600.0}",2,2,fixed_time,1.0,42,normal,,,,,,3600.0,600.0,,none,{},8641798f2e75,completed,,F:\challenge-cup\output\runs\formal\runs\i2\fixed_time\x1\s42\8641798f2e75,21.301837968561063,21.301837968561063,1.05,1.05,33.590084643288996,33.590084643288996,69254.54858,83.74189671100363,0,827,30257.93,30257.93,36.58758162031439,374,0,5.0,5.0,62,0,0,827,636,10
"{""algorithm"":""fixed_time"",""algorithm_params"":{},""disturbance"":null,""duration_seconds"":3600.0,""flow_multiplier"":1.0,""scene_id"":""2"",""seed"":43,""warmup_seconds"":600.0}",2,2,fixed_time,1.0,43,normal,,,,,,3600.0,600.0,,none,{},cea68a7e5d58,completed,,F:\challenge-cup\output\runs\formal\runs\i2\fixed_time\x1\s43\cea68a7e5d58,20.695066505441353,20.695066505441353,1.0,1.0,32.91777509068924,32.91777509068924,68361.03541,82.66146966142684,0,827,29867.7,29867.7,36.11571946795647,387,0,4.0,4.0,63,0,0,827,629,10
"{""algorithm"":""fixed_time"",""algorithm_params"":{},""disturbance"":null,""duration_seconds"":3600.0,""flow_multiplier"":1.0,""scene_id"":""2"",""seed"":44,""warmup_seconds"":600.0}",2,2,fixed_time,1.0,44,normal,,,,,,3600.0,600.0,,none,{},b84557d59971,completed,,F:\challenge-cup\output\runs\formal\runs\i2\fixed_time\x1\s44\b84557d59971,21.090701330108825,21.090701330108825,1.05,1.05,33.38452237001209,33.38452237001209,69123.9087,83.58392829504233,0,827,30200.9,30200.9,36.518621523579206,368,0,5.0,5.0,53,0,0,827,652,10
"{""algorithm"":""fixed_time"",""algorithm_params"":{},""disturbance"":null,""duration_seconds"":3600.0,""flow_multiplier"":1.25,""scene_id"":""2"",""seed"":42,""warmup_seconds"":600.0}",2,2,fixed_time,1.25,42,normal,,,,,,3600.0,600.0,,none,{},0c37845e0dd1,completed,,F:\challenge-cup\output\runs\formal\runs\i2\fixed_time\x1.25\s42\0c37845e0dd1,36.11054166666667,36.11054166666667,1.9,1.9,48.365625,48.365625,100093.22545999999,104.26377652083332,0,960,43731.91,43731.91,45.55407291666667,351,0,9.0,9.0,57,0,0,960,1116,16
"{""algorithm"":""fixed_time"",""algorithm_params"":{},""disturbance"":null,""duration_seconds"":3600.0,""flow_multiplier"":1.25,""scene_id"":""2"",""seed"":43,""warmup_seconds"":600.0}",2,2,fixed_time,1.25,43,normal,,,,,,3600.0,600.0,,none,{},ce93bcb84bf3,completed,,F:\challenge-cup\output\runs\formal\runs\i2\fixed_time\x1.25\s43\ce93bcb84bf3,35.67537190082645,35.67537190082645,2.0,2.0,47.914256198347104,47.914256198347104,100127.24152,103.43723297520661,0,968,43746.63,43746.63,45.19279958677686,313,0,9.0,9.0,50,0,0,968,1069,16
"{""algorithm"":""fixed_time"",""algorithm_params"":{},""disturbance"":null,""duration_seconds"":3600.0,""flow_multiplier"":1.25,""scene_id"":""2"",""seed"":44,""warmup_seconds"":600.0}",2,2,fixed_time,1.25,44,normal,,,,,,3600.0,600.0,,none,{},69b646592d03,completed,,F:\challenge-cup\output\runs\formal\runs\i2\fixed_time\x1.25\s44\69b646592d03,35.31173553719008,35.31173553719008,2.05,2.05,47.58367768595041,47.58367768595041,99210.14744,102.48982173553719,0,968,43345.97,43345.97,44.778894628099174,296,0,9.0,9.0,48,0,0,968,1026,16
"{""algorithm"":""classic_maxpressure"",""algorithm_params"":{},""disturbance"":null,""duration_seconds"":3600.0,""flow_multiplier"":1.0,""scene_id"":""2"",""seed"":42,""warmup_seconds"":600.0}",2,2,classic_maxpressure,1.0,42,normal,,,,,,3600.0,600.0,,none,{},0340e1b935f7,completed,,F:\challenge-cup\output\runs\formal\runs\i2\classic_maxpressure\x1\s42\0340e1b935f7,10.267894103489771,10.267894103489771,0.3,0.3,22.531889290012035,22.531889290012035,54224.25375,65.251809566787,0,831,23691.09,23691.09,28.50913357400722,421,0,1.0,1.0,95,0,0,831,499,6
"{""algorithm"":""classic_maxpressure"",""algorithm_params"":{},""disturbance"":null,""duration_seconds"":3600.0,""flow_multiplier"":1.0,""scene_id"":""2"",""seed"":43,""warmup_seconds"":600.0}",2,2,classic_maxpressure,1.0,43,normal,,,,,,3600.0,600.0,,none,{},699094fb64c8,completed,,F:\challenge-cup\output\runs\formal\runs\i2\classic_maxpressure\x1\s43\699094fb64c8,9.395294825511431,9.395294825511431,0.3,0.3,21.61973525872443,21.61973525872443,52920.02482,63.68234033694344,0,831,23121.06,23121.06,27.82317689530686,437,0,1.0,1.0,88,0,0,831,440,6
"{""algorithm"":""classic_maxpressure"",""algorithm_params"":{},""disturbance"":null,""duration_seconds"":3600.0,""flow_multiplier"":1.0,""scene_id"":""2"",""seed"":44,""warmup_seconds"":600.0}",2,2,classic_maxpressure,1.0,44,normal,,,,,,3600.0,600.0,,none,{},04407a026e0c,completed,,F:\challenge-cup\output\runs\formal\runs\i2\classic_maxpressure\x1\s44\04407a026e0c,9.47921875,9.47921875,0.3,0.3,21.74639423076923,21.74639423076923,53047.062920000004,63.75848908653847,0,832,23176.69,23176.69,27.856598557692305,420,0,2.0,2.0,82,0,0,832,446,5
"{""algorithm"":""classic_maxpressure"",""algorithm_params"":{},""disturbance"":null,""duration_seconds"":3600.0,""flow_multiplier"":1.25,""scene_id"":""2"",""seed"":42,""warmup_seconds"":600.0}",2,2,classic_maxpressure,1.25,42,normal,,,,,,3600.0,600.0,,none,{},f656457cbf9d,completed,,F:\challenge-cup\output\runs\formal\runs\i2\classic_maxpressure\x1.25\s42\f656457cbf9d,25.91164717348928,25.91164717348928,1.35,1.35,38.16569200779727,38.16569200779727,91760.17770999999,89.43487106237815,0,1026,40090.82,40090.82,39.07487329434698,402,0,7.0,7.0,67,0,0,1026,1509,14
"{""algorithm"":""classic_maxpressure"",""algorithm_params"":{},""disturbance"":null,""duration_seconds"":3600.0,""flow_multiplier"":1.25,""scene_id"":""2"",""seed"":43,""warmup_seconds"":600.0}",2,2,classic_maxpressure,1.25,43,normal,,,,,,3600.0,600.0,,none,{},3be67bd7c9ec,completed,,F:\challenge-cup\output\runs\formal\runs\i2\classic_maxpressure\x1.25\s43\3be67bd7c9ec,27.077172413793104,27.077172413793104,1.5,1.5,39.31133004926108,39.31133004926108,92500.54825,91.13354507389164,0,1015,40414.43,40414.43,39.8171724137931,364,0,8.0,8.0,50,0,0,1015,1560,14
"{""algorithm"":""classic_maxpressure"",""algorithm_params"":{},""disturbance"":null,""duration_seconds"":3600.0,""flow_multiplier"":1.25,""scene_id"":""2"",""seed"":44,""warmup_seconds"":600.0}",2,2,classic_maxpressure,1.25,44,normal,,,,,,3600.0,600.0,,none,{},9a77368fe860,completed,,F:\challenge-cup\output\runs\formal\runs\i2\classic_maxpressure\x1.25\s44\9a77368fe860,24.806822157434404,24.806822157434404,1.3,1.3,37.096209912536445,37.096209912536445,90104.54591,87.56515637512148,0,1029,39367.47,39367.47,38.25798833819242,393,0,6.0,6.0,59,0,0,1029,1405,12
"{""algorithm"":""capacity_aware_maxpressure"",""algorithm_params"":{},""disturbance"":null,""duration_seconds"":3600.0,""flow_multiplier"":1.0,""scene_id"":""2"",""seed"":42,""warmup_seconds"":600.0}",2,2,capacity_aware_maxpressure,1.0,42,normal,,,,,,3600.0,600.0,,none,{},8d3912e0b0c6,completed,,F:\challenge-cup\output\runs\formal\runs\i2\capacity_aware_maxpressure\x1\s42\8d3912e0b0c6,10.267894103489771,10.267894103489771,0.3,0.3,22.531889290012035,22.531889290012035,54224.25375,65.251809566787,0,831,23691.09,23691.09,28.50913357400722,421,0,1.0,1.0,95,0,0,831,499,6
"{""algorithm"":""capacity_aware_maxpressure"",""algorithm_params"":{},""disturbance"":null,""duration_seconds"":3600.0,""flow_multiplier"":1.0,""scene_id"":""2"",""seed"":43,""warmup_seconds"":600.0}",2,2,capacity_aware_maxpressure,1.0,43,normal,,,,,,3600.0,600.0,,none,{},d4e0a52775d7,completed,,F:\challenge-cup\output\runs\formal\runs\i2\capacity_aware_maxpressure\x1\s43\d4e0a52775d7,9.395294825511431,9.395294825511431,0.3,0.3,21.61973525872443,21.61973525872443,52920.02482,63.68234033694344,0,831,23121.06,23121.06,27.82317689530686,437,0,1.0,1.0,88,0,0,831,440,6
"{""algorithm"":""capacity_aware_maxpressure"",""algorithm_params"":{},""disturbance"":null,""duration_seconds"":3600.0,""flow_multiplier"":1.0,""scene_id"":""2"",""seed"":44,""warmup_seconds"":600.0}",2,2,capacity_aware_maxpressure,1.0,44,normal,,,,,,3600.0,600.0,,none,{},39ebef8821c0,completed,,F:\challenge-cup\output\runs\formal\runs\i2\capacity_aware_maxpressure\x1\s44\39ebef8821c0,9.47921875,9.47921875,0.3,0.3,21.74639423076923,21.74639423076923,53047.062920000004,63.75848908653847,0,832,23176.69,23176.69,27.856598557692305,420,0,2.0,2.0,82,0,0,832,446,5
"{""algorithm"":""capacity_aware_maxpressure"",""algorithm_params"":{},""disturbance"":null,""duration_seconds"":3600.0,""flow_multiplier"":1.25,""scene_id"":""2"",""seed"":42,""warmup_seconds"":600.0}",2,2,capacity_aware_maxpressure,1.25,42,normal,,,,,,3600.0,600.0,,none,{},ca9048ba4ab5,completed,,F:\challenge-cup\output\runs\formal\runs\i2\capacity_aware_maxpressure\x1.25\s42\ca9048ba4ab5,24.56808737864078,24.56808737864078,1.1,1.1,36.832038834951454,36.832038834951454,90687.08257,88.04571123300971,0,1030,39621.83,39621.83,38.46779611650486,403,0,7.0,7.0,60,0,0,1030,1438,14
"{""algorithm"":""capacity_aware_maxpressure"",""algorithm_params"":{},""disturbance"":null,""duration_seconds"":3600.0,""flow_multiplier"":1.25,""scene_id"":""2"",""seed"":43,""warmup_seconds"":600.0}",2,2,capacity_aware_maxpressure,1.25,43,normal,,,,,,3600.0,600.0,,none,{},af7154fc2a20,completed,,F:\challenge-cup\output\runs\formal\runs\i2\capacity_aware_maxpressure\x1.25\s43\af7154fc2a20,27.10948191593353,27.10948191593353,1.55,1.55,39.34017595307918,39.34017595307918,92413.51702,90.33579376344086,0,1023,40376.24,40376.24,39.46846529814272,353,0,7.0,7.0,61,0,0,1023,1549,13
"{""algorithm"":""capacity_aware_maxpressure"",""algorithm_params"":{},""disturbance"":null,""duration_seconds"":3600.0,""flow_multiplier"":1.25,""scene_id"":""2"",""seed"":44,""warmup_seconds"":600.0}",2,2,capacity_aware_maxpressure,1.25,44,normal,,,,,,3600.0,600.0,,none,{},dad8e96b44b6,completed,,F:\challenge-cup\output\runs\formal\runs\i2\capacity_aware_maxpressure\x1.25\s44\dad8e96b44b6,24.80780155642023,24.80780155642023,1.4,1.4,37.06517509727627,37.06517509727627,89846.75149,87.39956370622568,0,1028,39254.9,39254.9,38.18570038910506,385,0,6.0,6.0,48,0,0,1028,1414,14
"{""algorithm"":""fixed_time"",""algorithm_params"":{},""disturbance"":null,""duration_seconds"":3600.0,""flow_multiplier"":1.0,""scene_id"":""3"",""seed"":42,""warmup_seconds"":600.0}",3,3,fixed_time,1.0,42,normal,,,,,,3600.0,600.0,,none,{},14fc0a477895,completed,,F:\challenge-cup\output\runs\formal\runs\i3\fixed_time\x1\s42\14fc0a477895,27.93621021465581,27.93621021465581,1.2666666666666668,1.2666666666666668,39.75351591413767,39.75351591413767,124075.08897,91.83944409326425,0,1351,54209.56,54209.56,40.12550703182827,522,0,8.0,8.0,123,0,0,1351,1170,14
"{""algorithm"":""fixed_time"",""algorithm_params"":{},""disturbance"":null,""duration_seconds"":3600.0,""flow_multiplier"":1.0,""scene_id"":""3"",""seed"":43,""warmup_seconds"":600.0}",3,3,fixed_time,1.0,43,normal,,,,,,3600.0,600.0,,none,{},48e95892de74,completed,,F:\challenge-cup\output\runs\formal\runs\i3\fixed_time\x1\s43\48e95892de74,27.376644493717663,27.376644493717663,1.2666666666666666,1.2666666666666666,39.172949002217294,39.172949002217294,123099.74523,90.98281243902439,0,1353,53783.4,53783.4,39.75121951219512,469,0,5.0,5.0,120,0,0,1353,1178,12
"{""algorithm"":""fixed_time"",""algorithm_params"":{},""disturbance"":null,""duration_seconds"":3600.0,""flow_multiplier"":1.0,""scene_id"":""3"",""seed"":44,""warmup_seconds"":600.0}",3,3,fixed_time,1.0,44,normal,,,,,,3600.0,600.0,,none,{},5226ff6f93f3,completed,,F:\challenge-cup\output\runs\formal\runs\i3\fixed_time\x1\s44\5226ff6f93f3,27.22288148148148,27.22288148148148,1.2,1.2,39.05777777777778,39.05777777777778,122448.91068,90.7028968,0,1350,53499.17,53499.17,39.629014814814816,532,0,5.0,5.0,117,0,0,1350,1154,15
"{""algorithm"":""fixed_time"",""algorithm_params"":{},""disturbance"":null,""duration_seconds"":3600.0,""flow_multiplier"":1.25,""scene_id"":""3"",""seed"":42,""warmup_seconds"":600.0}",3,3,fixed_time,1.25,42,normal,,,,,,3600.0,600.0,,none,{},477b9538729f,completed,,F:\challenge-cup\output\runs\formal\runs\i3\fixed_time\x1.25\s42\477b9538729f,36.15679463741621,36.15679463741621,2.1333333333333333,2.1333333333333333,47.98049969530774,47.98049969530774,170215.6489,103.7267817794028,0,1641,74369.27,74369.27,45.31948202315662,439,0,10.0,10.0,78,0,0,1641,1605,27
"{""algorithm"":""fixed_time"",""algorithm_params"":{},""disturbance"":null,""duration_seconds"":3600.0,""flow_multiplier"":1.25,""scene_id"":""3"",""seed"":43,""warmup_seconds"":600.0}",3,3,fixed_time,1.25,43,normal,,,,,,3600.0,600.0,,none,{},ee2260a04c43,completed,,F:\challenge-cup\output\runs\formal\runs\i3\fixed_time\x1.25\s43\ee2260a04c43,36.36496376811594,36.36496376811594,2.0333333333333337,2.0333333333333337,48.14432367149758,48.14432367149758,172548.44666999998,104.1959219021739,0,1656,75388.38,75388.38,45.52438405797102,457,0,10.0,10.0,88,0,0,1656,1614,23
"{""algorithm"":""fixed_time"",""algorithm_params"":{},""disturbance"":null,""duration_seconds"":3600.0,""flow_multiplier"":1.25,""scene_id"":""3"",""seed"":44,""warmup_seconds"":600.0}",3,3,fixed_time,1.25,44,normal,,,,,,3600.0,600.0,,none,{},30bd48a6fb3f,completed,,F:\challenge-cup\output\runs\formal\runs\i3\fixed_time\x1.25\s44\30bd48a6fb3f,35.56242927429275,35.56242927429275,2.1,2.1,47.37269372693727,47.37269372693727,166821.25559000002,102.5960981488315,0,1626,72885.93,72885.93,44.82529520295203,448,0,10.0,10.0,83,0,0,1626,1574,29
"{""algorithm"":""classic_maxpressure"",""algorithm_params"":{},""disturbance"":null,""duration_seconds"":3600.0,""flow_multiplier"":1.0,""scene_id"":""3"",""seed"":42,""warmup_seconds"":600.0}",3,3,classic_maxpressure,1.0,42,normal,,,,,,3600.0,600.0,,none,{},492eb34689d0,completed,,F:\challenge-cup\output\runs\formal\runs\i3\classic_maxpressure\x1\s42\492eb34689d0,26.68417100371747,26.68417100371747,1.2333333333333332,1.2333333333333332,38.50855018587361,38.50855018587361,121786.72979000001,90.54775449070632,0,1345,53209.65,53209.65,39.5610780669145,571,0,9.0,9.0,157,0,0,1345,1791,16
"{""algorithm"":""classic_maxpressure"",""algorithm_params"":{},""disturbance"":null,""duration_seconds"":3600.0,""flow_multiplier"":1.0,""scene_id"":""3"",""seed"":43,""warmup_seconds"":600.0}",3,3,classic_maxpressure,1.0,43,normal,,,,,,3600.0,600.0,,none,{},4e77b6fbcdc8,completed,,F:\challenge-cup\output\runs\formal\runs\i3\classic_maxpressure\x1\s43\4e77b6fbcdc8,28.47225758697261,28.47225758697261,1.1333333333333333,1.1333333333333333,40.25166543301258,40.25166543301258,125507.88606,92.89998968171724,0,1351,54835.48,54835.48,40.58880829015544,527,0,9.0,9.0,179,0,0,1351,1935,17
"{""algorithm"":""classic_maxpressure"",""algorithm_params"":{},""disturbance"":null,""duration_seconds"":3600.0,""flow_multiplier"":1.0,""scene_id"":""3"",""seed"":44,""warmup_seconds"":600.0}",3,3,classic_maxpressure,1.0,44,normal,,,,,,3600.0,600.0,,none,{},db51ccd3fab8,completed,,F:\challenge-cup\output\runs\formal\runs\i3\classic_maxpressure\x1\s44\db51ccd3fab8,28.67873502994012,28.67873502994012,1.1333333333333333,1.1333333333333333,40.49700598802395,40.49700598802395,122927.12865,92.01132383982036,0,1336,53707.97,53707.97,40.20057634730539,519,0,10.0,10.0,172,0,0,1336,1887,18
"{""algorithm"":""classic_maxpressure"",""algorithm_params"":{},""disturbance"":null,""duration_seconds"":3600.0,""flow_multiplier"":1.25,""scene_id"":""3"",""seed"":42,""warmup_seconds"":600.0}",3,3,classic_maxpressure,1.25,42,normal,,,,,,3600.0,600.0,,none,{},e9dee59010fe,completed,,F:\challenge-cup\output\runs\formal\runs\i3\classic_maxpressure\x1.25\s42\e9dee59010fe,35.658704402515724,35.658704402515724,1.5666666666666669,1.5666666666666669,47.46100628930817,47.46100628930817,168048.87595,105.69111694968552,0,1590,73422.19,73422.19,46.17747798742138,535,0,6.0,6.0,121,0,0,1590,2775,23
"{""algorithm"":""classic_maxpressure"",""algorithm_params"":{},""disturbance"":null,""duration_seconds"":3600.0,""flow_multiplier"":1.25,""scene_id"":""3"",""seed"":43,""warmup_seconds"":600.0}",3,3,classic_maxpressure,1.25,43,normal,,,,,,3600.0,600.0,,none,{},1e57657f8f2b,completed,,F:\challenge-cup\output\runs\formal\runs\i3\classic_maxpressure\x1.25\s43\1e57657f8f2b,33.210977917981076,33.210977917981076,1.6333333333333333,1.6333333333333333,44.95268138801262,44.95268138801262,162638.61788,102.61111538170347,0,1585,71058.41,71058.41,44.831804416403784,612,0,8.0,8.0,122,0,0,1585,2605,24
"{""algorithm"":""classic_maxpressure"",""algorithm_params"":{},""disturbance"":null,""duration_seconds"":3600.0,""flow_multiplier"":1.25,""scene_id"":""3"",""seed"":44,""warmup_seconds"":600.0}",3,3,classic_maxpressure,1.25,44,normal,,,,,,3600.0,600.0,,none,{},92b4040a8f62,completed,,F:\challenge-cup\output\runs\formal\runs\i3\classic_maxpressure\x1.25\s44\92b4040a8f62,35.33339598997494,35.33339598997494,1.5666666666666667,1.5666666666666667,47.1140350877193,47.1140350877193,168371.71790000002,105.49606384711781,0,1596,73563.23,73563.23,46.09224937343358,585,0,4.0,4.0,113,0,0,1596,2736,22
"{""algorithm"":""capacity_aware_maxpressure"",""algorithm_params"":{},""disturbance"":null,""duration_seconds"":3600.0,""flow_multiplier"":1.0,""scene_id"":""3"",""seed"":42,""warmup_seconds"":600.0}",3,3,capacity_aware_maxpressure,1.0,42,normal,,,,,,3600.0,600.0,,none,{},aba2483237a2,completed,,F:\challenge-cup\output\runs\formal\runs\i3\capacity_aware_maxpressure\x1\s42\aba2483237a2,28.027578008915306,28.027578008915306,1.1666666666666665,1.1666666666666665,39.84621099554235,39.84621099554235,123737.11670999999,91.9295072139673,0,1346,54061.78,54061.78,40.16476968796434,533,0,9.0,9.0,173,0,0,1346,1870,16
"{""algorithm"":""capacity_aware_maxpressure"",""algorithm_params"":{},""disturbance"":null,""duration_seconds"":3600.0,""flow_multiplier"":1.0,""scene_id"":""3"",""seed"":43,""warmup_seconds"":600.0}",3,3,capacity_aware_maxpressure,1.0,43,normal,,,,,,3600.0,600.0,,none,{},56e71b60ed81,completed,,F:\challenge-cup\output\runs\formal\runs\i3\capacity_aware_maxpressure\x1\s43\56e71b60ed81,28.107906110283157,28.107906110283157,1.2333333333333332,1.2333333333333332,39.88301043219076,39.88301043219076,123678.77258,92.16003918032787,0,1342,54036.38,54036.38,40.265558867362145,548,0,10.0,10.0,166,0,0,1342,1868,17
"{""algorithm"":""capacity_aware_maxpressure"",""algorithm_params"":{},""disturbance"":null,""duration_seconds"":3600.0,""flow_multiplier"":1.0,""scene_id"":""3"",""seed"":44,""warmup_seconds"":600.0}",3,3,capacity_aware_maxpressure,1.0,44,normal,,,,,,3600.0,600.0,,none,{},010a98d2a079,completed,,F:\challenge-cup\output\runs\formal\runs\i3\capacity_aware_maxpressure\x1\s44\010a98d2a079,28.973423831070892,28.973423831070892,1.4666666666666666,1.4666666666666666,40.78582202111614,40.78582202111614,123756.14193000001,93.33042377828055,0,1326,54070.29,54070.29,40.77699095022624,529,0,10.0,10.0,151,0,0,1326,1945,17
"{""algorithm"":""capacity_aware_maxpressure"",""algorithm_params"":{},""disturbance"":null,""duration_seconds"":3600.0,""flow_multiplier"":1.25,""scene_id"":""3"",""seed"":42,""warmup_seconds"":600.0}",3,3,capacity_aware_maxpressure,1.25,42,normal,,,,,,3600.0,600.0,,none,{},e403109a954b,completed,,F:\challenge-cup\output\runs\formal\runs\i3\capacity_aware_maxpressure\x1.25\s42\e403109a954b,37.38890290037831,37.38890290037831,1.7333333333333332,1.7333333333333332,49.18852459016394,49.18852459016394,170980.96321000002,107.80640807692309,0,1586,74703.28,74703.28,47.10168978562421,497,0,4.0,4.0,104,0,0,1586,2877,24
"{""algorithm"":""capacity_aware_maxpressure"",""algorithm_params"":{},""disturbance"":null,""duration_seconds"":3600.0,""flow_multiplier"":1.25,""scene_id"":""3"",""seed"":43,""warmup_seconds"":600.0}",3,3,capacity_aware_maxpressure,1.25,43,normal,,,,,,3600.0,600.0,,none,{},32da83b202dc,completed,,F:\challenge-cup\output\runs\formal\runs\i3\capacity_aware_maxpressure\x1.25\s43\32da83b202dc,37.08334588826114,37.08334588826114,1.8,1.8,48.83050847457627,48.83050847457627,171326.21394999998,107.54941239799119,0,1593,74854.01,74854.01,46.98933458882611,512,0,6.0,6.0,106,0,0,1593,2879,23
"{""algorithm"":""capacity_aware_maxpressure"",""algorithm_params"":{},""disturbance"":null,""duration_seconds"":3600.0,""flow_multiplier"":1.25,""scene_id"":""3"",""seed"":44,""warmup_seconds"":600.0}",3,3,capacity_aware_maxpressure,1.25,44,normal,,,,,,3600.0,600.0,,none,{},7753c2ed84a5,completed,,F:\challenge-cup\output\runs\formal\runs\i3\capacity_aware_maxpressure\x1.25\s44\7753c2ed84a5,35.44925552050473,35.44925552050473,1.6666666666666665,1.6666666666666665,47.213880126182964,47.213880126182964,167328.69873,105.5701569274448,0,1585,73107.43,73107.43,46.12456151419558,581,0,4.0,4.0,102,0,0,1585,2767,21
"{""algorithm"":""fixed_time"",""algorithm_params"":{},""disturbance"":null,""duration_seconds"":3600.0,""flow_multiplier"":1.0,""scene_id"":""4"",""seed"":42,""warmup_seconds"":600.0}",4,4,fixed_time,1.0,42,normal,,,,,,3600.0,600.0,,none,{},021b2600ec8e,completed,,F:\challenge-cup\output\runs\formal\runs\i4\fixed_time\x1\s42\021b2600ec8e,43.855313376987844,43.855313376987844,3.2,3.2,55.42750233863424,55.42750233863424,122541.35478,114.63176312441533,0,1069,53539.72,53539.72,50.08392890551918,292,0,10.0,10.0,58,0,0,1069,1420,20
"{""algorithm"":""fixed_time"",""algorithm_params"":{},""disturbance"":null,""duration_seconds"":3600.0,""flow_multiplier"":1.0,""scene_id"":""4"",""seed"":43,""warmup_seconds"":600.0}",4,4,fixed_time,1.0,43,normal,,,,,,3600.0,600.0,,none,{},8621392b6978,completed,,F:\challenge-cup\output\runs\formal\runs\i4\fixed_time\x1\s43\8621392b6978,43.815895032802246,43.815895032802246,3.15,3.15,55.34957825679475,55.34957825679475,121946.01256,114.2886715651359,0,1067,53279.62,53279.62,49.93403936269916,285,0,10.0,10.0,66,0,0,1067,1407,21
"{""algorithm"":""fixed_time"",""algorithm_params"":{},""disturbance"":null,""duration_seconds"":3600.0,""flow_multiplier"":1.0,""scene_id"":""4"",""seed"":44,""warmup_seconds"":600.0}",4,4,fixed_time,1.0,44,normal,,,,,,3600.0,600.0,,none,{},05acae1939a4,completed,,F:\challenge-cup\output\runs\formal\runs\i4\fixed_time\x1\s44\05acae1939a4,41.960306976744185,41.960306976744185,3.1,3.1,53.541395348837206,53.541395348837206,120599.80157000001,112.1858619255814,0,1075,52691.53,52691.53,49.01537674418604,291,0,10.0,10.0,61,0,0,1075,1415,21
"{""algorithm"":""fixed_time"",""algorithm_params"":{},""disturbance"":null,""duration_seconds"":3600.0,""flow_multiplier"":1.25,""scene_id"":""4"",""seed"":42,""warmup_seconds"":600.0}",4,4,fixed_time,1.25,42,normal,,,,,,3600.0,600.0,,none,{},6b90fc55f55d,completed,,F:\challenge-cup\output\runs\formal\runs\i4\fixed_time\x1.25\s42\6b90fc55f55d,58.480607394366196,58.480607394366196,3.7,3.7,69.94630281690141,69.94630281690141,153882.80156999998,135.46021264964787,0,1136,67233.39,67233.39,59.184322183098594,209,0,10.0,10.0,33,0,0,1136,1707,24
"{""algorithm"":""fixed_time"",""algorithm_params"":{},""disturbance"":null,""duration_seconds"":3600.0,""flow_multiplier"":1.25,""scene_id"":""4"",""seed"":43,""warmup_seconds"":600.0}",4,4,fixed_time,1.25,43,normal,,,,,,3600.0,600.0,,none,{},a996e31092bc,completed,,F:\challenge-cup\output\runs\formal\runs\i4\fixed_time\x1.25\s43\a996e31092bc,56.25572773972603,56.25572773972603,4.05,4.05,67.68578767123287,67.68578767123287,154319.39216999998,132.1227672688356,0,1168,67423.98,67423.98,57.7260102739726,216,0,10.0,10.0,40,0,0,1168,1740,33
"{""algorithm"":""fixed_time"",""algorithm_params"":{},""disturbance"":null,""duration_seconds"":3600.0,""flow_multiplier"":1.25,""scene_id"":""4"",""seed"":44,""warmup_seconds"":600.0}",4,4,fixed_time,1.25,44,normal,,,,,,3600.0,600.0,,none,{},b422a7003b20,completed,,F:\challenge-cup\output\runs\formal\runs\i4\fixed_time\x1.25\s44\b422a7003b20,56.10597946963216,56.10597946963216,3.8,3.8,67.61676646706587,67.61676646706587,154198.39259,131.90623831479897,0,1169,67371.14,67371.14,57.63142857142857,194,0,11.0,11.0,33,0,0,1169,1714,23
"{""algorithm"":""classic_maxpressure"",""algorithm_params"":{},""disturbance"":null,""duration_seconds"":3600.0,""flow_multiplier"":1.0,""scene_id"":""4"",""seed"":42,""warmup_seconds"":600.0}",4,4,classic_maxpressure,1.0,42,normal,,,,,,3600.0,600.0,,none,{},2c066c74d54b,completed,,F:\challenge-cup\output\runs\formal\runs\i4\classic_maxpressure\x1\s42\2c066c74d54b,54.81914622178606,54.81914622178606,2.65,2.65,66.38076545632974,66.38076545632974,134851.32854,132.33692692836112,0,1019,58918.18,58918.18,57.819607458292445,281,0,8.0,8.0,72,0,0,1019,2642,23
"{""algorithm"":""classic_maxpressure"",""algorithm_params"":{},""disturbance"":null,""duration_seconds"":3600.0,""flow_multiplier"":1.0,""scene_id"":""4"",""seed"":43,""warmup_seconds"":600.0}",4,4,classic_maxpressure,1.0,43,normal,,,,,,3600.0,600.0,,none,{},5153aa65845b,completed,,F:\challenge-cup\output\runs\formal\runs\i4\classic_maxpressure\x1\s43\5153aa65845b,53.7779512195122,53.7779512195122,2.55,2.55,65.3160975609756,65.3160975609756,133539.75391,130.2826867414634,0,1025,58345.04,58345.04,56.92199024390244,280,0,8.0,8.0,59,0,0,1025,2613,22
"{""algorithm"":""classic_maxpressure"",""algorithm_params"":{},""disturbance"":null,""duration_seconds"":3600.0,""flow_multiplier"":1.0,""scene_id"":""4"",""seed"":44,""warmup_seconds"":600.0}",4,4,classic_maxpressure,1.0,44,normal,,,,,,3600.0,600.0,,none,{},83e312df2201,completed,,F:\challenge-cup\output\runs\formal\runs\i4\classic_maxpressure\x1\s44\83e312df2201,54.12126346718903,54.12126346718903,2.75,2.75,65.70812928501469,65.70812928501469,133442.86273,130.69820051909892,0,1021,58302.77,58302.77,57.10359451518119,265,0,8.0,8.0,68,0,0,1021,2621,22
"{""algorithm"":""classic_maxpressure"",""algorithm_params"":{},""disturbance"":null,""duration_seconds"":3600.0,""flow_multiplier"":1.25,""scene_id"":""4"",""seed"":42,""warmup_seconds"":600.0}",4,4,classic_maxpressure,1.25,42,normal,,,,,,3600.0,600.0,,none,{},fd3b5059cb40,completed,,F:\challenge-cup\output\runs\formal\runs\i4\classic_maxpressure\x1.25\s42\fd3b5059cb40,54.6897536108751,54.6897536108751,3.3,3.3,66.16057774001699,66.16057774001699,158141.7879,134.36005768903993,0,1177,69093.91,69093.91,58.70340696686491,265,0,8.0,8.0,35,0,0,1177,2953,23
"{""algorithm"":""classic_maxpressure"",""algorithm_params"":{},""disturbance"":null,""duration_seconds"":3600.0,""flow_multiplier"":1.25,""scene_id"":""4"",""seed"":43,""warmup_seconds"":600.0}",4,4,classic_maxpressure,1.25,43,normal,,,,,,3600.0,600.0,,none,{},254b5863a214,completed,,F:\challenge-cup\output\runs\formal\runs\i4\classic_maxpressure\x1.25\s43\254b5863a214,58.486936316695356,58.486936316695356,3.65,3.65,69.93459552495698,69.93459552495698,162852.47687,140.1484310413081,0,1162,71152.15,71152.15,61.232487091222026,271,0,8.0,8.0,47,0,0,1162,3160,27
"{""algorithm"":""classic_maxpressure"",""algorithm_params"":{},""disturbance"":null,""duration_seconds"":3600.0,""flow_multiplier"":1.25,""scene_id"":""4"",""seed"":44,""warmup_seconds"":600.0}",4,4,classic_maxpressure,1.25,44,normal,,,,,,3600.0,600.0,,none,{},a6dfbb48d202,completed,,F:\challenge-cup\output\runs\formal\runs\i4\classic_maxpressure\x1.25\s44\a6dfbb48d202,58.14667527993109,58.14667527993109,3.9,3.9,69.64944013781223,69.64944013781223,161951.76344,139.4933362962963,0,1161,70758.67,70758.67,60.94631352282515,243,0,8.0,8.0,33,0,0,1161,3113,29
"{""algorithm"":""capacity_aware_maxpressure"",""algorithm_params"":{},""disturbance"":null,""duration_seconds"":3600.0,""flow_multiplier"":1.0,""scene_id"":""4"",""seed"":42,""warmup_seconds"":600.0}",4,4,capacity_aware_maxpressure,1.0,42,normal,,,,,,3600.0,600.0,,none,{},89c0fee11772,completed,,F:\challenge-cup\output\runs\formal\runs\i4\capacity_aware_maxpressure\x1\s42\89c0fee11772,54.746307996051335,54.746307996051335,2.8,2.8,66.28331688055282,66.28331688055282,134723.55842,132.9946282527147,0,1013,58862.37,58862.37,58.10697926949655,286,0,8.0,8.0,66,0,0,1013,2642,23
"{""algorithm"":""capacity_aware_maxpressure"",""algorithm_params"":{},""disturbance"":null,""duration_seconds"":3600.0,""flow_multiplier"":1.0,""scene_id"":""4"",""seed"":43,""warmup_seconds"":600.0}",4,4,capacity_aware_maxpressure,1.0,43,normal,,,,,,3600.0,600.0,,none,{},f4ef79fe4b8a,completed,,F:\challenge-cup\output\runs\formal\runs\i4\capacity_aware_maxpressure\x1\s43\f4ef79fe4b8a,53.110596285434994,53.110596285434994,2.85,2.85,64.65786901270772,64.65786901270772,133054.40708,130.0629590224829,0,1023,58132.93,58132.93,56.82593352883676,263,0,8.0,8.0,58,0,0,1023,2601,20
"{""algorithm"":""capacity_aware_maxpressure"",""algorithm_params"":{},""disturbance"":null,""duration_seconds"":3600.0,""flow_multiplier"":1.0,""scene_id"":""4"",""seed"":44,""warmup_seconds"":600.0}",4,4,capacity_aware_maxpressure,1.0,44,normal,,,,,,3600.0,600.0,,none,{},c96ad06576ac,completed,,F:\challenge-cup\output\runs\formal\runs\i4\capacity_aware_maxpressure\x1\s44\c96ad06576ac,53.61455708661417,53.61455708661417,2.5,2.5,65.20275590551181,65.20275590551181,132518.13553,130.43123575787402,0,1016,57898.74,57898.74,56.98694881889764,261,0,11.0,11.0,60,0,0,1016,2591,22
"{""algorithm"":""capacity_aware_maxpressure"",""algorithm_params"":{},""disturbance"":null,""duration_seconds"":3600.0,""flow_multiplier"":1.25,""scene_id"":""4"",""seed"":42,""warmup_seconds"":600.0}",4,4,capacity_aware_maxpressure,1.25,42,normal,,,,,,3600.0,600.0,,none,{},36a6a3b6f331,completed,,F:\challenge-cup\output\runs\formal\runs\i4\capacity_aware_maxpressure\x1.25\s42\36a6a3b6f331,54.18530735930736,54.18530735930736,3.7,3.7,65.65281385281385,65.65281385281385,154197.77201,133.5045645108225,0,1155,67370.78,67370.78,58.329679653679655,264,0,8.0,8.0,44,0,0,1155,2909,23
"{""algorithm"":""capacity_aware_maxpressure"",""algorithm_params"":{},""disturbance"":null,""duration_seconds"":3600.0,""flow_multiplier"":1.25,""scene_id"":""4"",""seed"":43,""warmup_seconds"":600.0}",4,4,capacity_aware_maxpressure,1.25,43,normal,,,,,,3600.0,600.0,,none,{},4bbbe533b026,completed,,F:\challenge-cup\output\runs\formal\runs\i4\capacity_aware_maxpressure\x1.25\s43\4bbbe533b026,58.11461267605633,58.11461267605633,3.95,3.95,69.57042253521126,69.57042253521126,158895.89403,139.87314615316902,0,1136,69423.47,69423.47,61.11220950704225,281,0,8.0,8.0,35,0,0,1136,3146,29
"{""algorithm"":""capacity_aware_maxpressure"",""algorithm_params"":{},""disturbance"":null,""duration_seconds"":3600.0,""flow_multiplier"":1.25,""scene_id"":""4"",""seed"":44,""warmup_seconds"":600.0}",4,4,capacity_aware_maxpressure,1.25,44,normal,,,,,,3600.0,600.0,,none,{},33e51a47276e,completed,,F:\challenge-cup\output\runs\formal\runs\i4\capacity_aware_maxpressure\x1.25\s44\33e51a47276e,58.14667527993109,58.14667527993109,3.9,3.9,69.64944013781223,69.64944013781223,161951.76344,139.4933362962963,0,1161,70758.67,70758.67,60.94631352282515,243,0,8.0,8.0,33,0,0,1161,3113,29
"{""algorithm"":""fixed_time"",""algorithm_params"":{},""disturbance"":null,""duration_seconds"":3600.0,""flow_multiplier"":1.0,""scene_id"":""5"",""seed"":42,""warmup_seconds"":600.0}",5,5,fixed_time,1.0,42,normal,,,,,,3600.0,600.0,,none,{},0bd664143657,completed,,F:\challenge-cup\output\runs\formal\runs\i5\fixed_time\x1\s42\0bd664143657,41.797882136279924,41.797882136279924,5.266666666666667,5.266666666666667,52.54327808471455,52.54327808471455,59097.57991,108.83532211786373,0,543,25820.43,25820.43,47.5514364640884,116,0,11.0,11.0,22,0,10,543,796,17
"{""algorithm"":""fixed_time"",""algorithm_params"":{},""disturbance"":null,""duration_seconds"":3600.0,""flow_multiplier"":1.0,""scene_id"":""5"",""seed"":43,""warmup_seconds"":600.0}",5,5,fixed_time,1.0,43,normal,,,,,,3600.0,600.0,,none,{},ca044624998f,completed,,F:\challenge-cup\output\runs\formal\runs\i5\fixed_time\x1\s43\ca044624998f,42.37471243042672,42.37471243042672,5.4,5.4,53.076066790352506,53.076066790352506,58971.03019,109.40821927643785,0,539,25765.14,25765.14,47.8017439703154,114,0,11.0,11.0,24,0,10,539,792,18
"{""algorithm"":""fixed_time"",""algorithm_params"":{},""disturbance"":null,""duration_seconds"":3600.0,""flow_multiplier"":1.0,""scene_id"":""5"",""seed"":44,""warmup_seconds"":600.0}",5,5,fixed_time,1.0,44,normal,,,,,,3600.0,600.0,,none,{},e95a2f5f3366,completed,,F:\challenge-cup\output\runs\formal\runs\i5\fixed_time\x1\s44\e95a2f5f3366,41.845622710622706,41.845622710622706,5.466666666666667,5.466666666666667,52.55860805860806,52.55860805860806,59658.19429,109.26409210622711,0,546,26065.27,26065.27,47.73858974358974,113,0,11.0,11.0,24,0,10,546,783,16
"{""algorithm"":""fixed_time"",""algorithm_params"":{},""disturbance"":null,""duration_seconds"":3600.0,""flow_multiplier"":1.25,""scene_id"":""5"",""seed"":42,""warmup_seconds"":600.0}",5,5,fixed_time,1.25,42,normal,,,,,,3600.0,600.0,,none,{},1bde61b888cb,completed,,F:\challenge-cup\output\runs\formal\runs\i5\fixed_time\x1.25\s42\1bde61b888cb,52.04488593155894,52.04488593155894,6.2,6.2,62.61596958174905,62.61596958174905,64525.3262,122.67172281368822,0,526,28191.89,28191.89,53.596749049429654,104,0,11.0,11.0,17,0,10,526,895,19
"{""algorithm"":""fixed_time"",""algorithm_params"":{},""disturbance"":null,""duration_seconds"":3600.0,""flow_multiplier"":1.25,""scene_id"":""5"",""seed"":43,""warmup_seconds"":600.0}",5,5,fixed_time,1.25,43,normal,,,,,,3600.0,600.0,,none,{},3caa98f20d4f,completed,,F:\challenge-cup\output\runs\formal\runs\i5\fixed_time\x1.25\s43\3caa98f20d4f,50.2464,50.2464,6.133333333333333,6.133333333333333,60.769090909090906,60.769090909090906,66096.99503,120.17635460000001,0,550,28878.61,28878.61,52.50656363636364,120,0,11.0,11.0,23,0,10,550,892,19
"{""algorithm"":""fixed_time"",""algorithm_params"":{},""disturbance"":null,""duration_seconds"":3600.0,""flow_multiplier"":1.25,""scene_id"":""5"",""seed"":44,""warmup_seconds"":600.0}",5,5,fixed_time,1.25,44,normal,,,,,,3600.0,600.0,,none,{},b3201fcbc64a,completed,,F:\challenge-cup\output\runs\formal\runs\i5\fixed_time\x1.25\s44\b3201fcbc64a,51.895150943396224,51.895150943396224,6.066666666666666,6.066666666666666,62.45283018867924,62.45283018867924,64976.49589,122.59716205660376,0,530,28389.08,28389.08,53.56430188679246,96,0,11.0,11.0,22,0,10,530,885,19
"{""algorithm"":""classic_maxpressure"",""algorithm_params"":{},""disturbance"":null,""duration_seconds"":3600.0,""flow_multiplier"":1.0,""scene_id"":""5"",""seed"":42,""warmup_seconds"":600.0}",5,5,classic_maxpressure,1.0,42,normal,,,,,,3600.0,600.0,,none,{},4a68a2872756,completed,,F:\challenge-cup\output\runs\formal\runs\i5\classic_maxpressure\x1\s42\4a68a2872756,41.797882136279924,41.797882136279924,5.266666666666667,5.266666666666667,52.54327808471455,52.54327808471455,59097.57991,108.83532211786373,0,543,25820.43,25820.43,47.5514364640884,116,0,11.0,11.0,22,0,10,543,796,17
"{""algorithm"":""classic_maxpressure"",""algorithm_params"":{},""disturbance"":null,""duration_seconds"":3600.0,""flow_multiplier"":1.0,""scene_id"":""5"",""seed"":43,""warmup_seconds"":600.0}",5,5,classic_maxpressure,1.0,43,normal,,,,,,3600.0,600.0,,none,{},8ea0e1f4b0f4,completed,,F:\challenge-cup\output\runs\formal\runs\i5\classic_maxpressure\x1\s43\8ea0e1f4b0f4,42.37471243042672,42.37471243042672,5.4,5.4,53.076066790352506,53.076066790352506,58971.03019,109.40821927643785,0,539,25765.14,25765.14,47.8017439703154,114,0,11.0,11.0,24,0,10,539,792,18
"{""algorithm"":""classic_maxpressure"",""algorithm_params"":{},""disturbance"":null,""duration_seconds"":3600.0,""flow_multiplier"":1.0,""scene_id"":""5"",""seed"":44,""warmup_seconds"":600.0}",5,5,classic_maxpressure,1.0,44,normal,,,,,,3600.0,600.0,,none,{},5ec812757ed4,completed,,F:\challenge-cup\output\runs\formal\runs\i5\classic_maxpressure\x1\s44\5ec812757ed4,41.845622710622706,41.845622710622706,5.466666666666667,5.466666666666667,52.55860805860806,52.55860805860806,59658.19429,109.26409210622711,0,546,26065.27,26065.27,47.73858974358974,113,0,11.0,11.0,24,0,10,546,783,16
"{""algorithm"":""classic_maxpressure"",""algorithm_params"":{},""disturbance"":null,""duration_seconds"":3600.0,""flow_multiplier"":1.25,""scene_id"":""5"",""seed"":42,""warmup_seconds"":600.0}",5,5,classic_maxpressure,1.25,42,normal,,,,,,3600.0,600.0,,none,{},3d33597cbe66,completed,,F:\challenge-cup\output\runs\formal\runs\i5\classic_maxpressure\x1.25\s42\3d33597cbe66,52.04488593155894,52.04488593155894,6.2,6.2,62.61596958174905,62.61596958174905,64525.3262,122.67172281368822,0,526,28191.89,28191.89,53.596749049429654,104,0,11.0,11.0,17,0,10,526,895,19
"{""algorithm"":""classic_maxpressure"",""algorithm_params"":{},""disturbance"":null,""duration_seconds"":3600.0,""flow_multiplier"":1.25,""scene_id"":""5"",""seed"":43,""warmup_seconds"":600.0}",5,5,classic_maxpressure,1.25,43,normal,,,,,,3600.0,600.0,,none,{},9052f666c5b3,completed,,F:\challenge-cup\output\runs\formal\runs\i5\classic_maxpressure\x1.25\s43\9052f666c5b3,50.2464,50.2464,6.133333333333333,6.133333333333333,60.769090909090906,60.769090909090906,66096.99503,120.17635460000001,0,550,28878.61,28878.61,52.50656363636364,120,0,11.0,11.0,23,0,10,550,892,19
"{""algorithm"":""classic_maxpressure"",""algorithm_params"":{},""disturbance"":null,""duration_seconds"":3600.0,""flow_multiplier"":1.25,""scene_id"":""5"",""seed"":44,""warmup_seconds"":600.0}",5,5,classic_maxpressure,1.25,44,normal,,,,,,3600.0,600.0,,none,{},651a4dfc66b3,completed,,F:\challenge-cup\output\runs\formal\runs\i5\classic_maxpressure\x1.25\s44\651a4dfc66b3,51.895150943396224,51.895150943396224,6.066666666666666,6.066666666666666,62.45283018867924,62.45283018867924,64976.49589,122.59716205660376,0,530,28389.08,28389.08,53.56430188679246,96,0,11.0,11.0,22,0,10,530,885,19
"{""algorithm"":""capacity_aware_maxpressure"",""algorithm_params"":{},""disturbance"":null,""duration_seconds"":3600.0,""flow_multiplier"":1.0,""scene_id"":""5"",""seed"":42,""warmup_seconds"":600.0}",5,5,capacity_aware_maxpressure,1.0,42,normal,,,,,,3600.0,600.0,,none,{},8f61ca6b12e5,completed,,F:\challenge-cup\output\runs\formal\runs\i5\capacity_aware_maxpressure\x1\s42\8f61ca6b12e5,49.769980314960634,49.769980314960634,5.2,5.2,60.511811023622045,60.511811023622045,60873.83837,119.83039049212599,0,508,26596.61,26596.61,52.355531496062994,94,0,11.0,11.0,25,0,10,508,835,20
"{""algorithm"":""capacity_aware_maxpressure"",""algorithm_params"":{},""disturbance"":null,""duration_seconds"":3600.0,""flow_multiplier"":1.0,""scene_id"":""5"",""seed"":43,""warmup_seconds"":600.0}",5,5,capacity_aware_maxpressure,1.0,43,normal,,,,,,3600.0,600.0,,none,{},98b08c1d6af2,completed,,F:\challenge-cup\output\runs\formal\runs\i5\capacity_aware_maxpressure\x1\s43\98b08c1d6af2,49.690597609561756,49.690597609561756,5.333333333333334,5.333333333333334,60.398406374501995,60.398406374501995,60442.03816,120.40246645418325,0,502,26407.85,26407.85,52.60527888446215,114,0,11.0,11.0,22,0,10,502,820,20
"{""algorithm"":""capacity_aware_maxpressure"",""algorithm_params"":{},""disturbance"":null,""duration_seconds"":3600.0,""flow_multiplier"":1.0,""scene_id"":""5"",""seed"":44,""warmup_seconds"":600.0}",5,5,capacity_aware_maxpressure,1.0,44,normal,,,,,,3600.0,600.0,,none,{},b82608d4d9d7,completed,,F:\challenge-cup\output\runs\formal\runs\i5\capacity_aware_maxpressure\x1\s44\b82608d4d9d7,49.61982283464567,49.61982283464567,5.133333333333333,5.133333333333333,60.273622047244096,60.273622047244096,60771.352770000005,119.62864718503938,0,508,26551.83,26551.83,52.26738188976378,101,0,11.0,11.0,17,0,10,508,843,20
"{""algorithm"":""capacity_aware_maxpressure"",""algorithm_params"":{},""disturbance"":null,""duration_seconds"":3600.0,""flow_multiplier"":1.25,""scene_id"":""5"",""seed"":42,""warmup_seconds"":600.0}",5,5,capacity_aware_maxpressure,1.25,42,normal,,,,,,3600.0,600.0,,none,{},619f66627318,completed,,F:\challenge-cup\output\runs\formal\runs\i5\capacity_aware_maxpressure\x1.25\s42\619f66627318,53.86255813953488,53.86255813953488,6.066666666666667,6.066666666666667,64.44186046511628,64.44186046511628,64912.67003,125.79974812015504,0,516,28361.18,28361.18,54.963527131782946,98,0,11.0,11.0,14,0,10,516,935,19
"{""algorithm"":""capacity_aware_maxpressure"",""algorithm_params"":{},""disturbance"":null,""duration_seconds"":3600.0,""flow_multiplier"":1.25,""scene_id"":""5"",""seed"":43,""warmup_seconds"":600.0}",5,5,capacity_aware_maxpressure,1.25,43,normal,,,,,,3600.0,600.0,,none,{},5839a58a3531,completed,,F:\challenge-cup\output\runs\formal\runs\i5\capacity_aware_maxpressure\x1.25\s43\5839a58a3531,53.26251937984496,53.26251937984496,5.933333333333334,5.933333333333334,63.78488372093023,63.78488372093023,64223.23003,124.46362408914729,0,516,28059.89,28059.89,54.37963178294574,98,0,11.0,11.0,18,0,10,516,911,19
"{""algorithm"":""capacity_aware_maxpressure"",""algorithm_params"":{},""disturbance"":null,""duration_seconds"":3600.0,""flow_multiplier"":1.25,""scene_id"":""5"",""seed"":44,""warmup_seconds"":600.0}",5,5,capacity_aware_maxpressure,1.25,44,normal,,,,,,3600.0,600.0,,none,{},a27a406660d2,completed,,F:\challenge-cup\output\runs\formal\runs\i5\capacity_aware_maxpressure\x1.25\s44\a27a406660d2,53.30671179883946,53.30671179883946,5.933333333333334,5.933333333333334,63.8568665377176,63.8568665377176,64631.86161,125.01327197292069,0,517,28238.5,28238.5,54.61992263056093,95,0,11.0,11.0,18,0,10,517,930,19
"{""algorithm"":""fixed_time"",""algorithm_params"":{},""disturbance"":null,""duration_seconds"":3600.0,""flow_multiplier"":1.0,""scene_id"":""6"",""seed"":42,""warmup_seconds"":600.0}",6,6,fixed_time,1.0,42,normal,,,,,,3600.0,600.0,,none,{},306df35a1a23,completed,,F:\challenge-cup\output\runs\formal\runs\i6\fixed_time\x1\s42\306df35a1a23,102.28308423913045,102.28308423913045,6.65,6.65,112.53532608695652,112.53532608695652,145629.30934,197.86590942934782,0,736,63627.7,63627.7,86.45067934782608,91,0,9.0,9.0,24,0,0,736,1188,31
"{""algorithm"":""fixed_time"",""algorithm_params"":{},""disturbance"":null,""duration_seconds"":3600.0,""flow_multiplier"":1.0,""scene_id"":""6"",""seed"":43,""warmup_seconds"":600.0}",6,6,fixed_time,1.0,43,normal,,,,,,3600.0,600.0,,none,{},4f4a48fa38e7,completed,,F:\challenge-cup\output\runs\formal\runs\i6\fixed_time\x1\s43\4f4a48fa38e7,102.82810626702998,102.82810626702998,6.65,6.65,113.05177111716621,113.05177111716621,145837.87559,198.68920380108995,0,734,63718.9,63718.9,86.81049046321526,90,0,9.0,9.0,26,0,0,734,1181,31
"{""algorithm"":""fixed_time"",""algorithm_params"":{},""disturbance"":null,""duration_seconds"":3600.0,""flow_multiplier"":1.0,""scene_id"":""6"",""seed"":44,""warmup_seconds"":600.0}",6,6,fixed_time,1.0,44,normal,,,,,,3600.0,600.0,,none,{},712dcc6d1c0a,completed,,F:\challenge-cup\output\runs\formal\runs\i6\fixed_time\x1\s44\712dcc6d1c0a,104.04167123287671,104.04167123287671,6.7,6.7,114.31369863013698,114.31369863013698,146232.72073,200.31879552054795,0,730,63891.22,63891.22,87.5222191780822,90,0,9.0,9.0,21,0,0,730,1186,31
"{""algorithm"":""fixed_time"",""algorithm_params"":{},""disturbance"":null,""duration_seconds"":3600.0,""flow_multiplier"":1.25,""scene_id"":""6"",""seed"":42,""warmup_seconds"":600.0}",6,6,fixed_time,1.25,42,normal,,,,,,3600.0,600.0,,none,{},85dd76f80853,completed,,F:\challenge-cup\output\runs\formal\runs\i6\fixed_time\x1.25\s42\85dd76f80853,101.1174706649283,101.1174706649283,7.05,7.05,111.32985658409387,111.32985658409387,149557.67625,194.99045143415904,0,767,65344.13,65344.13,85.19443285528031,85,0,9.0,9.0,20,0,0,767,1148,30
"{""algorithm"":""fixed_time"",""algorithm_params"":{},""disturbance"":null,""duration_seconds"":3600.0,""flow_multiplier"":1.25,""scene_id"":""6"",""seed"":43,""warmup_seconds"":600.0}",6,6,fixed_time,1.25,43,normal,,,,,,3600.0,600.0,,none,{},e91db5b3dacf,completed,,F:\challenge-cup\output\runs\formal\runs\i6\fixed_time\x1.25\s43\e91db5b3dacf,100.31679419525067,100.31679419525067,7.2,7.2,110.4221635883905,110.4221635883905,147119.40662999998,194.08892695250657,0,758,64278.88,64278.88,84.80063324538258,92,0,9.0,9.0,25,0,0,758,1121,31
"{""algorithm"":""fixed_time"",""algorithm_params"":{},""disturbance"":null,""duration_seconds"":3600.0,""flow_multiplier"":1.25,""scene_id"":""6"",""seed"":44,""warmup_seconds"":600.0}",6,6,fixed_time,1.25,44,normal,,,,,,3600.0,600.0,,none,{},2ccea7ae8b71,completed,,F:\challenge-cup\output\runs\formal\runs\i6\fixed_time\x1.25\s44\2ccea7ae8b71,102.37746010638298,102.37746010638298,7.2,7.2,112.55053191489361,112.55053191489361,147914.54302,196.69487103723407,0,752,64626.15,64626.15,85.93902925531916,86,0,9.0,9.0,23,0,0,752,1126,32
"{""algorithm"":""classic_maxpressure"",""algorithm_params"":{},""disturbance"":null,""duration_seconds"":3600.0,""flow_multiplier"":1.0,""scene_id"":""6"",""seed"":42,""warmup_seconds"":600.0}",6,6,classic_maxpressure,1.0,42,normal,,,,,,3600.0,600.0,,none,{},af06f3dfa842,completed,,F:\challenge-cup\output\runs\formal\runs\i6\classic_maxpressure\x1\s42\af06f3dfa842,88.41572390572391,88.41572390572391,5.4,5.4,98.9337822671156,98.9337822671156,161743.91576,181.53076965207632,0,891,70668.08,70668.08,79.31322109988777,109,0,9.0,9.0,39,0,0,891,3127,31
"{""algorithm"":""classic_maxpressure"",""algorithm_params"":{},""disturbance"":null,""duration_seconds"":3600.0,""flow_multiplier"":1.0,""scene_id"":""6"",""seed"":43,""warmup_seconds"":600.0}",6,6,classic_maxpressure,1.0,43,normal,,,,,,3600.0,600.0,,none,{},6fb6bdddd8fe,completed,,F:\challenge-cup\output\runs\formal\runs\i6\classic_maxpressure\x1\s43\6fb6bdddd8fe,87.63139198218263,87.63139198218263,4.95,4.95,98.15924276169265,98.15924276169265,161861.13489,180.24625266146992,0,898,70719.31,70719.31,78.75201559020044,92,0,9.0,9.0,32,0,0,898,3107,31
"{""algorithm"":""classic_maxpressure"",""algorithm_params"":{},""disturbance"":null,""duration_seconds"":3600.0,""flow_multiplier"":1.0,""scene_id"":""6"",""seed"":44,""warmup_seconds"":600.0}",6,6,classic_maxpressure,1.0,44,normal,,,,,,3600.0,600.0,,none,{},b3b151cf1c74,completed,,F:\challenge-cup\output\runs\formal\runs\i6\classic_maxpressure\x1\s44\b3b151cf1c74,87.70086956521739,87.70086956521739,5.25,5.25,98.21739130434783,98.21739130434783,161997.67669999998,180.5994166109253,0,897,70779.08,70779.08,78.90644370122631,113,0,9.0,9.0,38,0,0,897,3123,30
"{""algorithm"":""classic_maxpressure"",""algorithm_params"":{},""disturbance"":null,""duration_seconds"":3600.0,""flow_multiplier"":1.25,""scene_id"":""6"",""seed"":42,""warmup_seconds"":600.0}",6,6,classic_maxpressure,1.25,42,normal,,,,,,3600.0,600.0,,none,{},09a75526282b,completed,,F:\challenge-cup\output\runs\formal\runs\i6\classic_maxpressure\x1.25\s42\09a75526282b,89.44697469746976,89.44697469746976,5.6,5.6,99.99339933993399,99.99339933993399,165630.69991999998,182.2119911111111,0,909,72366.29,72366.29,79.6108800880088,70,0,9.0,9.0,41,0,0,909,3180,31
"{""algorithm"":""classic_maxpressure"",""algorithm_params"":{},""disturbance"":null,""duration_seconds"":3600.0,""flow_multiplier"":1.25,""scene_id"":""6"",""seed"":43,""warmup_seconds"":600.0}",6,6,classic_maxpressure,1.25,43,normal,,,,,,3600.0,600.0,,none,{},9531a4bc358b,completed,,F:\challenge-cup\output\runs\formal\runs\i6\classic_maxpressure\x1.25\s43\9531a4bc358b,88.73606986899564,88.73606986899564,5.5,5.5,99.25218340611353,99.25218340611353,166326.05213,181.57865953056768,0,916,72670.08,72670.08,79.33414847161572,79,0,9.0,9.0,39,0,0,916,3259,31
"{""algorithm"":""classic_maxpressure"",""algorithm_params"":{},""disturbance"":null,""duration_seconds"":3600.0,""flow_multiplier"":1.25,""scene_id"":""6"",""seed"":44,""warmup_seconds"":600.0}",6,6,classic_maxpressure,1.25,44,normal,,,,,,3600.0,600.0,,none,{},71900a243def,completed,,F:\challenge-cup\output\runs\formal\runs\i6\classic_maxpressure\x1.25\s44\71900a243def,88.82237991266376,88.82237991266376,5.45,5.45,99.36681222707423,99.36681222707423,166123.29655,181.3573106441048,0,916,72581.46,72581.46,79.2374017467249,87,0,9.0,9.0,40,0,0,916,3209,31
"{""algorithm"":""capacity_aware_maxpressure"",""algorithm_params"":{},""disturbance"":null,""duration_seconds"":3600.0,""flow_multiplier"":1.0,""scene_id"":""6"",""seed"":42,""warmup_seconds"":600.0}",6,6,capacity_aware_maxpressure,1.0,42,normal,,,,,,3600.0,600.0,,none,{},415161cf36b5,completed,,F:\challenge-cup\output\runs\formal\runs\i6\capacity_aware_maxpressure\x1\s42\415161cf36b5,87.99645016797312,87.99645016797312,4.55,4.55,98.52631578947368,98.52631578947368,161248.12712000002,180.5690113325868,0,893,70451.4,70451.4,78.89294512877939,81,0,9.0,9.0,41,0,0,893,3099,29
"{""algorithm"":""capacity_aware_maxpressure"",""algorithm_params"":{},""disturbance"":null,""duration_seconds"":3600.0,""flow_multiplier"":1.0,""scene_id"":""6"",""seed"":43,""warmup_seconds"":600.0}",6,6,capacity_aware_maxpressure,1.0,43,normal,,,,,,3600.0,600.0,,none,{},ca95d2dd204d,completed,,F:\challenge-cup\output\runs\formal\runs\i6\capacity_aware_maxpressure\x1\s43\ca95d2dd204d,87.31648558758314,87.31648558758314,4.9,4.9,97.84922394678492,97.84922394678492,162382.54469,180.02499411308204,0,902,70947.1,70947.1,78.65532150776053,91,0,9.0,9.0,39,0,0,902,3092,31
"{""algorithm"":""capacity_aware_maxpressure"",""algorithm_params"":{},""disturbance"":null,""duration_seconds"":3600.0,""flow_multiplier"":1.0,""scene_id"":""6"",""seed"":44,""warmup_seconds"":600.0}",6,6,capacity_aware_maxpressure,1.0,44,normal,,,,,,3600.0,600.0,,none,{},81858de9fabc,completed,,F:\challenge-cup\output\runs\formal\runs\i6\capacity_aware_maxpressure\x1\s44\81858de9fabc,88.23978651685394,88.23978651685394,5.6,5.6,98.74831460674157,98.74831460674157,161310.86692,181.24816507865168,0,890,70478.87,70478.87,79.1897415730337,95,0,9.0,9.0,34,0,0,890,3042,31
"{""algorithm"":""capacity_aware_maxpressure"",""algorithm_params"":{},""disturbance"":null,""duration_seconds"":3600.0,""flow_multiplier"":1.25,""scene_id"":""6"",""seed"":42,""warmup_seconds"":600.0}",6,6,capacity_aware_maxpressure,1.25,42,normal,,,,,,3600.0,600.0,,none,{},1a85a2a6b44b,completed,,F:\challenge-cup\output\runs\formal\runs\i6\capacity_aware_maxpressure\x1.25\s42\1a85a2a6b44b,89.44697469746976,89.44697469746976,5.6,5.6,99.99339933993399,99.99339933993399,165630.69991999998,182.2119911111111,0,909,72366.29,72366.29,79.6108800880088,70,0,9.0,9.0,41,0,0,909,3180,31
"{""algorithm"":""capacity_aware_maxpressure"",""algorithm_params"":{},""disturbance"":null,""duration_seconds"":3600.0,""flow_multiplier"":1.25,""scene_id"":""6"",""seed"":43,""warmup_seconds"":600.0}",6,6,capacity_aware_maxpressure,1.25,43,normal,,,,,,3600.0,600.0,,none,{},e3617edb2dc7,completed,,F:\challenge-cup\output\runs\formal\runs\i6\capacity_aware_maxpressure\x1.25\s43\e3617edb2dc7,88.73606986899564,88.73606986899564,5.5,5.5,99.25218340611353,99.25218340611353,166326.05213,181.57865953056768,0,916,72670.08,72670.08,79.33414847161572,79,0,9.0,9.0,39,0,0,916,3259,31
"{""algorithm"":""capacity_aware_maxpressure"",""algorithm_params"":{},""disturbance"":null,""duration_seconds"":3600.0,""flow_multiplier"":1.25,""scene_id"":""6"",""seed"":44,""warmup_seconds"":600.0}",6,6,capacity_aware_maxpressure,1.25,44,normal,,,,,,3600.0,600.0,,none,{},51942df5c6ef,completed,,F:\challenge-cup\output\runs\formal\runs\i6\capacity_aware_maxpressure\x1.25\s44\51942df5c6ef,88.82237991266376,88.82237991266376,5.45,5.45,99.36681222707423,99.36681222707423,166123.29655,181.3573106441048,0,916,72581.46,72581.46,79.2374017467249,87,0,9.0,9.0,40,0,0,916,3209,31
"{""algorithm"":""fixed_time"",""algorithm_params"":{},""disturbance"":null,""duration_seconds"":3600.0,""flow_multiplier"":1.0,""scene_id"":""7"",""seed"":42,""warmup_seconds"":600.0}",7,7,fixed_time,1.0,42,normal,,,,,,3600.0,600.0,,none,{},aaa0cf9e6b21,completed,,F:\challenge-cup\output\runs\formal\runs\i7\fixed_time\x1\s42\aaa0cf9e6b21,24.196439024390244,24.196439024390244,0.9333333333333332,0.9333333333333332,34.34756097560975,34.34756097560975,67033.48918,81.74815753658537,0,820,29287.65,29287.65,35.71664634146342,285,0,4.0,4.0,53,0,0,820,690,8
"{""algorithm"":""fixed_time"",""algorithm_params"":{},""disturbance"":null,""duration_seconds"":3600.0,""flow_multiplier"":1.0,""scene_id"":""7"",""seed"":43,""warmup_seconds"":600.0}",7,7,fixed_time,1.0,43,normal,,,,,,3600.0,600.0,,none,{},b8caadaf88ef,completed,,F:\challenge-cup\output\runs\formal\runs\i7\fixed_time\x1\s43\b8caadaf88ef,24.79992700729927,24.79992700729927,1.0666666666666667,1.0666666666666667,34.93795620437956,34.93795620437956,68426.28953,83.24366122871045,0,822,29895.98,29895.98,36.36980535279805,265,0,4.0,4.0,66,0,0,822,707,6
"{""algorithm"":""fixed_time"",""algorithm_params"":{},""disturbance"":null,""duration_seconds"":3600.0,""flow_multiplier"":1.0,""scene_id"":""7"",""seed"":44,""warmup_seconds"":600.0}",7,7,fixed_time,1.0,44,normal,,,,,,3600.0,600.0,,none,{},648eb1ca2698,completed,,F:\challenge-cup\output\runs\formal\runs\i7\fixed_time\x1\s44\648eb1ca2698,24.507992700729925,24.507992700729925,1.0,1.0,34.654501216545015,34.654501216545015,67769.77311,82.44497945255473,0,822,29609.32,29609.32,36.021070559610706,278,0,4.0,4.0,53,0,0,822,700,8
"{""algorithm"":""fixed_time"",""algorithm_params"":{},""disturbance"":null,""duration_seconds"":3600.0,""flow_multiplier"":1.25,""scene_id"":""7"",""seed"":42,""warmup_seconds"":600.0}",7,7,fixed_time,1.25,42,normal,,,,,,3600.0,600.0,,none,{},ae22b08a47d6,completed,,F:\challenge-cup\output\runs\formal\runs\i7\fixed_time\x1.25\s42\ae22b08a47d6,31.686670168067227,31.686670168067227,1.3333333333333335,1.3333333333333335,41.84768907563025,41.84768907563025,88689.70876000001,93.16145878151261,0,952,38749.51,38749.51,40.70326680672269,237,0,4.0,4.0,57,0,0,952,865,12
"{""algorithm"":""fixed_time"",""algorithm_params"":{},""disturbance"":null,""duration_seconds"":3600.0,""flow_multiplier"":1.25,""scene_id"":""7"",""seed"":43,""warmup_seconds"":600.0}",7,7,fixed_time,1.25,43,normal,,,,,,3600.0,600.0,,none,{},ed8a30612bcf,completed,,F:\challenge-cup\output\runs\formal\runs\i7\fixed_time\x1.25\s43\ed8a30612bcf,31.229474789915965,31.229474789915965,1.3333333333333335,1.3333333333333335,41.378151260504204,41.378151260504204,87840.52812999999,92.26946232142856,0,952,38378.42,38378.42,40.31346638655462,298,0,5.0,5.0,57,0,0,952,844,13
"{""algorithm"":""fixed_time"",""algorithm_params"":{},""disturbance"":null,""duration_seconds"":3600.0,""flow_multiplier"":1.25,""scene_id"":""7"",""seed"":44,""warmup_seconds"":600.0}",7,7,fixed_time,1.25,44,normal,,,,,,3600.0,600.0,,none,{},9f6ace5ca36d,completed,,F:\challenge-cup\output\runs\formal\runs\i7\fixed_time\x1.25\s44\9f6ace5ca36d,31.581687763713077,31.581687763713077,1.3333333333333335,1.3333333333333335,41.75,41.75,87950.11804,92.77438611814347,0,948,38426.25,38426.25,40.534018987341774,249,0,5.0,5.0,45,0,0,948,875,13
"{""algorithm"":""classic_maxpressure"",""algorithm_params"":{},""disturbance"":null,""duration_seconds"":3600.0,""flow_multiplier"":1.0,""scene_id"":""7"",""seed"":42,""warmup_seconds"":600.0}",7,7,classic_maxpressure,1.0,42,normal,,,,,,3600.0,600.0,,none,{},dcdbe0632f0c,completed,,F:\challenge-cup\output\runs\formal\runs\i7\classic_maxpressure\x1\s42\dcdbe0632f0c,27.606796973518282,27.606796973518282,2.1333333333333333,2.1333333333333333,37.75283732660782,37.75283732660782,70920.39092,89.43302764186633,0,793,30985.72,30985.72,39.074047919293825,282,0,6.0,6.0,64,0,0,793,1208,9
"{""algorithm"":""classic_maxpressure"",""algorithm_params"":{},""disturbance"":null,""duration_seconds"":3600.0,""flow_multiplier"":1.0,""scene_id"":""7"",""seed"":43,""warmup_seconds"":600.0}",7,7,classic_maxpressure,1.0,43,normal,,,,,,3600.0,600.0,,none,{},b62a74cc3c1d,completed,,F:\challenge-cup\output\runs\formal\runs\i7\classic_maxpressure\x1\s43\b62a74cc3c1d,27.678230088495575,27.678230088495575,1.1333333333333333,1.1333333333333333,37.83438685208597,37.83438685208597,71104.48562,89.89189079646019,0,791,31066.07,31066.07,39.27442477876106,321,0,6.0,6.0,60,0,0,791,1229,10
"{""algorithm"":""classic_maxpressure"",""algorithm_params"":{},""disturbance"":null,""duration_seconds"":3600.0,""flow_multiplier"":1.0,""scene_id"":""7"",""seed"":44,""warmup_seconds"":600.0}",7,7,classic_maxpressure,1.0,44,normal,,,,,,3600.0,600.0,,none,{},5fd0200c3e02,completed,,F:\challenge-cup\output\runs\formal\runs\i7\classic_maxpressure\x1\s44\5fd0200c3e02,27.1359022556391,27.1359022556391,1.3333333333333333,1.3333333333333333,37.288220551378444,37.288220551378444,70410.18925,88.23331986215538,0,798,30762.81,30762.81,38.549887218045114,279,0,6.0,6.0,62,0,0,798,1206,9
"{""algorithm"":""classic_maxpressure"",""algorithm_params"":{},""disturbance"":null,""duration_seconds"":3600.0,""flow_multiplier"":1.25,""scene_id"":""7"",""seed"":42,""warmup_seconds"":600.0}",7,7,classic_maxpressure,1.25,42,normal,,,,,,3600.0,600.0,,none,{},002232419d88,completed,,F:\challenge-cup\output\runs\formal\runs\i7\classic_maxpressure\x1.25\s42\002232419d88,30.50478409090909,30.50478409090909,1.9333333333333331,1.9333333333333331,40.64431818181818,40.64431818181818,84679.85179,96.22710430681818,0,880,36997.34,36997.34,42.04243181818181,314,0,6.0,6.0,56,0,0,880,1477,11
"{""algorithm"":""classic_maxpressure"",""algorithm_params"":{},""disturbance"":null,""duration_seconds"":3600.0,""flow_multiplier"":1.25,""scene_id"":""7"",""seed"":43,""warmup_seconds"":600.0}",7,7,classic_maxpressure,1.25,43,normal,,,,,,3600.0,600.0,,none,{},50ee509ad3fa,completed,,F:\challenge-cup\output\runs\formal\runs\i7\classic_maxpressure\x1.25\s43\50ee509ad3fa,31.32453619909502,31.32453619909502,2.333333333333333,2.333333333333333,41.47171945701358,41.47171945701358,86296.32355,97.62027550904978,0,884,37703.76,37703.76,42.65131221719457,283,0,6.0,6.0,49,0,0,884,1485,12
"{""algorithm"":""classic_maxpressure"",""algorithm_params"":{},""disturbance"":null,""duration_seconds"":3600.0,""flow_multiplier"":1.25,""scene_id"":""7"",""seed"":44,""warmup_seconds"":600.0}",7,7,classic_maxpressure,1.25,44,normal,,,,,,3600.0,600.0,,none,{},9334bdc3f7da,completed,,F:\challenge-cup\output\runs\formal\runs\i7\classic_maxpressure\x1.25\s44\9334bdc3f7da,30.318690744920993,30.318690744920993,2.1333333333333337,2.1333333333333337,40.49548532731377,40.49548532731377,84821.50507,95.73533303611738,0,886,37059.32,37059.32,41.82767494356659,303,0,6.0,6.0,52,0,0,886,1465,11
"{""algorithm"":""capacity_aware_maxpressure"",""algorithm_params"":{},""disturbance"":null,""duration_seconds"":3600.0,""flow_multiplier"":1.0,""scene_id"":""7"",""seed"":42,""warmup_seconds"":600.0}",7,7,capacity_aware_maxpressure,1.0,42,normal,,,,,,3600.0,600.0,,none,{},744695cd8106,completed,,F:\challenge-cup\output\runs\formal\runs\i7\capacity_aware_maxpressure\x1\s42\744695cd8106,27.10009975062344,27.10009975062344,1.4,1.4,37.23067331670823,37.23067331670823,71218.428,88.80103241895262,0,802,31116.01,31116.01,38.7980174563591,296,0,5.0,5.0,73,0,0,802,1208,9
"{""algorithm"":""capacity_aware_maxpressure"",""algorithm_params"":{},""disturbance"":null,""duration_seconds"":3600.0,""flow_multiplier"":1.0,""scene_id"":""7"",""seed"":43,""warmup_seconds"":600.0}",7,7,capacity_aware_maxpressure,1.0,43,normal,,,,,,3600.0,600.0,,none,{},44d159de889a,completed,,F:\challenge-cup\output\runs\formal\runs\i7\capacity_aware_maxpressure\x1\s43\44d159de889a,27.158485607008764,27.158485607008764,1.4,1.4,37.26908635794744,37.26908635794744,70793.52887000001,88.60266441802254,0,799,30930.26,30930.26,38.7112140175219,268,0,6.0,6.0,65,0,0,799,1235,8
"{""algorithm"":""capacity_aware_maxpressure"",""algorithm_params"":{},""disturbance"":null,""duration_seconds"":3600.0,""flow_multiplier"":1.0,""scene_id"":""7"",""seed"":44,""warmup_seconds"":600.0}",7,7,capacity_aware_maxpressure,1.0,44,normal,,,,,,3600.0,600.0,,none,{},c29ef6263bb7,completed,,F:\challenge-cup\output\runs\formal\runs\i7\capacity_aware_maxpressure\x1\s44\c29ef6263bb7,28.397190721649487,28.397190721649487,2.1333333333333333,2.1333333333333333,38.54639175257732,38.54639175257732,70352.26914,90.6601406443299,0,776,30737.33,30737.33,39.60996134020619,294,0,6.0,6.0,61,0,0,776,1240,9
"{""algorithm"":""capacity_aware_maxpressure"",""algorithm_params"":{},""disturbance"":null,""duration_seconds"":3600.0,""flow_multiplier"":1.25,""scene_id"":""7"",""seed"":42,""warmup_seconds"":600.0}",7,7,capacity_aware_maxpressure,1.25,42,normal,,,,,,3600.0,600.0,,none,{},7053c8eb33ca,completed,,F:\challenge-cup\output\runs\formal\runs\i7\capacity_aware_maxpressure\x1.25\s42\7053c8eb33ca,33.45165909090909,33.45165909090909,2.0,2.0,43.5875,43.5875,88145.84279000001,100.16573044318183,0,880,38511.78,38511.78,43.763386363636364,258,0,6.0,6.0,48,0,0,880,1567,15
"{""algorithm"":""capacity_aware_maxpressure"",""algorithm_params"":{},""disturbance"":null,""duration_seconds"":3600.0,""flow_multiplier"":1.25,""scene_id"":""7"",""seed"":43,""warmup_seconds"":600.0}",7,7,capacity_aware_maxpressure,1.25,43,normal,,,,,,3600.0,600.0,,none,{},61926cf71b96,completed,,F:\challenge-cup\output\runs\formal\runs\i7\capacity_aware_maxpressure\x1.25\s43\61926cf71b96,35.85020524515394,35.85020524515394,2.1333333333333333,2.1333333333333333,46.010262257696695,46.010262257696695,90878.11465999999,103.62384795895096,0,877,39705.61,39705.61,45.27435575826682,259,0,6.0,6.0,33,0,0,877,1646,13
"{""algorithm"":""capacity_aware_maxpressure"",""algorithm_params"":{},""disturbance"":null,""duration_seconds"":3600.0,""flow_multiplier"":1.25,""scene_id"":""7"",""seed"":44,""warmup_seconds"":600.0}",7,7,capacity_aware_maxpressure,1.25,44,normal,,,,,,3600.0,600.0,,none,{},b3f72ccba674,completed,,F:\challenge-cup\output\runs\formal\runs\i7\capacity_aware_maxpressure\x1.25\s44\b3f72ccba674,35.2022247446084,35.2022247446084,2.1333333333333337,2.1333333333333337,45.3938706015891,45.3938706015891,90757.79897,103.01679792281499,0,881,39652.84,39652.84,45.00889897843359,267,0,6.0,6.0,39,0,0,881,1634,13
"{""algorithm"":""fixed_time"",""algorithm_params"":{},""disturbance"":null,""duration_seconds"":3600.0,""flow_multiplier"":1.0,""scene_id"":""8"",""seed"":42,""warmup_seconds"":600.0}",8,8,fixed_time,1.0,42,normal,,,,,,3600.0,600.0,,none,{},f1930f829632,completed,,F:\challenge-cup\output\runs\formal\runs\i8\fixed_time\x1\s42\f1930f829632,53.414676156583624,53.414676156583624,1.9166666666666667,1.9166666666666667,64.31316725978648,64.31316725978648,181087.98699,128.88824696797153,0,1405,79119.61,79119.61,56.312889679715305,518,0,11.0,11.0,61,0,0,1405,1167,32
"{""algorithm"":""fixed_time"",""algorithm_params"":{},""disturbance"":null,""duration_seconds"":3600.0,""flow_multiplier"":1.0,""scene_id"":""8"",""seed"":43,""warmup_seconds"":600.0}",8,8,fixed_time,1.0,43,normal,,,,,,3600.0,600.0,,none,{},836fa96bdfeb,completed,,F:\challenge-cup\output\runs\formal\runs\i8\fixed_time\x1\s43\836fa96bdfeb,52.70365905848787,52.70365905848787,1.8333333333333333,1.8333333333333333,63.570613409415124,63.570613409415124,178810.68109,127.53971547075606,0,1402,78124.7,78124.7,55.723751783166904,503,0,11.0,11.0,62,0,0,1402,1158,32
"{""algorithm"":""fixed_time"",""algorithm_params"":{},""disturbance"":null,""duration_seconds"":3600.0,""flow_multiplier"":1.0,""scene_id"":""8"",""seed"":44,""warmup_seconds"":600.0}",8,8,fixed_time,1.0,44,normal,,,,,,3600.0,600.0,,none,{},a66502160532,completed,,F:\challenge-cup\output\runs\formal\runs\i8\fixed_time\x1\s44\a66502160532,52.75575196008553,52.75575196008553,1.9166666666666667,1.9166666666666667,63.682109764789736,63.682109764789736,179097.70249,127.65338737704917,0,1403,78250.14,78250.14,55.77344262295082,530,0,11.0,11.0,59,0,0,1403,1151,33
"{""algorithm"":""fixed_time"",""algorithm_params"":{},""disturbance"":null,""duration_seconds"":3600.0,""flow_multiplier"":1.25,""scene_id"":""8"",""seed"":42,""warmup_seconds"":600.0}",8,8,fixed_time,1.25,42,normal,,,,,,3600.0,600.0,,none,{},8259e9913d39,completed,,F:\challenge-cup\output\runs\formal\runs\i8\fixed_time\x1.25\s42\8259e9913d39,52.52519016968988,52.52519016968988,2.4,2.4,63.44763019309538,63.44763019309538,217191.13595,127.08667990052662,0,1709,94893.82,94893.82,55.52593329432417,603,0,11.0,11.0,66,0,0,1709,1378,38
"{""algorithm"":""fixed_time"",""algorithm_params"":{},""disturbance"":null,""duration_seconds"":3600.0,""flow_multiplier"":1.25,""scene_id"":""8"",""seed"":43,""warmup_seconds"":600.0}",8,8,fixed_time,1.25,43,normal,,,,,,3600.0,600.0,,none,{},91695f70a56e,completed,,F:\challenge-cup\output\runs\formal\runs\i8\fixed_time\x1.25\s43\91695f70a56e,52.66158294392524,52.66158294392524,2.416666666666667,2.416666666666667,63.52570093457944,63.52570093457944,218204.77328999998,127.45605916471962,0,1712,95336.7,95336.7,55.68732476635514,578,0,11.0,11.0,66,0,0,1712,1376,37
"{""algorithm"":""fixed_time"",""algorithm_params"":{},""disturbance"":null,""duration_seconds"":3600.0,""flow_multiplier"":1.25,""scene_id"":""8"",""seed"":44,""warmup_seconds"":600.0}",8,8,fixed_time,1.25,44,normal,,,,,,3600.0,600.0,,none,{},6274c09abb8c,completed,,F:\challenge-cup\output\runs\formal\runs\i8\fixed_time\x1.25\s44\6274c09abb8c,52.60260768335274,52.60260768335274,2.433333333333333,2.433333333333333,63.49476135040745,63.49476135040745,218544.31813,127.20856701396973,0,1718,95484.8,95484.8,55.579045401629806,552,0,11.0,11.0,64,0,0,1718,1380,36
"{""algorithm"":""classic_maxpressure"",""algorithm_params"":{},""disturbance"":null,""duration_seconds"":3600.0,""flow_multiplier"":1.0,""scene_id"":""8"",""seed"":42,""warmup_seconds"":600.0}",8,8,classic_maxpressure,1.0,42,normal,,,,,,3600.0,600.0,,none,{},04988759def3,completed,,F:\challenge-cup\output\runs\formal\runs\i8\classic_maxpressure\x1\s42\04988759def3,37.18060175794456,37.18060175794456,1.3333333333333333,1.3333333333333333,48.01622718052738,48.01622718052738,157448.70886,106.45619260311022,0,1479,68791.14,68791.14,46.51192697768763,676,0,7.0,7.0,100,0,0,1479,1439,23
"{""algorithm"":""classic_maxpressure"",""algorithm_params"":{},""disturbance"":null,""duration_seconds"":3600.0,""flow_multiplier"":1.0,""scene_id"":""8"",""seed"":43,""warmup_seconds"":600.0}",8,8,classic_maxpressure,1.0,43,normal,,,,,,3600.0,600.0,,none,{},cf39bf405d95,completed,,F:\challenge-cup\output\runs\formal\runs\i8\classic_maxpressure\x1\s43\cf39bf405d95,35.829083557951485,35.829083557951485,1.2666666666666666,1.2666666666666666,46.65363881401617,46.65363881401617,154803.29939,104.3148917722372,0,1484,67635.33,67635.33,45.576367924528306,615,0,7.0,7.0,92,0,0,1484,1414,24
"{""algorithm"":""classic_maxpressure"",""algorithm_params"":{},""disturbance"":null,""duration_seconds"":3600.0,""flow_multiplier"":1.0,""scene_id"":""8"",""seed"":44,""warmup_seconds"":600.0}",8,8,classic_maxpressure,1.0,44,normal,,,,,,3600.0,600.0,,none,{},f0362219a9a6,completed,,F:\challenge-cup\output\runs\formal\runs\i8\classic_maxpressure\x1\s44\f0362219a9a6,35.90731002017485,35.90731002017485,1.3666666666666667,1.3666666666666667,46.74445191661063,46.74445191661063,155922.58646000002,104.85715296570277,0,1487,68123.97,68123.97,45.8130262273033,640,0,7.0,7.0,94,0,0,1487,1424,22
"{""algorithm"":""classic_maxpressure"",""algorithm_params"":{},""disturbance"":null,""duration_seconds"":3600.0,""flow_multiplier"":1.25,""scene_id"":""8"",""seed"":42,""warmup_seconds"":600.0}",8,8,classic_maxpressure,1.25,42,normal,,,,,,3600.0,600.0,,none,{},914d6f30adf1,completed,,F:\challenge-cup\output\runs\formal\runs\i8\classic_maxpressure\x1.25\s42\914d6f30adf1,49.7613963963964,49.7613963963964,2.1333333333333333,2.1333333333333333,60.609234234234236,60.609234234234236,222874.079,125.49216159909909,0,1776,97376.33,97376.33,54.82901463963964,667,0,7.0,7.0,75,0,0,1776,2020,33
"{""algorithm"":""classic_maxpressure"",""algorithm_params"":{},""disturbance"":null,""duration_seconds"":3600.0,""flow_multiplier"":1.25,""scene_id"":""8"",""seed"":43,""warmup_seconds"":600.0}",8,8,classic_maxpressure,1.25,43,normal,,,,,,3600.0,600.0,,none,{},56fe872618ba,completed,,F:\challenge-cup\output\runs\formal\runs\i8\classic_maxpressure\x1.25\s43\56fe872618ba,49.908447694038244,49.908447694038244,2.1333333333333337,2.1333333333333337,60.73565804274466,60.73565804274466,223351.18634000001,125.61933989876266,0,1778,97584.96,97584.96,54.88467941507312,676,0,7.0,7.0,71,0,0,1778,2023,35
"{""algorithm"":""classic_maxpressure"",""algorithm_params"":{},""disturbance"":null,""duration_seconds"":3600.0,""flow_multiplier"":1.25,""scene_id"":""8"",""seed"":44,""warmup_seconds"":600.0}",8,8,classic_maxpressure,1.25,44,normal,,,,,,3600.0,600.0,,none,{},7cae54026b77,completed,,F:\challenge-cup\output\runs\formal\runs\i8\classic_maxpressure\x1.25\s44\7cae54026b77,50.161637689287716,50.161637689287716,2.0833333333333335,2.0833333333333335,61.0089736399327,61.0089736399327,224770.45272,126.06306938867078,0,1783,98204.92,98204.92,55.078474481211444,640,0,7.0,7.0,70,0,0,1783,2040,32
"{""algorithm"":""capacity_aware_maxpressure"",""algorithm_params"":{},""disturbance"":null,""duration_seconds"":3600.0,""flow_multiplier"":1.0,""scene_id"":""8"",""seed"":42,""warmup_seconds"":600.0}",8,8,capacity_aware_maxpressure,1.0,42,normal,,,,,,3600.0,600.0,,none,{},0718448459c5,completed,,F:\challenge-cup\output\runs\formal\runs\i8\capacity_aware_maxpressure\x1\s42\0718448459c5,37.18060175794456,37.18060175794456,1.3333333333333333,1.3333333333333333,48.01622718052738,48.01622718052738,157448.70886,106.45619260311022,0,1479,68791.14,68791.14,46.51192697768763,676,0,7.0,7.0,100,0,0,1479,1439,23
"{""algorithm"":""capacity_aware_maxpressure"",""algorithm_params"":{},""disturbance"":null,""duration_seconds"":3600.0,""flow_multiplier"":1.0,""scene_id"":""8"",""seed"":43,""warmup_seconds"":600.0}",8,8,capacity_aware_maxpressure,1.0,43,normal,,,,,,3600.0,600.0,,none,{},aa93346e8946,completed,,F:\challenge-cup\output\runs\formal\runs\i8\capacity_aware_maxpressure\x1\s43\aa93346e8946,35.829083557951485,35.829083557951485,1.2666666666666666,1.2666666666666666,46.65363881401617,46.65363881401617,154803.29939,104.3148917722372,0,1484,67635.33,67635.33,45.576367924528306,615,0,7.0,7.0,92,0,0,1484,1414,24
"{""algorithm"":""capacity_aware_maxpressure"",""algorithm_params"":{},""disturbance"":null,""duration_seconds"":3600.0,""flow_multiplier"":1.0,""scene_id"":""8"",""seed"":44,""warmup_seconds"":600.0}",8,8,capacity_aware_maxpressure,1.0,44,normal,,,,,,3600.0,600.0,,none,{},2401bd9fc603,completed,,F:\challenge-cup\output\runs\formal\runs\i8\capacity_aware_maxpressure\x1\s44\2401bd9fc603,35.90731002017485,35.90731002017485,1.3666666666666667,1.3666666666666667,46.74445191661063,46.74445191661063,155922.58646000002,104.85715296570277,0,1487,68123.97,68123.97,45.8130262273033,640,0,7.0,7.0,94,0,0,1487,1424,22
"{""algorithm"":""capacity_aware_maxpressure"",""algorithm_params"":{},""disturbance"":null,""duration_seconds"":3600.0,""flow_multiplier"":1.25,""scene_id"":""8"",""seed"":42,""warmup_seconds"":600.0}",8,8,capacity_aware_maxpressure,1.25,42,normal,,,,,,3600.0,600.0,,none,{},df6eec72fb80,completed,,F:\challenge-cup\output\runs\formal\runs\i8\capacity_aware_maxpressure\x1.25\s42\df6eec72fb80,49.7613963963964,49.7613963963964,2.1333333333333333,2.1333333333333333,60.609234234234236,60.609234234234236,222874.079,125.49216159909909,0,1776,97376.33,97376.33,54.82901463963964,667,0,7.0,7.0,75,0,0,1776,2020,33
"{""algorithm"":""capacity_aware_maxpressure"",""algorithm_params"":{},""disturbance"":null,""duration_seconds"":3600.0,""flow_multiplier"":1.25,""scene_id"":""8"",""seed"":43,""warmup_seconds"":600.0}",8,8,capacity_aware_maxpressure,1.25,43,normal,,,,,,3600.0,600.0,,none,{},786b791569ca,completed,,F:\challenge-cup\output\runs\formal\runs\i8\capacity_aware_maxpressure\x1.25\s43\786b791569ca,49.908447694038244,49.908447694038244,2.1333333333333337,2.1333333333333337,60.73565804274466,60.73565804274466,223351.18634000001,125.61933989876266,0,1778,97584.96,97584.96,54.88467941507312,676,0,7.0,7.0,71,0,0,1778,2023,35
"{""algorithm"":""capacity_aware_maxpressure"",""algorithm_params"":{},""disturbance"":null,""duration_seconds"":3600.0,""flow_multiplier"":1.25,""scene_id"":""8"",""seed"":44,""warmup_seconds"":600.0}",8,8,capacity_aware_maxpressure,1.25,44,normal,,,,,,3600.0,600.0,,none,{},169096a2655f,completed,,F:\challenge-cup\output\runs\formal\runs\i8\capacity_aware_maxpressure\x1.25\s44\169096a2655f,50.161637689287716,50.161637689287716,2.0833333333333335,2.0833333333333335,61.0089736399327,61.0089736399327,224770.45272,126.06306938867078,0,1783,98204.92,98204.92,55.078474481211444,640,0,7.0,7.0,70,0,0,1783,2040,32
"{""algorithm"":""fixed_time"",""algorithm_params"":{},""disturbance"":null,""duration_seconds"":3600.0,""flow_multiplier"":1.0,""scene_id"":""9"",""seed"":42,""warmup_seconds"":600.0}",9,9,fixed_time,1.0,42,normal,,,,,,3600.0,600.0,,none,{},626553ee413e,completed,,F:\challenge-cup\output\runs\formal\runs\i9\fixed_time\x1\s42\626553ee413e,57.0639358372457,57.0639358372457,5.857142857142857,5.857142857142857,70.19170579029733,70.19170579029733,178296.34312,139.512005571205,0,1278,77900.05,77900.05,60.954655712050084,378,0,10.0,10.0,22,0,10,1278,1398,38
"{""algorithm"":""fixed_time"",""algorithm_params"":{},""disturbance"":null,""duration_seconds"":3600.0,""flow_multiplier"":1.0,""scene_id"":""9"",""seed"":43,""warmup_seconds"":600.0}",9,9,fixed_time,1.0,43,normal,,,,,,3600.0,600.0,,none,{},34569e2f25b7,completed,,F:\challenge-cup\output\runs\formal\runs\i9\fixed_time\x1\s43\34569e2f25b7,57.24164586583463,57.24164586583463,5.885714285714286,5.885714285714286,70.2808112324493,70.2808112324493,179646.80663,140.13011437597504,0,1282,78490.14,78490.14,61.22475819032761,415,0,10.0,10.0,24,0,10,1282,1438,38
"{""algorithm"":""fixed_time"",""algorithm_params"":{},""disturbance"":null,""duration_seconds"":3600.0,""flow_multiplier"":1.0,""scene_id"":""9"",""seed"":44,""warmup_seconds"":600.0}",9,9,fixed_time,1.0,44,normal,,,,,,3600.0,600.0,,none,{},edcce28439e7,completed,,F:\challenge-cup\output\runs\formal\runs\i9\fixed_time\x1\s44\edcce28439e7,57.18178543461237,57.18178543461237,5.885714285714286,5.885714285714286,70.29052466718872,70.29052466718872,178342.8927,139.6577076742365,0,1277,77920.33,77920.33,61.01826938136257,381,0,10.0,10.0,32,0,10,1277,1405,38
"{""algorithm"":""fixed_time"",""algorithm_params"":{},""disturbance"":null,""duration_seconds"":3600.0,""flow_multiplier"":1.25,""scene_id"":""9"",""seed"":42,""warmup_seconds"":600.0}",9,9,fixed_time,1.25,42,normal,,,,,,3600.0,600.0,,none,{},d8ba5c63d67f,completed,,F:\challenge-cup\output\runs\formal\runs\i9\fixed_time\x1.25\s42\d8ba5c63d67f,62.919311957247835,62.919311957247835,7.628571428571428,7.628571428571428,76.08483633934536,76.08483633934536,220982.61335,147.61697618570474,0,1497,96550.28,96550.28,64.4958450233801,363,0,10.0,10.0,24,0,10,1497,1696,54
"{""algorithm"":""fixed_time"",""algorithm_params"":{},""disturbance"":null,""duration_seconds"":3600.0,""flow_multiplier"":1.25,""scene_id"":""9"",""seed"":43,""warmup_seconds"":600.0}",9,9,fixed_time,1.25,43,normal,,,,,,3600.0,600.0,,none,{},e45194e76610,completed,,F:\challenge-cup\output\runs\formal\runs\i9\fixed_time\x1.25\s43\e45194e76610,63.92430574098798,63.92430574098798,7.685714285714286,7.685714285714286,77.05073431241655,77.05073431241655,223758.17531,149.37127857810412,0,1498,97762.93,97762.93,65.262303070761,330,0,10.0,10.0,24,0,10,1498,1726,56
"{""algorithm"":""fixed_time"",""algorithm_params"":{},""disturbance"":null,""duration_seconds"":3600.0,""flow_multiplier"":1.25,""scene_id"":""9"",""seed"":44,""warmup_seconds"":600.0}",9,9,fixed_time,1.25,44,normal,,,,,,3600.0,600.0,,none,{},1aab8fb54894,completed,,F:\challenge-cup\output\runs\formal\runs\i9\fixed_time\x1.25\s44\1aab8fb54894,64.432131039047,64.432131039047,7.914285714285714,7.914285714285714,77.57974851091993,77.57974851091993,226343.96475,149.79746178027798,0,1511,98892.92,98892.92,65.44865651886168,326,0,10.0,10.0,16,0,10,1511,1706,52
"{""algorithm"":""classic_maxpressure"",""algorithm_params"":{},""disturbance"":null,""duration_seconds"":3600.0,""flow_multiplier"":1.0,""scene_id"":""9"",""seed"":42,""warmup_seconds"":600.0}",9,9,classic_maxpressure,1.0,42,normal,,,,,,3600.0,600.0,,none,{},6f04cd4a23f0,completed,,F:\challenge-cup\output\runs\formal\runs\i9\classic_maxpressure\x1\s42\6f04cd4a23f0,71.22192090395481,71.22192090395481,5.514285714285714,5.514285714285714,84.33414043583535,84.33414043583535,200628.95199,161.9281291283293,0,1239,87657.43,87657.43,70.74853107344632,404,0,11.0,11.0,5,0,10,1239,1999,51
"{""algorithm"":""classic_maxpressure"",""algorithm_params"":{},""disturbance"":null,""duration_seconds"":3600.0,""flow_multiplier"":1.0,""scene_id"":""9"",""seed"":43,""warmup_seconds"":600.0}",9,9,classic_maxpressure,1.0,43,normal,,,,,,3600.0,600.0,,none,{},484b7d5cb98b,completed,,F:\challenge-cup\output\runs\formal\runs\i9\classic_maxpressure\x1\s43\484b7d5cb98b,68.08554471544716,68.08554471544716,5.942857142857143,5.942857142857143,81.12845528455284,81.12845528455284,193886.09659,157.6309728373984,0,1230,84711.51,84711.51,68.87114634146342,436,0,13.0,13.0,11,0,10,1230,1992,55
"{""algorithm"":""classic_maxpressure"",""algorithm_params"":{},""disturbance"":null,""duration_seconds"":3600.0,""flow_multiplier"":1.0,""scene_id"":""9"",""seed"":44,""warmup_seconds"":600.0}",9,9,classic_maxpressure,1.0,44,normal,,,,,,3600.0,600.0,,none,{},a874eb61fa7f,completed,,F:\challenge-cup\output\runs\formal\runs\i9\classic_maxpressure\x1\s44\a874eb61fa7f,66.31548751007253,66.31548751007253,5.657142857142857,5.657142857142857,79.4464141821112,79.4464141821112,191839.57649,154.58467082191783,0,1241,83817.33,83817.33,67.54015310233683,448,0,13.0,13.0,6,0,10,1241,1861,51
"{""algorithm"":""classic_maxpressure"",""algorithm_params"":{},""disturbance"":null,""duration_seconds"":3600.0,""flow_multiplier"":1.25,""scene_id"":""9"",""seed"":42,""warmup_seconds"":600.0}",9,9,classic_maxpressure,1.25,42,normal,,,,,,3600.0,600.0,,none,{},d44e92e368bf,completed,,F:\challenge-cup\output\runs\formal\runs\i9\classic_maxpressure\x1.25\s42\d44e92e368bf,71.16274342105262,71.16274342105262,5.428571428571429,5.428571428571429,84.28815789473684,84.28815789473684,242345.5043,159.4378317763158,0,1520,105884.17,105884.17,69.66063815789474,362,0,13.0,13.0,9,0,10,1520,2213,51
"{""algorithm"":""classic_maxpressure"",""algorithm_params"":{},""disturbance"":null,""duration_seconds"":3600.0,""flow_multiplier"":1.25,""scene_id"":""9"",""seed"":43,""warmup_seconds"":600.0}",9,9,classic_maxpressure,1.25,43,normal,,,,,,3600.0,600.0,,none,{},a2a404101886,completed,,F:\challenge-cup\output\runs\formal\runs\i9\classic_maxpressure\x1.25\s43\a2a404101886,66.3782821685173,66.3782821685173,5.628571428571428,5.628571428571428,79.46048334421947,79.46048334421947,234720.26784000001,153.31173601567605,0,1531,102552.28,102552.28,66.98385369039843,384,0,13.0,13.0,15,0,10,1531,2197,49
"{""algorithm"":""classic_maxpressure"",""algorithm_params"":{},""disturbance"":null,""duration_seconds"":3600.0,""flow_multiplier"":1.25,""scene_id"":""9"",""seed"":44,""warmup_seconds"":600.0}",9,9,classic_maxpressure,1.25,44,normal,,,,,,3600.0,600.0,,none,{},0885ea341eb1,completed,,F:\challenge-cup\output\runs\formal\runs\i9\classic_maxpressure\x1.25\s44\0885ea341eb1,70.93863606557377,70.93863606557377,5.2,5.2,84.04655737704918,84.04655737704918,243526.98152,159.689823947541,0,1525,106400.36,106400.36,69.77072786885246,348,0,13.0,13.0,10,0,10,1525,2254,54
"{""algorithm"":""capacity_aware_maxpressure"",""algorithm_params"":{},""disturbance"":null,""duration_seconds"":3600.0,""flow_multiplier"":1.0,""scene_id"":""9"",""seed"":42,""warmup_seconds"":600.0}",9,9,capacity_aware_maxpressure,1.0,42,normal,,,,,,3600.0,600.0,,none,{},ace491ddaffd,completed,,F:\challenge-cup\output\runs\formal\runs\i9\capacity_aware_maxpressure\x1\s42\ace491ddaffd,84.51596930533118,84.51596930533118,6.514285714285714,6.514285714285714,97.63812600969305,97.63812600969305,223059.34961,180.17718062197093,0,1238,97457.92,97457.92,78.72206785137318,344,0,13.0,13.0,7,0,10,1238,2407,53
"{""algorithm"":""capacity_aware_maxpressure"",""algorithm_params"":{},""disturbance"":null,""duration_seconds"":3600.0,""flow_multiplier"":1.0,""scene_id"":""9"",""seed"":43,""warmup_seconds"":600.0}",9,9,capacity_aware_maxpressure,1.0,43,normal,,,,,,3600.0,600.0,,none,{},ea0a41222bcc,completed,,F:\challenge-cup\output\runs\formal\runs\i9\capacity_aware_maxpressure\x1\s43\ea0a41222bcc,74.31589153656533,74.31589153656533,5.057142857142857,5.057142857142857,87.35086277732128,87.35086277732128,202287.58559,166.21822973705835,0,1217,88382.1,88382.1,72.62292522596549,404,0,13.0,13.0,9,0,10,1217,2139,58
"{""algorithm"":""capacity_aware_maxpressure"",""algorithm_params"":{},""disturbance"":null,""duration_seconds"":3600.0,""flow_multiplier"":1.0,""scene_id"":""9"",""seed"":44,""warmup_seconds"":600.0}",9,9,capacity_aware_maxpressure,1.0,44,normal,,,,,,3600.0,600.0,,none,{},cc008b20dca6,completed,,F:\challenge-cup\output\runs\formal\runs\i9\capacity_aware_maxpressure\x1\s44\cc008b20dca6,86.04544498381877,86.04544498381877,5.571428571428571,5.571428571428571,99.14967637540452,99.14967637540452,226104.60237,182.93252618932038,0,1236,98788.4,98788.4,79.92588996763753,355,0,13.0,13.0,8,0,10,1236,2430,54
"{""algorithm"":""capacity_aware_maxpressure"",""algorithm_params"":{},""disturbance"":null,""duration_seconds"":3600.0,""flow_multiplier"":1.25,""scene_id"":""9"",""seed"":42,""warmup_seconds"":600.0}",9,9,capacity_aware_maxpressure,1.25,42,normal,,,,,,3600.0,600.0,,none,{},cccc11a72a1e,completed,,F:\challenge-cup\output\runs\formal\runs\i9\capacity_aware_maxpressure\x1.25\s42\cccc11a72a1e,86.62873807776963,86.62873807776963,6.514285714285714,6.514285714285714,99.64563462949377,99.64563462949377,249208.13756,182.83795859134264,0,1363,108882.44,108882.44,79.88440205429201,346,0,13.0,13.0,12,0,10,1363,2512,54
"{""algorithm"":""capacity_aware_maxpressure"",""algorithm_params"":{},""disturbance"":null,""duration_seconds"":3600.0,""flow_multiplier"":1.25,""scene_id"":""9"",""seed"":43,""warmup_seconds"":600.0}",9,9,capacity_aware_maxpressure,1.25,43,normal,,,,,,3600.0,600.0,,none,{},0cf3c31f13ef,completed,,F:\challenge-cup\output\runs\formal\runs\i9\capacity_aware_maxpressure\x1.25\s43\0cf3c31f13ef,86.2445109489051,86.2445109489051,5.485714285714286,5.485714285714286,99.25985401459855,99.25985401459855,249804.01265000002,182.3386953649635,0,1370,109142.95,109142.95,79.66638686131387,343,0,13.0,13.0,6,0,10,1370,2602,56
"{""algorithm"":""capacity_aware_maxpressure"",""algorithm_params"":{},""disturbance"":null,""duration_seconds"":3600.0,""flow_multiplier"":1.25,""scene_id"":""9"",""seed"":44,""warmup_seconds"":600.0}",9,9,capacity_aware_maxpressure,1.25,44,normal,,,,,,3600.0,600.0,,none,{},bf8b40092dc2,completed,,F:\challenge-cup\output\runs\formal\runs\i9\capacity_aware_maxpressure\x1.25\s44\bf8b40092dc2,80.57820113314447,80.57820113314447,5.057142857142857,5.057142857142857,93.62960339943342,93.62960339943342,245245.13366999998,173.68635529036825,0,1412,107151.18000000001,107151.18000000001,75.88610481586403,367,0,13.0,13.0,10,0,10,1412,2578,50
"{""algorithm"":""fixed_time"",""algorithm_params"":{},""disturbance"":null,""duration_seconds"":3600.0,""flow_multiplier"":1.0,""scene_id"":""10"",""seed"":42,""warmup_seconds"":600.0}",10,10,fixed_time,1.0,42,normal,,,,,,3600.0,600.0,,none,{},d63984cc0e7a,completed,,F:\challenge-cup\output\runs\formal\runs\i10\fixed_time\x1\s42\d63984cc0e7a,50.098061797752806,50.098061797752806,5.133333333333333,5.133333333333333,62.30337078651685,62.30337078651685,89333.96216,125.46904797752808,0,712,39031.04,39031.04,54.81887640449438,239,0,9.0,9.0,50,0,0,712,812,16
"{""algorithm"":""fixed_time"",""algorithm_params"":{},""disturbance"":null,""duration_seconds"":3600.0,""flow_multiplier"":1.0,""scene_id"":""10"",""seed"":43,""warmup_seconds"":600.0}",10,10,fixed_time,1.0,43,normal,,,,,,3600.0,600.0,,none,{},fa07fe5fdbea,completed,,F:\challenge-cup\output\runs\formal\runs\i10\fixed_time\x1\s43\fa07fe5fdbea,52.39806916426513,52.39806916426513,5.133333333333333,5.133333333333333,64.59510086455332,64.59510086455332,89748.38123999999,129.32043406340057,0,694,39212.22,39212.22,56.50175792507205,205,0,9.0,9.0,42,0,0,694,840,17
"{""algorithm"":""fixed_time"",""algorithm_params"":{},""disturbance"":null,""duration_seconds"":3600.0,""flow_multiplier"":1.0,""scene_id"":""10"",""seed"":44,""warmup_seconds"":600.0}",10,10,fixed_time,1.0,44,normal,,,,,,3600.0,600.0,,none,{},fe04f733a1af,completed,,F:\challenge-cup\output\runs\formal\runs\i10\fixed_time\x1\s44\fe04f733a1af,50.691059322033894,50.691059322033894,5.066666666666666,5.066666666666666,62.90677966101695,62.90677966101695,89609.47495999999,126.56705502824857,0,708,39151.51,39151.51,55.29874293785311,233,0,9.0,9.0,54,0,0,708,834,16
"{""algorithm"":""fixed_time"",""algorithm_params"":{},""disturbance"":null,""duration_seconds"":3600.0,""flow_multiplier"":1.25,""scene_id"":""10"",""seed"":42,""warmup_seconds"":600.0}",10,10,fixed_time,1.25,42,normal,,,,,,3600.0,600.0,,none,{},fc235c4f7ed4,completed,,F:\challenge-cup\output\runs\formal\runs\i10\fixed_time\x1.25\s42\fc235c4f7ed4,53.25488830486203,53.25488830486203,5.666666666666667,5.666666666666667,65.43363994743758,65.43363994743758,99347.68029999999,130.54885716162943,0,761,43406.21,43406.21,57.03838370565046,231,0,9.0,9.0,37,0,0,761,896,19
"{""algorithm"":""fixed_time"",""algorithm_params"":{},""disturbance"":null,""duration_seconds"":3600.0,""flow_multiplier"":1.25,""scene_id"":""10"",""seed"":43,""warmup_seconds"":600.0}",10,10,fixed_time,1.25,43,normal,,,,,,3600.0,600.0,,none,{},2cb90a8cfc43,completed,,F:\challenge-cup\output\runs\formal\runs\i10\fixed_time\x1.25\s43\2cb90a8cfc43,53.4117018469657,53.4117018469657,5.8,5.8,65.65039577836411,65.65039577836411,98797.54295,130.33976642480212,0,758,43165.99,43165.99,56.94721635883905,235,0,9.0,9.0,34,0,0,758,913,18
"{""algorithm"":""fixed_time"",""algorithm_params"":{},""disturbance"":null,""duration_seconds"":3600.0,""flow_multiplier"":1.25,""scene_id"":""10"",""seed"":44,""warmup_seconds"":600.0}",10,10,fixed_time,1.25,44,normal,,,,,,3600.0,600.0,,none,{},125d7b6fd3ac,completed,,F:\challenge-cup\output\runs\formal\runs\i10\fixed_time\x1.25\s44\125d7b6fd3ac,52.7473167539267,52.7473167539267,5.733333333333333,5.733333333333333,64.98298429319372,64.98298429319372,98965.76997,129.53634812827224,0,764,43239.43,43239.43,56.596112565445026,219,0,9.0,9.0,30,0,0,764,886,18
"{""algorithm"":""classic_maxpressure"",""algorithm_params"":{},""disturbance"":null,""duration_seconds"":3600.0,""flow_multiplier"":1.0,""scene_id"":""10"",""seed"":42,""warmup_seconds"":600.0}",10,10,classic_maxpressure,1.0,42,normal,,,,,,3600.0,600.0,,none,{},9c7e9497231e,completed,,F:\challenge-cup\output\runs\formal\runs\i10\classic_maxpressure\x1\s42\9c7e9497231e,38.98502652519894,38.98502652519894,1.4666666666666666,1.4666666666666666,51.176392572944295,51.176392572944295,82461.11978000001,109.3648803448276,0,754,36028.11,36028.11,47.78263925729443,271,0,8.0,8.0,70,0,0,754,1632,12
"{""algorithm"":""classic_maxpressure"",""algorithm_params"":{},""disturbance"":null,""duration_seconds"":3600.0,""flow_multiplier"":1.0,""scene_id"":""10"",""seed"":43,""warmup_seconds"":600.0}",10,10,classic_maxpressure,1.0,43,normal,,,,,,3600.0,600.0,,none,{},c45f351709a4,completed,,F:\challenge-cup\output\runs\formal\runs\i10\classic_maxpressure\x1\s43\c45f351709a4,39.306466666666665,39.306466666666665,2.066666666666667,2.066666666666667,51.49066666666667,51.49066666666667,82219.22181999999,109.62562909333332,0,750,35922.33,35922.33,47.896440000000005,256,0,10.0,10.0,51,0,0,750,1646,12
"{""algorithm"":""classic_maxpressure"",""algorithm_params"":{},""disturbance"":null,""duration_seconds"":3600.0,""flow_multiplier"":1.0,""scene_id"":""10"",""seed"":44,""warmup_seconds"":600.0}",10,10,classic_maxpressure,1.0,44,normal,,,,,,3600.0,600.0,,none,{},309936a7614e,completed,,F:\challenge-cup\output\runs\formal\runs\i10\classic_maxpressure\x1\s44\309936a7614e,39.54767379679144,39.54767379679144,1.4666666666666666,1.4666666666666666,51.76336898395722,51.76336898395722,82229.67005,109.93271397058824,0,748,35927.01,35927.01,48.03076203208556,271,0,6.0,6.0,75,0,0,748,1626,12
"{""algorithm"":""classic_maxpressure"",""algorithm_params"":{},""disturbance"":null,""duration_seconds"":3600.0,""flow_multiplier"":1.25,""scene_id"":""10"",""seed"":42,""warmup_seconds"":600.0}",10,10,classic_maxpressure,1.25,42,normal,,,,,,3600.0,600.0,,none,{},22932b429fa7,completed,,F:\challenge-cup\output\runs\formal\runs\i10\classic_maxpressure\x1.25\s42\22932b429fa7,39.20450058754407,39.20450058754407,2.333333333333333,2.333333333333333,51.387779083431255,51.387779083431255,95415.50101,112.12162280846064,0,851,41687.89,41687.89,48.98694477085781,330,0,9.0,9.0,48,0,0,851,1773,15
"{""algorithm"":""classic_maxpressure"",""algorithm_params"":{},""disturbance"":null,""duration_seconds"":3600.0,""flow_multiplier"":1.25,""scene_id"":""10"",""seed"":43,""warmup_seconds"":600.0}",10,10,classic_maxpressure,1.25,43,normal,,,,,,3600.0,600.0,,none,{},47b88a0e32e3,completed,,F:\challenge-cup\output\runs\formal\runs\i10\classic_maxpressure\x1.25\s43\47b88a0e32e3,38.95866666666667,38.95866666666667,2.0,2.0,51.149707602339184,51.149707602339184,95014.82291,111.12844784795323,0,855,41512.92,41512.92,48.553122807017544,333,0,9.0,9.0,57,0,0,855,1792,16
"{""algorithm"":""classic_maxpressure"",""algorithm_params"":{},""disturbance"":null,""duration_seconds"":3600.0,""flow_multiplier"":1.25,""scene_id"":""10"",""seed"":44,""warmup_seconds"":600.0}",10,10,classic_maxpressure,1.25,44,normal,,,,,,3600.0,600.0,,none,{},8421965f034b,completed,,F:\challenge-cup\output\runs\formal\runs\i10\classic_maxpressure\x1.25\s44\8421965f034b,40.08791027154663,40.08791027154663,1.6666666666666667,1.6666666666666667,52.27272727272727,52.27272727272727,95549.44515,112.80926227863046,0,847,41746.6,41746.6,49.28760330578512,332,0,8.0,8.0,46,0,0,847,1808,15
"{""algorithm"":""capacity_aware_maxpressure"",""algorithm_params"":{},""disturbance"":null,""duration_seconds"":3600.0,""flow_multiplier"":1.0,""scene_id"":""10"",""seed"":42,""warmup_seconds"":600.0}",10,10,capacity_aware_maxpressure,1.0,42,normal,,,,,,3600.0,600.0,,none,{},495ec85bb10f,completed,,F:\challenge-cup\output\runs\formal\runs\i10\capacity_aware_maxpressure\x1\s42\495ec85bb10f,38.55608695652174,38.55608695652174,1.5333333333333332,1.5333333333333332,50.75757575757576,50.75757575757576,82166.35362000001,108.25606537549409,0,759,35899.27,35899.27,47.29811594202898,257,0,7.0,7.0,75,0,0,759,1648,12
"{""algorithm"":""capacity_aware_maxpressure"",""algorithm_params"":{},""disturbance"":null,""duration_seconds"":3600.0,""flow_multiplier"":1.0,""scene_id"":""10"",""seed"":43,""warmup_seconds"":600.0}",10,10,capacity_aware_maxpressure,1.0,43,normal,,,,,,3600.0,600.0,,none,{},8ad08dc3b3f3,completed,,F:\challenge-cup\output\runs\formal\runs\i10\capacity_aware_maxpressure\x1\s43\8ad08dc3b3f3,38.60092715231788,38.60092715231788,1.9333333333333331,1.9333333333333331,50.76556291390728,50.76556291390728,81808.69545999999,108.35588802649005,0,755,35743.04,35743.04,47.34177483443709,268,0,8.0,8.0,62,0,0,755,1586,13
"{""algorithm"":""capacity_aware_maxpressure"",""algorithm_params"":{},""disturbance"":null,""duration_seconds"":3600.0,""flow_multiplier"":1.0,""scene_id"":""10"",""seed"":44,""warmup_seconds"":600.0}",10,10,capacity_aware_maxpressure,1.0,44,normal,,,,,,3600.0,600.0,,none,{},fef35f83bd16,completed,,F:\challenge-cup\output\runs\formal\runs\i10\capacity_aware_maxpressure\x1\s44\fef35f83bd16,38.3361629434954,38.3361629434954,1.3333333333333335,1.3333333333333335,50.54270696452037,50.54270696452037,82352.98555,108.21680098554533,0,761,35980.91,35980.91,47.28109067017083,279,0,9.0,9.0,67,0,0,761,1618,13
"{""algorithm"":""capacity_aware_maxpressure"",""algorithm_params"":{},""disturbance"":null,""duration_seconds"":3600.0,""flow_multiplier"":1.25,""scene_id"":""10"",""seed"":42,""warmup_seconds"":600.0}",10,10,capacity_aware_maxpressure,1.25,42,normal,,,,,,3600.0,600.0,,none,{},4c77aafd49f5,completed,,F:\challenge-cup\output\runs\formal\runs\i10\capacity_aware_maxpressure\x1.25\s42\4c77aafd49f5,39.618842105263155,39.618842105263155,2.4666666666666663,2.4666666666666663,51.79415204678362,51.79415204678362,96284.5959,112.61356245614036,0,855,42067.73,42067.73,49.20202339181287,330,0,8.0,8.0,55,0,0,855,1802,14
"{""algorithm"":""capacity_aware_maxpressure"",""algorithm_params"":{},""disturbance"":null,""duration_seconds"":3600.0,""flow_multiplier"":1.25,""scene_id"":""10"",""seed"":43,""warmup_seconds"":600.0}",10,10,capacity_aware_maxpressure,1.25,43,normal,,,,,,3600.0,600.0,,none,{},354961749d7a,completed,,F:\challenge-cup\output\runs\formal\runs\i10\capacity_aware_maxpressure\x1.25\s43\354961749d7a,40.207553444180526,40.207553444180526,1.6,1.6,52.403800475059384,52.403800475059384,95309.06923000001,113.19366891923991,0,842,41641.61,41641.61,49.45559382422803,335,0,5.0,5.0,47,0,0,842,1785,15
"{""algorithm"":""capacity_aware_maxpressure"",""algorithm_params"":{},""disturbance"":null,""duration_seconds"":3600.0,""flow_multiplier"":1.25,""scene_id"":""10"",""seed"":44,""warmup_seconds"":600.0}",10,10,capacity_aware_maxpressure,1.25,44,normal,,,,,,3600.0,600.0,,none,{},9b89287d2933,completed,,F:\challenge-cup\output\runs\formal\runs\i10\capacity_aware_maxpressure\x1.25\s44\9b89287d2933,41.44280285035629,41.44280285035629,2.6,2.6,53.63657957244656,53.63657957244656,97213.44567999999,115.45539866983371,0,842,42473.62,42473.62,50.44372921615202,362,0,9.0,9.0,40,0,0,842,1812,15
"{""algorithm"":""fixed_time"",""algorithm_params"":{},""disturbance"":null,""duration_seconds"":3600.0,""flow_multiplier"":1.0,""scene_id"":""11"",""seed"":42,""warmup_seconds"":600.0}",11,11,fixed_time,1.0,42,normal,,,,,,3600.0,600.0,,none,{},dac85c3375b6,completed,,F:\challenge-cup\output\runs\formal\runs\i11\fixed_time\x1\s42\dac85c3375b6,73.7426799007444,73.7426799007444,9.642000000000001,9.642000000000001,96.84342431761786,96.84342431761786,227720.29386,188.35425464019852,0,1209,99493.85,99493.85,82.2943341604632,1973,0,21.0,21.0,37,0,40,1209,1094,83
"{""algorithm"":""fixed_time"",""algorithm_params"":{},""disturbance"":null,""duration_seconds"":3600.0,""flow_multiplier"":1.0,""scene_id"":""11"",""seed"":43,""warmup_seconds"":600.0}",11,11,fixed_time,1.0,43,normal,,,,,,3600.0,600.0,,none,{},7025246ca22c,completed,,F:\challenge-cup\output\runs\formal\runs\i11\fixed_time\x1\s43\7025246ca22c,76.28932343234324,76.28932343234324,9.556000000000001,9.556000000000001,99.1920792079208,99.1920792079208,232948.50829,192.20173951320132,1,1212,101778.24,101778.24,83.97544554455446,1984,0,21.0,21.0,45,0,41,1212,1106,81
"{""algorithm"":""fixed_time"",""algorithm_params"":{},""disturbance"":null,""duration_seconds"":3600.0,""flow_multiplier"":1.0,""scene_id"":""11"",""seed"":44,""warmup_seconds"":600.0}",11,11,fixed_time,1.0,44,normal,,,,,,3600.0,600.0,,none,{},580c8af5ba5b,completed,,F:\challenge-cup\output\runs\formal\runs\i11\fixed_time\x1\s44\580c8af5ba5b,86.37419407894737,86.37419407894737,9.634,9.634,109.36562500000001,109.36562500000001,251604.68856,206.91175046052632,0,1216,109929.44,109929.44,90.4025,2075,0,21.0,21.0,42,0,40,1216,1139,81
"{""algorithm"":""fixed_time"",""algorithm_params"":{},""disturbance"":null,""duration_seconds"":3600.0,""flow_multiplier"":1.25,""scene_id"":""11"",""seed"":42,""warmup_seconds"":600.0}",11,11,fixed_time,1.25,42,normal,,,,,,3600.0,600.0,,none,{},bb8fc372b4c0,completed,,F:\challenge-cup\output\runs\formal\runs\i11\fixed_time\x1.25\s42\bb8fc372b4c0,94.95995962314939,94.95995962314939,11.082,11.082,118.00820995962316,118.00820995962316,323213.34213999996,217.50561382234184,1,1486,141216.55,141216.55,95.03132570659488,1965,0,23.0,23.0,21,0,41,1486,1412,110
"{""algorithm"":""fixed_time"",""algorithm_params"":{},""disturbance"":null,""duration_seconds"":3600.0,""flow_multiplier"":1.25,""scene_id"":""11"",""seed"":43,""warmup_seconds"":600.0}",11,11,fixed_time,1.25,43,normal,,,,,,3600.0,600.0,,none,{},2f240fb3bb7e,completed,,F:\challenge-cup\output\runs\formal\runs\i11\fixed_time\x1.25\s43\2f240fb3bb7e,95.5567946127946,95.5567946127946,11.12,11.12,118.46915824915826,118.46915824915826,324227.81383,218.33522816835017,2,1485,141659.54,141659.54,95.39362962962963,1970,0,23.0,23.0,20,0,42,1485,1407,109
"{""algorithm"":""fixed_time"",""algorithm_params"":{},""disturbance"":null,""duration_seconds"":3600.0,""flow_multiplier"":1.25,""scene_id"":""11"",""seed"":44,""warmup_seconds"":600.0}",11,11,fixed_time,1.25,44,normal,,,,,,3600.0,600.0,,none,{},1306e192d6c1,completed,,F:\challenge-cup\output\runs\formal\runs\i11\fixed_time\x1.25\s44\1306e192d6c1,93.90820323014805,93.90820323014805,11.008,11.008,116.96332436069987,116.96332436069987,320659.66839999997,215.78712543741585,1,1486,140100.55,140100.55,94.28031628532973,1898,0,23.0,23.0,32,0,41,1486,1411,108
"{""algorithm"":""classic_maxpressure"",""algorithm_params"":{},""disturbance"":null,""duration_seconds"":3600.0,""flow_multiplier"":1.0,""scene_id"":""11"",""seed"":42,""warmup_seconds"":600.0}",11,11,classic_maxpressure,1.0,42,normal,,,,,,3600.0,600.0,,none,{},5a271ac64a53,completed,,F:\challenge-cup\output\runs\formal\runs\i11\classic_maxpressure\x1\s42\5a271ac64a53,73.7426799007444,73.7426799007444,9.642000000000001,9.642000000000001,96.84342431761786,96.84342431761786,227720.29386,188.35425464019852,0,1209,99493.85,99493.85,82.2943341604632,1973,0,21.0,21.0,37,0,40,1209,1094,83
"{""algorithm"":""classic_maxpressure"",""algorithm_params"":{},""disturbance"":null,""duration_seconds"":3600.0,""flow_multiplier"":1.0,""scene_id"":""11"",""seed"":43,""warmup_seconds"":600.0}",11,11,classic_maxpressure,1.0,43,normal,,,,,,3600.0,600.0,,none,{},73b4c3c63a2d,completed,,F:\challenge-cup\output\runs\formal\runs\i11\classic_maxpressure\x1\s43\73b4c3c63a2d,76.28932343234324,76.28932343234324,9.556000000000001,9.556000000000001,99.1920792079208,99.1920792079208,232948.50829,192.20173951320132,1,1212,101778.24,101778.24,83.97544554455446,1984,0,21.0,21.0,45,0,41,1212,1106,81
"{""algorithm"":""classic_maxpressure"",""algorithm_params"":{},""disturbance"":null,""duration_seconds"":3600.0,""flow_multiplier"":1.0,""scene_id"":""11"",""seed"":44,""warmup_seconds"":600.0}",11,11,classic_maxpressure,1.0,44,normal,,,,,,3600.0,600.0,,none,{},4fad35f5d450,completed,,F:\challenge-cup\output\runs\formal\runs\i11\classic_maxpressure\x1\s44\4fad35f5d450,86.37419407894737,86.37419407894737,9.634,9.634,109.36562500000001,109.36562500000001,251604.68856,206.91175046052632,0,1216,109929.44,109929.44,90.4025,2075,0,21.0,21.0,42,0,40,1216,1139,81
"{""algorithm"":""classic_maxpressure"",""algorithm_params"":{},""disturbance"":null,""duration_seconds"":3600.0,""flow_multiplier"":1.25,""scene_id"":""11"",""seed"":42,""warmup_seconds"":600.0}",11,11,classic_maxpressure,1.25,42,normal,,,,,,3600.0,600.0,,none,{},2760762f61c3,completed,,F:\challenge-cup\output\runs\formal\runs\i11\classic_maxpressure\x1.25\s42\2760762f61c3,94.95995962314939,94.95995962314939,11.082,11.082,118.00820995962316,118.00820995962316,323213.34213999996,217.50561382234184,1,1486,141216.55,141216.55,95.03132570659488,1965,0,23.0,23.0,21,0,41,1486,1412,110
"{""algorithm"":""classic_maxpressure"",""algorithm_params"":{},""disturbance"":null,""duration_seconds"":3600.0,""flow_multiplier"":1.25,""scene_id"":""11"",""seed"":43,""warmup_seconds"":600.0}",11,11,classic_maxpressure,1.25,43,normal,,,,,,3600.0,600.0,,none,{},274182686e0e,completed,,F:\challenge-cup\output\runs\formal\runs\i11\classic_maxpressure\x1.25\s43\274182686e0e,95.5567946127946,95.5567946127946,11.12,11.12,118.46915824915826,118.46915824915826,324227.81383,218.33522816835017,2,1485,141659.54,141659.54,95.39362962962963,1970,0,23.0,23.0,20,0,42,1485,1407,109
"{""algorithm"":""classic_maxpressure"",""algorithm_params"":{},""disturbance"":null,""duration_seconds"":3600.0,""flow_multiplier"":1.25,""scene_id"":""11"",""seed"":44,""warmup_seconds"":600.0}",11,11,classic_maxpressure,1.25,44,normal,,,,,,3600.0,600.0,,none,{},eca2ec4aba4b,completed,,F:\challenge-cup\output\runs\formal\runs\i11\classic_maxpressure\x1.25\s44\eca2ec4aba4b,93.90820323014805,93.90820323014805,11.008,11.008,116.96332436069987,116.96332436069987,320659.66839999997,215.78712543741585,1,1486,140100.55,140100.55,94.28031628532973,1898,0,23.0,23.0,32,0,41,1486,1411,108
"{""algorithm"":""capacity_aware_maxpressure"",""algorithm_params"":{},""disturbance"":null,""duration_seconds"":3600.0,""flow_multiplier"":1.0,""scene_id"":""11"",""seed"":42,""warmup_seconds"":600.0}",11,11,capacity_aware_maxpressure,1.0,42,normal,,,,,,3600.0,600.0,,none,{},4a1d74e23f7c,completed,,F:\challenge-cup\output\runs\formal\runs\i11\capacity_aware_maxpressure\x1\s42\4a1d74e23f7c,76.9915,76.9915,9.328,9.328,100.0856779661017,100.0856779661017,230705.78533,195.5133773983051,0,1180,100798.27,100798.27,85.4222627118644,2071,0,21.0,21.0,44,0,40,1180,1149,113
"{""algorithm"":""capacity_aware_maxpressure"",""algorithm_params"":{},""disturbance"":null,""duration_seconds"":3600.0,""flow_multiplier"":1.0,""scene_id"":""11"",""seed"":43,""warmup_seconds"":600.0}",11,11,capacity_aware_maxpressure,1.0,43,normal,,,,,,3600.0,600.0,,none,{},f931c8d48f84,completed,,F:\challenge-cup\output\runs\formal\runs\i11\capacity_aware_maxpressure\x1\s43\f931c8d48f84,76.3280135249366,76.3280135249366,9.288,9.288,99.22755705832628,99.22755705832628,229895.65423,194.33275928148774,1,1183,100444.46,100444.46,84.9065595942519,2147,0,21.0,21.0,37,0,41,1183,1139,109
"{""algorithm"":""capacity_aware_maxpressure"",""algorithm_params"":{},""disturbance"":null,""duration_seconds"":3600.0,""flow_multiplier"":1.0,""scene_id"":""11"",""seed"":44,""warmup_seconds"":600.0}",11,11,capacity_aware_maxpressure,1.0,44,normal,,,,,,3600.0,600.0,,none,{},81ba68663acf,completed,,F:\challenge-cup\output\runs\formal\runs\i11\capacity_aware_maxpressure\x1\s44\81ba68663acf,76.07316990701607,76.07316990701607,9.354,9.354,99.07421808960271,99.07421808960271,229603.21443,194.08555742180894,0,1183,100316.6,100316.6,84.7984784446323,2093,0,21.0,21.0,51,0,40,1183,1161,109
"{""algorithm"":""capacity_aware_maxpressure"",""algorithm_params"":{},""disturbance"":null,""duration_seconds"":3600.0,""flow_multiplier"":1.25,""scene_id"":""11"",""seed"":42,""warmup_seconds"":600.0}",11,11,capacity_aware_maxpressure,1.25,42,normal,,,,,,3600.0,600.0,,none,{},9bbd4de809d4,completed,,F:\challenge-cup\output\runs\formal\runs\i11\capacity_aware_maxpressure\x1.25\s42\9bbd4de809d4,81.25934649421374,81.25934649421374,9.98,9.98,104.31320626276379,104.31320626276379,295749.65984,201.32720206943497,2,1469,129216.79,129216.79,87.96241660993873,2241,0,21.0,21.0,41,0,42,1469,1455,129
"{""algorithm"":""capacity_aware_maxpressure"",""algorithm_params"":{},""disturbance"":null,""duration_seconds"":3600.0,""flow_multiplier"":1.25,""scene_id"":""11"",""seed"":43,""warmup_seconds"":600.0}",11,11,capacity_aware_maxpressure,1.25,43,normal,,,,,,3600.0,600.0,,none,{},4e0cf7b40d17,completed,,F:\challenge-cup\output\runs\formal\runs\i11\capacity_aware_maxpressure\x1.25\s43\4e0cf7b40d17,81.26843430905377,81.26843430905377,10.016,10.016,104.2002722940776,104.2002722940776,295626.27045,201.24320656909464,0,1469,129163.06,129163.06,87.9258407079646,2252,0,21.0,21.0,37,0,40,1469,1462,129
"{""algorithm"":""capacity_aware_maxpressure"",""algorithm_params"":{},""disturbance"":null,""duration_seconds"":3600.0,""flow_multiplier"":1.25,""scene_id"":""11"",""seed"":44,""warmup_seconds"":600.0}",11,11,capacity_aware_maxpressure,1.25,44,normal,,,,,,3600.0,600.0,,none,{},b78982d4cd44,completed,,F:\challenge-cup\output\runs\formal\runs\i11\capacity_aware_maxpressure\x1.25\s44\b78982d4cd44,89.24981707317073,89.24981707317073,9.97,9.97,112.3048780487805,112.3048780487805,314636.93685,213.168656402439,0,1476,137469.12,137469.12,93.13626016260162,2317,0,21.0,21.0,39,0,40,1476,1490,126
"{""algorithm"":""fixed_time"",""algorithm_params"":{},""disturbance"":null,""duration_seconds"":3600.0,""flow_multiplier"":1.0,""scene_id"":""12"",""seed"":42,""warmup_seconds"":600.0}",12,12,fixed_time,1.0,42,normal,,,,,,3600.0,600.0,,none,{},3405b0953fe5,completed,,F:\challenge-cup\output\runs\formal\runs\i12\fixed_time\x1\s42\3405b0953fe5,128.7757924003707,128.7757924003707,16.776666666666667,16.776666666666667,157.73299351251157,157.73299351251157,300161.47806,278.1848730861909,0,1079,131145.05,131145.05,121.54314179796107,2760,0,29.0,29.0,10,0,60,1079,1205,149
"{""algorithm"":""fixed_time"",""algorithm_params"":{},""disturbance"":null,""duration_seconds"":3600.0,""flow_multiplier"":1.0,""scene_id"":""12"",""seed"":43,""warmup_seconds"":600.0}",12,12,fixed_time,1.0,43,normal,,,,,,3600.0,600.0,,none,{},bd9a4467b739,completed,,F:\challenge-cup\output\runs\formal\runs\i12\fixed_time\x1\s43\bd9a4467b739,128.70513011152417,128.70513011152417,16.938333333333333,16.938333333333333,157.42416356877322,157.42416356877322,299742.8888,278.57145799256506,0,1076,130962.09,130962.09,121.71197955390335,2713,0,29.0,29.0,6,0,60,1076,1201,145
"{""algorithm"":""fixed_time"",""algorithm_params"":{},""disturbance"":null,""duration_seconds"":3600.0,""flow_multiplier"":1.0,""scene_id"":""12"",""seed"":44,""warmup_seconds"":600.0}",12,12,fixed_time,1.0,44,normal,,,,,,3600.0,600.0,,none,{},7ae37973e9f1,completed,,F:\challenge-cup\output\runs\formal\runs\i12\fixed_time\x1\s44\7ae37973e9f1,126.93210720887247,126.93210720887247,16.88,16.88,155.72772643253234,155.72772643253234,298417.83735000005,275.80206779112757,0,1082,130383.19,130383.19,120.50202402957487,2627,0,29.0,29.0,9,0,60,1082,1203,146
"{""algorithm"":""fixed_time"",""algorithm_params"":{},""disturbance"":null,""duration_seconds"":3600.0,""flow_multiplier"":1.25,""scene_id"":""12"",""seed"":42,""warmup_seconds"":600.0}",12,12,fixed_time,1.25,42,normal,,,,,,3600.0,600.0,,none,{},c05219f2bcc8,completed,,F:\challenge-cup\output\runs\formal\runs\i12\fixed_time\x1.25\s42\c05219f2bcc8,125.16606084243371,125.16606084243371,17.583333333333332,17.583333333333332,153.92020280811232,153.92020280811232,349510.22014,272.62887686427456,0,1282,152706.28,152706.28,119.11566302652106,2746,0,29.0,29.0,10,0,60,1282,1404,147
"{""algorithm"":""fixed_time"",""algorithm_params"":{},""disturbance"":null,""duration_seconds"":3600.0,""flow_multiplier"":1.25,""scene_id"":""12"",""seed"":43,""warmup_seconds"":600.0}",12,12,fixed_time,1.25,43,normal,,,,,,3600.0,600.0,,none,{},3ca93594804f,completed,,F:\challenge-cup\output\runs\formal\runs\i12\fixed_time\x1.25\s43\3ca93594804f,123.86819314641745,123.86819314641745,17.49,17.49,152.52414330218068,152.52414330218068,347593.42918000004,270.71139344236764,0,1284,151868.56,151868.56,118.27769470404984,2784,0,29.0,29.0,9,0,60,1284,1396,148
"{""algorithm"":""fixed_time"",""algorithm_params"":{},""disturbance"":null,""duration_seconds"":3600.0,""flow_multiplier"":1.25,""scene_id"":""12"",""seed"":44,""warmup_seconds"":600.0}",12,12,fixed_time,1.25,44,normal,,,,,,3600.0,600.0,,none,{},cb6d43ddb4c7,completed,,F:\challenge-cup\output\runs\formal\runs\i12\fixed_time\x1.25\s44\cb6d43ddb4c7,124.44207782101168,124.44207782101168,17.566666666666666,17.566666666666666,153.21657587548637,153.21657587548637,348901.50947000005,271.5186844124514,0,1285,152440.24,152440.24,118.63053696498054,2826,0,29.0,29.0,12,0,60,1285,1407,149
"{""algorithm"":""classic_maxpressure"",""algorithm_params"":{},""disturbance"":null,""duration_seconds"":3600.0,""flow_multiplier"":1.0,""scene_id"":""12"",""seed"":42,""warmup_seconds"":600.0}",12,12,classic_maxpressure,1.0,42,normal,,,,,,3600.0,600.0,,none,{},8cfe89dff638,completed,,F:\challenge-cup\output\runs\formal\runs\i12\classic_maxpressure\x1\s42\8cfe89dff638,128.7757924003707,128.7757924003707,16.776666666666667,16.776666666666667,157.73299351251157,157.73299351251157,300161.47806,278.1848730861909,0,1079,131145.05,131145.05,121.54314179796107,2760,0,29.0,29.0,10,0,60,1079,1205,149
"{""algorithm"":""classic_maxpressure"",""algorithm_params"":{},""disturbance"":null,""duration_seconds"":3600.0,""flow_multiplier"":1.0,""scene_id"":""12"",""seed"":43,""warmup_seconds"":600.0}",12,12,classic_maxpressure,1.0,43,normal,,,,,,3600.0,600.0,,none,{},8cbef49cadfc,completed,,F:\challenge-cup\output\runs\formal\runs\i12\classic_maxpressure\x1\s43\8cbef49cadfc,128.70513011152417,128.70513011152417,16.938333333333333,16.938333333333333,157.42416356877322,157.42416356877322,299742.8888,278.57145799256506,0,1076,130962.09,130962.09,121.71197955390335,2713,0,29.0,29.0,6,0,60,1076,1201,145
"{""algorithm"":""classic_maxpressure"",""algorithm_params"":{},""disturbance"":null,""duration_seconds"":3600.0,""flow_multiplier"":1.0,""scene_id"":""12"",""seed"":44,""warmup_seconds"":600.0}",12,12,classic_maxpressure,1.0,44,normal,,,,,,3600.0,600.0,,none,{},13517c9eb20e,completed,,F:\challenge-cup\output\runs\formal\runs\i12\classic_maxpressure\x1\s44\13517c9eb20e,126.93210720887247,126.93210720887247,16.88,16.88,155.72772643253234,155.72772643253234,298417.83735000005,275.80206779112757,0,1082,130383.19,130383.19,120.50202402957487,2627,0,29.0,29.0,9,0,60,1082,1203,146
"{""algorithm"":""classic_maxpressure"",""algorithm_params"":{},""disturbance"":null,""duration_seconds"":3600.0,""flow_multiplier"":1.25,""scene_id"":""12"",""seed"":42,""warmup_seconds"":600.0}",12,12,classic_maxpressure,1.25,42,normal,,,,,,3600.0,600.0,,none,{},fc205d1a1853,completed,,F:\challenge-cup\output\runs\formal\runs\i12\classic_maxpressure\x1.25\s42\fc205d1a1853,125.16606084243371,125.16606084243371,17.583333333333332,17.583333333333332,153.92020280811232,153.92020280811232,349510.22014,272.62887686427456,0,1282,152706.28,152706.28,119.11566302652106,2746,0,29.0,29.0,10,0,60,1282,1404,147
"{""algorithm"":""classic_maxpressure"",""algorithm_params"":{},""disturbance"":null,""duration_seconds"":3600.0,""flow_multiplier"":1.25,""scene_id"":""12"",""seed"":43,""warmup_seconds"":600.0}",12,12,classic_maxpressure,1.25,43,normal,,,,,,3600.0,600.0,,none,{},c7710a68f037,completed,,F:\challenge-cup\output\runs\formal\runs\i12\classic_maxpressure\x1.25\s43\c7710a68f037,123.86819314641745,123.86819314641745,17.49,17.49,152.52414330218068,152.52414330218068,347593.42918000004,270.71139344236764,0,1284,151868.56,151868.56,118.27769470404984,2784,0,29.0,29.0,9,0,60,1284,1396,148
"{""algorithm"":""classic_maxpressure"",""algorithm_params"":{},""disturbance"":null,""duration_seconds"":3600.0,""flow_multiplier"":1.25,""scene_id"":""12"",""seed"":44,""warmup_seconds"":600.0}",12,12,classic_maxpressure,1.25,44,normal,,,,,,3600.0,600.0,,none,{},b74723d6342e,completed,,F:\challenge-cup\output\runs\formal\runs\i12\classic_maxpressure\x1.25\s44\b74723d6342e,124.44207782101168,124.44207782101168,17.566666666666666,17.566666666666666,153.21657587548637,153.21657587548637,348901.50947000005,271.5186844124514,0,1285,152440.24,152440.24,118.63053696498054,2826,0,29.0,29.0,12,0,60,1285,1407,149
"{""algorithm"":""capacity_aware_maxpressure"",""algorithm_params"":{},""disturbance"":null,""duration_seconds"":3600.0,""flow_multiplier"":1.0,""scene_id"":""12"",""seed"":42,""warmup_seconds"":600.0}",12,12,capacity_aware_maxpressure,1.0,42,normal,,,,,,3600.0,600.0,,none,{},79a8de6ef717,completed,,F:\challenge-cup\output\runs\formal\runs\i12\capacity_aware_maxpressure\x1\s42\79a8de6ef717,115.31583856502242,115.31583856502242,16.575,16.575,144.37291479820627,144.37291479820627,292469.60455,262.3045780717489,0,1115,127784.18,127784.18,114.60464573991031,2787,0,29.0,29.0,7,0,60,1115,1341,155
"{""algorithm"":""capacity_aware_maxpressure"",""algorithm_params"":{},""disturbance"":null,""duration_seconds"":3600.0,""flow_multiplier"":1.0,""scene_id"":""12"",""seed"":43,""warmup_seconds"":600.0}",12,12,capacity_aware_maxpressure,1.0,43,normal,,,,,,3600.0,600.0,,none,{},3ad85bd4cc92,completed,,F:\challenge-cup\output\runs\formal\runs\i12\capacity_aware_maxpressure\x1\s43\3ad85bd4cc92,116.15364779874213,116.15364779874213,16.593333333333334,16.593333333333334,144.966846361186,144.966846361186,292930.12844999996,263.1896931266846,0,1113,127985.27,127985.27,114.99125786163522,2820,0,29.0,29.0,8,0,60,1113,1345,152
"{""algorithm"":""capacity_aware_maxpressure"",""algorithm_params"":{},""disturbance"":null,""duration_seconds"":3600.0,""flow_multiplier"":1.0,""scene_id"":""12"",""seed"":44,""warmup_seconds"":600.0}",12,12,capacity_aware_maxpressure,1.0,44,normal,,,,,,3600.0,600.0,,none,{},b53c300a198c,completed,,F:\challenge-cup\output\runs\formal\runs\i12\capacity_aware_maxpressure\x1\s44\b53c300a198c,116.6354226618705,116.6354226618705,16.538333333333334,16.538333333333334,145.5121402877698,145.5121402877698,293896.73896,264.2956285611511,0,1112,128407.73,128407.73,115.47457733812949,2738,0,29.0,29.0,5,0,60,1112,1358,157
"{""algorithm"":""capacity_aware_maxpressure"",""algorithm_params"":{},""disturbance"":null,""duration_seconds"":3600.0,""flow_multiplier"":1.25,""scene_id"":""12"",""seed"":42,""warmup_seconds"":600.0}",12,12,capacity_aware_maxpressure,1.25,42,normal,,,,,,3600.0,600.0,,none,{},33961fef76ce,completed,,F:\challenge-cup\output\runs\formal\runs\i12\capacity_aware_maxpressure\x1.25\s42\33961fef76ce,124.47999244142102,124.47999244142102,17.59,17.59,153.3354497354497,153.3354497354497,362525.55486000003,274.0178041269842,0,1323,158392.74,158392.74,119.7224036281179,2841,0,29.0,29.0,11,0,60,1323,1626,153
"{""algorithm"":""capacity_aware_maxpressure"",""algorithm_params"":{},""disturbance"":null,""duration_seconds"":3600.0,""flow_multiplier"":1.25,""scene_id"":""12"",""seed"":43,""warmup_seconds"":600.0}",12,12,capacity_aware_maxpressure,1.25,43,normal,,,,,,3600.0,600.0,,none,{},42e36c79f574,completed,,F:\challenge-cup\output\runs\formal\runs\i12\capacity_aware_maxpressure\x1.25\s43\42e36c79f574,124.01328818660647,124.01328818660647,17.44333333333333,17.44333333333333,152.7645598194131,152.7645598194131,363794.16618,273.7352642437923,0,1329,158946.88,158946.88,119.59885628291948,2899,0,29.0,29.0,7,0,60,1329,1630,153
"{""algorithm"":""capacity_aware_maxpressure"",""algorithm_params"":{},""disturbance"":null,""duration_seconds"":3600.0,""flow_multiplier"":1.25,""scene_id"":""12"",""seed"":44,""warmup_seconds"":600.0}",12,12,capacity_aware_maxpressure,1.25,44,normal,,,,,,3600.0,600.0,,none,{},6f17969485fe,completed,,F:\challenge-cup\output\runs\formal\runs\i12\capacity_aware_maxpressure\x1.25\s44\6f17969485fe,123.63603007518797,123.63603007518797,17.40833333333333,17.40833333333333,152.4660902255639,152.4660902255639,362762.96796,272.7541112481203,0,1330,158496.34,158496.34,119.17018045112782,2816,0,29.0,29.0,7,0,60,1330,1636,155
"{""algorithm"":""fixed_time"",""algorithm_params"":{},""disturbance"":null,""duration_seconds"":3600.0,""flow_multiplier"":1.0,""scene_id"":""13"",""seed"":42,""warmup_seconds"":600.0}",13,13,fixed_time,1.0,42,normal,,,,,,3600.0,600.0,,none,{},795dac8286cb,completed,,F:\challenge-cup\output\runs\formal\runs\i13\fixed_time\x1\s42\795dac8286cb,41.452137566137566,41.452137566137566,7.65,7.65,108.92412698412699,108.92412698412699,211639.15118000002,223.95677373544976,0,945,92467.72,92467.72,97.84943915343915,3664,0,56.0,56.0,8,0,10,945,510,88
"{""algorithm"":""fixed_time"",""algorithm_params"":{},""disturbance"":null,""duration_seconds"":3600.0,""flow_multiplier"":1.0,""scene_id"":""13"",""seed"":43,""warmup_seconds"":600.0}",13,13,fixed_time,1.0,43,normal,,,,,,3600.0,600.0,,none,{},b184a89e3986,completed,,F:\challenge-cup\output\runs\formal\runs\i13\fixed_time\x1\s43\b184a89e3986,43.67358050847458,43.67358050847458,7.7025,7.7025,110.79205508474575,110.79205508474575,214465.01338999998,227.187514184322,0,944,93702.33,93702.33,99.26094279661017,3705,0,56.0,56.0,4,0,10,944,531,89
"{""algorithm"":""fixed_time"",""algorithm_params"":{},""disturbance"":null,""duration_seconds"":3600.0,""flow_multiplier"":1.0,""scene_id"":""13"",""seed"":44,""warmup_seconds"":600.0}",13,13,fixed_time,1.0,44,normal,,,,,,3600.0,600.0,,none,{},5015d70707c0,completed,,F:\challenge-cup\output\runs\formal\runs\i13\fixed_time\x1\s44\5015d70707c0,41.30083775185578,41.30083775185578,7.635,7.635,108.63520678685047,108.63520678685047,210619.98864,223.35099537645812,0,943,92022.38,92022.38,97.58470837751857,3655,0,56.0,56.0,11,0,10,943,506,90
"{""algorithm"":""fixed_time"",""algorithm_params"":{},""disturbance"":null,""duration_seconds"":3600.0,""flow_multiplier"":1.25,""scene_id"":""13"",""seed"":42,""warmup_seconds"":600.0}",13,13,fixed_time,1.25,42,normal,,,,,,3600.0,600.0,,none,{},4ba786dddee5,completed,,F:\challenge-cup\output\runs\formal\runs\i13\fixed_time\x1.25\s42\4ba786dddee5,66.92245887445888,66.92245887445888,9.7825,9.7825,134.46406926406925,134.46406926406925,302329.29688,261.75696699567095,0,1155,132091.46,132091.46,114.36490043290043,3917,0,56.0,56.0,7,0,10,1155,1069,107
"{""algorithm"":""fixed_time"",""algorithm_params"":{},""disturbance"":null,""duration_seconds"":3600.0,""flow_multiplier"":1.25,""scene_id"":""13"",""seed"":43,""warmup_seconds"":600.0}",13,13,fixed_time,1.25,43,normal,,,,,,3600.0,600.0,,none,{},3e2ab10e9f15,completed,,F:\challenge-cup\output\runs\formal\runs\i13\fixed_time\x1.25\s43\3e2ab10e9f15,66.34436741767763,66.34436741767763,9.6875,9.6875,133.58006932409012,133.58006932409012,300771.63887,260.63400248700174,0,1154,131410.88,131410.88,113.87424610051994,3927,0,56.0,56.0,1,0,10,1154,966,117
"{""algorithm"":""fixed_time"",""algorithm_params"":{},""disturbance"":null,""duration_seconds"":3600.0,""flow_multiplier"":1.25,""scene_id"":""13"",""seed"":44,""warmup_seconds"":600.0}",13,13,fixed_time,1.25,44,normal,,,,,,3600.0,600.0,,none,{},7a27a9daa549,completed,,F:\challenge-cup\output\runs\formal\runs\i13\fixed_time\x1.25\s44\7a27a9daa549,68.46833622183709,68.46833622183709,9.835,9.835,135.9850086655113,135.9850086655113,304075.36787,263.49685257365684,0,1154,132854.66,132854.66,115.12535528596187,3899,0,56.0,56.0,5,0,10,1154,1660,107
"{""algorithm"":""classic_maxpressure"",""algorithm_params"":{},""disturbance"":null,""duration_seconds"":3600.0,""flow_multiplier"":1.0,""scene_id"":""13"",""seed"":42,""warmup_seconds"":600.0}",13,13,classic_maxpressure,1.0,42,normal,,,,,,3600.0,600.0,,none,{},d607767aeb5a,completed,,F:\challenge-cup\output\runs\formal\runs\i13\classic_maxpressure\x1\s42\d607767aeb5a,41.452137566137566,41.452137566137566,7.65,7.65,108.92412698412699,108.92412698412699,211639.15118000002,223.95677373544976,0,945,92467.72,92467.72,97.84943915343915,3664,0,56.0,56.0,8,0,10,945,510,88
"{""algorithm"":""classic_maxpressure"",""algorithm_params"":{},""disturbance"":null,""duration_seconds"":3600.0,""flow_multiplier"":1.0,""scene_id"":""13"",""seed"":43,""warmup_seconds"":600.0}",13,13,classic_maxpressure,1.0,43,normal,,,,,,3600.0,600.0,,none,{},cb43a0428a2d,completed,,F:\challenge-cup\output\runs\formal\runs\i13\classic_maxpressure\x1\s43\cb43a0428a2d,43.67358050847458,43.67358050847458,7.7025,7.7025,110.79205508474575,110.79205508474575,214465.01338999998,227.187514184322,0,944,93702.33,93702.33,99.26094279661017,3705,0,56.0,56.0,4,0,10,944,531,89
"{""algorithm"":""classic_maxpressure"",""algorithm_params"":{},""disturbance"":null,""duration_seconds"":3600.0,""flow_multiplier"":1.0,""scene_id"":""13"",""seed"":44,""warmup_seconds"":600.0}",13,13,classic_maxpressure,1.0,44,normal,,,,,,3600.0,600.0,,none,{},cb5ce33a1b24,completed,,F:\challenge-cup\output\runs\formal\runs\i13\classic_maxpressure\x1\s44\cb5ce33a1b24,41.30083775185578,41.30083775185578,7.635,7.635,108.63520678685047,108.63520678685047,210619.98864,223.35099537645812,0,943,92022.38,92022.38,97.58470837751857,3655,0,56.0,56.0,11,0,10,943,506,90
"{""algorithm"":""classic_maxpressure"",""algorithm_params"":{},""disturbance"":null,""duration_seconds"":3600.0,""flow_multiplier"":1.25,""scene_id"":""13"",""seed"":42,""warmup_seconds"":600.0}",13,13,classic_maxpressure,1.25,42,normal,,,,,,3600.0,600.0,,none,{},b134c36cd772,completed,,F:\challenge-cup\output\runs\formal\runs\i13\classic_maxpressure\x1.25\s42\b134c36cd772,66.92245887445888,66.92245887445888,9.7825,9.7825,134.46406926406925,134.46406926406925,302329.29688,261.75696699567095,0,1155,132091.46,132091.46,114.36490043290043,3917,0,56.0,56.0,7,0,10,1155,1069,107
"{""algorithm"":""classic_maxpressure"",""algorithm_params"":{},""disturbance"":null,""duration_seconds"":3600.0,""flow_multiplier"":1.25,""scene_id"":""13"",""seed"":43,""warmup_seconds"":600.0}",13,13,classic_maxpressure,1.25,43,normal,,,,,,3600.0,600.0,,none,{},86f4fa425a4d,completed,,F:\challenge-cup\output\runs\formal\runs\i13\classic_maxpressure\x1.25\s43\86f4fa425a4d,66.34436741767763,66.34436741767763,9.6875,9.6875,133.58006932409012,133.58006932409012,300771.63887,260.63400248700174,0,1154,131410.88,131410.88,113.87424610051994,3927,0,56.0,56.0,1,0,10,1154,966,117
"{""algorithm"":""classic_maxpressure"",""algorithm_params"":{},""disturbance"":null,""duration_seconds"":3600.0,""flow_multiplier"":1.25,""scene_id"":""13"",""seed"":44,""warmup_seconds"":600.0}",13,13,classic_maxpressure,1.25,44,normal,,,,,,3600.0,600.0,,none,{},28a92ea07df6,completed,,F:\challenge-cup\output\runs\formal\runs\i13\classic_maxpressure\x1.25\s44\28a92ea07df6,68.46833622183709,68.46833622183709,9.835,9.835,135.9850086655113,135.9850086655113,304075.36787,263.49685257365684,0,1154,132854.66,132854.66,115.12535528596187,3899,0,56.0,56.0,5,0,10,1154,1660,107
"{""algorithm"":""capacity_aware_maxpressure"",""algorithm_params"":{},""disturbance"":null,""duration_seconds"":3600.0,""flow_multiplier"":1.0,""scene_id"":""13"",""seed"":42,""warmup_seconds"":600.0}",13,13,capacity_aware_maxpressure,1.0,42,normal,,,,,,3600.0,600.0,,none,{},3f0c9c982d8d,completed,,F:\challenge-cup\output\runs\formal\runs\i13\capacity_aware_maxpressure\x1\s42\3f0c9c982d8d,37.380178759200845,37.380178759200845,7.4175,7.4175,104.83154574132493,104.83154574132493,209668.70784000002,220.4718273817035,0,951,91606.75,91606.75,96.32676130389063,3968,0,56.0,56.0,6,0,10,951,559,82
"{""algorithm"":""capacity_aware_maxpressure"",""algorithm_params"":{},""disturbance"":null,""duration_seconds"":3600.0,""flow_multiplier"":1.0,""scene_id"":""13"",""seed"":43,""warmup_seconds"":600.0}",13,13,capacity_aware_maxpressure,1.0,43,normal,,,,,,3600.0,600.0,,none,{},5bf7af126173,completed,,F:\challenge-cup\output\runs\formal\runs\i13\capacity_aware_maxpressure\x1\s43\5bf7af126173,38.22265135699374,38.22265135699374,7.38,7.38,105.31294363256785,105.31294363256785,212073.49771,221.3710832045929,0,958,92657.32,92657.32,96.71954070981212,3988,0,56.0,56.0,21,0,10,958,569,75
"{""algorithm"":""capacity_aware_maxpressure"",""algorithm_params"":{},""disturbance"":null,""duration_seconds"":3600.0,""flow_multiplier"":1.0,""scene_id"":""13"",""seed"":44,""warmup_seconds"":600.0}",13,13,capacity_aware_maxpressure,1.0,44,normal,,,,,,3600.0,600.0,,none,{},68f20d7375d9,completed,,F:\challenge-cup\output\runs\formal\runs\i13\capacity_aware_maxpressure\x1\s44\68f20d7375d9,38.02560335781742,38.02560335781742,7.35,7.35,105.32088142707241,105.32088142707241,210640.85299,221.0292266421826,0,953,92031.46,92031.46,96.57026232948584,3917,0,56.0,56.0,27,0,10,953,567,80
"{""algorithm"":""capacity_aware_maxpressure"",""algorithm_params"":{},""disturbance"":null,""duration_seconds"":3600.0,""flow_multiplier"":1.25,""scene_id"":""13"",""seed"":42,""warmup_seconds"":600.0}",13,13,capacity_aware_maxpressure,1.25,42,normal,,,,,,3600.0,600.0,,none,{},f97e378b1f80,completed,,F:\challenge-cup\output\runs\formal\runs\i13\capacity_aware_maxpressure\x1.25\s42\f97e378b1f80,41.91977722772277,41.91977722772277,8.095,8.095,109.31963696369637,109.31963696369637,275778.23073,227.53979433168317,0,1212,120490.75,120490.75,99.4148102310231,4503,0,56.0,56.0,9,0,10,1212,739,64
"{""algorithm"":""capacity_aware_maxpressure"",""algorithm_params"":{},""disturbance"":null,""duration_seconds"":3600.0,""flow_multiplier"":1.25,""scene_id"":""13"",""seed"":43,""warmup_seconds"":600.0}",13,13,capacity_aware_maxpressure,1.25,43,normal,,,,,,3600.0,600.0,,none,{},79658bdc6ccd,completed,,F:\challenge-cup\output\runs\formal\runs\i13\capacity_aware_maxpressure\x1.25\s43\79658bdc6ccd,43.08751644736842,43.08751644736842,8.1575,8.1575,110.1907072368421,110.1907072368421,278946.68808999995,229.39694744243417,0,1216,121875.06,121875.06,100.22620065789474,4363,0,56.0,56.0,11,0,10,1216,749,60
"{""algorithm"":""capacity_aware_maxpressure"",""algorithm_params"":{},""disturbance"":null,""duration_seconds"":3600.0,""flow_multiplier"":1.25,""scene_id"":""13"",""seed"":44,""warmup_seconds"":600.0}",13,13,capacity_aware_maxpressure,1.25,44,normal,,,,,,3600.0,600.0,,none,{},b449330b5073,completed,,F:\challenge-cup\output\runs\formal\runs\i13\capacity_aware_maxpressure\x1.25\s44\b449330b5073,43.14768282662285,43.14768282662285,8.145,8.145,110.50961380443715,110.50961380443715,279010.22465,229.26066117502054,0,1217,121902.82,121902.82,100.16665571076418,4376,0,56.0,56.0,5,0,10,1217,744,59
"{""algorithm"":""fixed_time"",""algorithm_params"":{},""disturbance"":null,""duration_seconds"":3600.0,""flow_multiplier"":1.0,""scene_id"":""14"",""seed"":42,""warmup_seconds"":600.0}",14,14,fixed_time,1.0,42,normal,,,,,,3600.0,600.0,,none,{},24f2d4038af8,completed,,F:\challenge-cup\output\runs\formal\runs\i14\fixed_time\x1\s42\24f2d4038af8,69.34416,69.34416,3.4666666666666663,3.4666666666666663,82.61866666666667,82.61866666666667,117371.42659999999,156.49523546666666,0,750,51281.1,51281.1,68.3748,205,0,10.0,10.0,28,0,0,750,1170,24
"{""algorithm"":""fixed_time"",""algorithm_params"":{},""disturbance"":null,""duration_seconds"":3600.0,""flow_multiplier"":1.0,""scene_id"":""14"",""seed"":43,""warmup_seconds"":600.0}",14,14,fixed_time,1.0,43,normal,,,,,,3600.0,600.0,,none,{},346cb1998c81,completed,,F:\challenge-cup\output\runs\formal\runs\i14\fixed_time\x1\s43\346cb1998c81,68.51555112881806,68.51555112881806,3.3333333333333335,3.3333333333333335,81.75033200531209,81.75033200531209,116653.36699,154.91815005312085,0,753,50967.49,50967.49,67.68590969455511,188,0,10.0,10.0,29,0,0,753,1174,23
"{""algorithm"":""fixed_time"",""algorithm_params"":{},""disturbance"":null,""duration_seconds"":3600.0,""flow_multiplier"":1.0,""scene_id"":""14"",""seed"":44,""warmup_seconds"":600.0}",14,14,fixed_time,1.0,44,normal,,,,,,3600.0,600.0,,none,{},2714c1b9792d,completed,,F:\challenge-cup\output\runs\formal\runs\i14\fixed_time\x1\s44\2714c1b9792d,70.06254010695187,70.06254010695187,3.2666666666666666,3.2666666666666666,83.27673796791444,83.27673796791444,117412.48192,156.96855871657755,0,748,51299.27,51299.27,68.58191176470588,197,0,10.0,10.0,26,0,0,748,1179,24
"{""algorithm"":""fixed_time"",""algorithm_params"":{},""disturbance"":null,""duration_seconds"":3600.0,""flow_multiplier"":1.25,""scene_id"":""14"",""seed"":42,""warmup_seconds"":600.0}",14,14,fixed_time,1.25,42,normal,,,,,,3600.0,600.0,,none,{},8fd20b2bf01a,completed,,F:\challenge-cup\output\runs\formal\runs\i14\fixed_time\x1.25\s42\8fd20b2bf01a,64.82618357487922,64.82618357487922,3.4666666666666663,3.4666666666666663,78.07125603864735,78.07125603864735,124273.04488,150.08821845410628,0,828,54296.68,54296.68,65.5757004830918,235,0,10.0,10.0,22,0,0,828,1225,25
"{""algorithm"":""fixed_time"",""algorithm_params"":{},""disturbance"":null,""duration_seconds"":3600.0,""flow_multiplier"":1.25,""scene_id"":""14"",""seed"":43,""warmup_seconds"":600.0}",14,14,fixed_time,1.25,43,normal,,,,,,3600.0,600.0,,none,{},378bd7cdb2f2,completed,,F:\challenge-cup\output\runs\formal\runs\i14\fixed_time\x1.25\s43\378bd7cdb2f2,65.18857487922705,65.18857487922705,3.5333333333333337,3.5333333333333337,78.39371980676329,78.39371980676329,124434.14806,150.2827875120773,0,828,54366.86,54366.86,65.66045893719807,228,0,10.0,10.0,24,0,0,828,1229,25
"{""algorithm"":""fixed_time"",""algorithm_params"":{},""disturbance"":null,""duration_seconds"":3600.0,""flow_multiplier"":1.25,""scene_id"":""14"",""seed"":44,""warmup_seconds"":600.0}",14,14,fixed_time,1.25,44,normal,,,,,,3600.0,600.0,,none,{},9a832a053474,completed,,F:\challenge-cup\output\runs\formal\runs\i14\fixed_time\x1.25\s44\9a832a053474,64.32940262843489,64.32940262843489,3.4,3.4,77.55197132616487,77.55197132616487,124753.50158,149.04838898446835,0,837,54506.63,54506.63,65.12142174432496,224,0,10.0,10.0,16,0,0,837,1230,24
"{""algorithm"":""classic_maxpressure"",""algorithm_params"":{},""disturbance"":null,""duration_seconds"":3600.0,""flow_multiplier"":1.0,""scene_id"":""14"",""seed"":42,""warmup_seconds"":600.0}",14,14,classic_maxpressure,1.0,42,normal,,,,,,3600.0,600.0,,none,{},adbd57d6c537,completed,,F:\challenge-cup\output\runs\formal\runs\i14\classic_maxpressure\x1\s42\adbd57d6c537,48.00475853945819,48.00475853945819,2.533333333333333,2.533333333333333,61.255594817432275,61.255594817432275,106050.04068,124.91170869257951,0,849,46334.66,46334.66,54.57557126030625,416,0,9.0,9.0,30,0,0,849,2175,17
"{""algorithm"":""classic_maxpressure"",""algorithm_params"":{},""disturbance"":null,""duration_seconds"":3600.0,""flow_multiplier"":1.0,""scene_id"":""14"",""seed"":43,""warmup_seconds"":600.0}",14,14,classic_maxpressure,1.0,43,normal,,,,,,3600.0,600.0,,none,{},a11e95d7b94d,completed,,F:\challenge-cup\output\runs\formal\runs\i14\classic_maxpressure\x1\s43\a11e95d7b94d,46.36829861111111,46.36829861111111,2.466666666666667,2.466666666666667,59.633101851851855,59.633101851851855,105208.27806,121.76884034722222,0,864,45966.79,45966.79,53.20230324074074,375,0,7.0,7.0,44,0,0,864,2145,17
"{""algorithm"":""classic_maxpressure"",""algorithm_params"":{},""disturbance"":null,""duration_seconds"":3600.0,""flow_multiplier"":1.0,""scene_id"":""14"",""seed"":44,""warmup_seconds"":600.0}",14,14,classic_maxpressure,1.0,44,normal,,,,,,3600.0,600.0,,none,{},a1ca4192b51e,completed,,F:\challenge-cup\output\runs\formal\runs\i14\classic_maxpressure\x1\s44\a1ca4192b51e,46.2911943793911,46.2911943793911,3.0,3.0,59.51288056206089,59.51288056206089,104281.35237000001,122.10931190866512,0,854,45561.93,45561.93,53.351206088992974,356,0,9.0,9.0,32,0,0,854,2142,18
"{""algorithm"":""classic_maxpressure"",""algorithm_params"":{},""disturbance"":null,""duration_seconds"":3600.0,""flow_multiplier"":1.25,""scene_id"":""14"",""seed"":42,""warmup_seconds"":600.0}",14,14,classic_maxpressure,1.25,42,normal,,,,,,3600.0,600.0,,none,{},d5acb81f9dcd,completed,,F:\challenge-cup\output\runs\formal\runs\i14\classic_maxpressure\x1.25\s42\d5acb81f9dcd,78.94888538380651,78.94888538380651,3.2,3.2,92.2018927444795,92.2018927444795,165194.35658000002,173.7059480336488,0,951,72175.23,72175.23,75.89403785488959,98,0,7.0,7.0,11,0,0,951,4035,31
"{""algorithm"":""classic_maxpressure"",""algorithm_params"":{},""disturbance"":null,""duration_seconds"":3600.0,""flow_multiplier"":1.25,""scene_id"":""14"",""seed"":43,""warmup_seconds"":600.0}",14,14,classic_maxpressure,1.25,43,normal,,,,,,3600.0,600.0,,none,{},e07e8e25c8e7,completed,,F:\challenge-cup\output\runs\formal\runs\i14\classic_maxpressure\x1.25\s43\e07e8e25c8e7,79.74623003194888,79.74623003194888,3.2,3.2,93.0010649627263,93.0010649627263,163752.53657,174.39034778487752,0,939,71545.55,71545.55,76.1933439829606,95,0,6.0,6.0,10,0,0,939,3977,31
"{""algorithm"":""classic_maxpressure"",""algorithm_params"":{},""disturbance"":null,""duration_seconds"":3600.0,""flow_multiplier"":1.25,""scene_id"":""14"",""seed"":44,""warmup_seconds"":600.0}",14,14,classic_maxpressure,1.25,44,normal,,,,,,3600.0,600.0,,none,{},aa2df85f52c0,completed,,F:\challenge-cup\output\runs\formal\runs\i14\classic_maxpressure\x1.25\s44\aa2df85f52c0,78.81021097046414,78.81021097046414,3.2,3.2,92.02742616033755,92.02742616033755,164198.9761,173.2056709915612,0,948,71740.6,71740.6,75.67573839662448,108,0,6.0,6.0,14,0,0,948,3989,30
"{""algorithm"":""capacity_aware_maxpressure"",""algorithm_params"":{},""disturbance"":null,""duration_seconds"":3600.0,""flow_multiplier"":1.0,""scene_id"":""14"",""seed"":42,""warmup_seconds"":600.0}",14,14,capacity_aware_maxpressure,1.0,42,normal,,,,,,3600.0,600.0,,none,{},242978e1c83f,completed,,F:\challenge-cup\output\runs\formal\runs\i14\capacity_aware_maxpressure\x1\s42\242978e1c83f,50.91425556858148,50.91425556858148,2.533333333333333,2.533333333333333,64.16295427901524,64.16295427901524,110088.98683,129.06094587338802,0,853,48099.21,48099.21,56.38828839390387,321,0,7.0,7.0,35,0,0,853,2265,18
"{""algorithm"":""capacity_aware_maxpressure"",""algorithm_params"":{},""disturbance"":null,""duration_seconds"":3600.0,""flow_multiplier"":1.0,""scene_id"":""14"",""seed"":43,""warmup_seconds"":600.0}",14,14,capacity_aware_maxpressure,1.0,43,normal,,,,,,3600.0,600.0,,none,{},02d7c5c67377,completed,,F:\challenge-cup\output\runs\formal\runs\i14\capacity_aware_maxpressure\x1\s43\02d7c5c67377,50.391784037558686,50.391784037558686,3.4,3.4,63.63380281690141,63.63380281690141,108839.64818,127.74606593896713,0,852,47553.35,47553.35,55.813791079812205,336,0,9.0,9.0,37,0,0,852,2220,17
"{""algorithm"":""capacity_aware_maxpressure"",""algorithm_params"":{},""disturbance"":null,""duration_seconds"":3600.0,""flow_multiplier"":1.0,""scene_id"":""14"",""seed"":44,""warmup_seconds"":600.0}",14,14,capacity_aware_maxpressure,1.0,44,normal,,,,,,3600.0,600.0,,none,{},68b625881158,completed,,F:\challenge-cup\output\runs\formal\runs\i14\capacity_aware_maxpressure\x1\s44\68b625881158,50.409240654205604,50.409240654205604,2.0,2.0,63.626168224299064,63.626168224299064,109720.49901,128.17815304906543,0,856,47938.37,47938.37,56.00276869158879,369,0,5.0,5.0,26,0,0,856,2258,17
"{""algorithm"":""capacity_aware_maxpressure"",""algorithm_params"":{},""disturbance"":null,""duration_seconds"":3600.0,""flow_multiplier"":1.25,""scene_id"":""14"",""seed"":42,""warmup_seconds"":600.0}",14,14,capacity_aware_maxpressure,1.25,42,normal,,,,,,3600.0,600.0,,none,{},aa5869830828,completed,,F:\challenge-cup\output\runs\formal\runs\i14\capacity_aware_maxpressure\x1.25\s42\aa5869830828,79.82974576271187,79.82974576271187,3.6666666666666665,3.6666666666666665,93.07309322033899,93.07309322033899,165488.04322,175.305130529661,0,944,72303.84,72303.84,76.59305084745762,107,0,10.0,10.0,9,0,0,944,4019,30
"{""algorithm"":""capacity_aware_maxpressure"",""algorithm_params"":{},""disturbance"":null,""duration_seconds"":3600.0,""flow_multiplier"":1.25,""scene_id"":""14"",""seed"":43,""warmup_seconds"":600.0}",14,14,capacity_aware_maxpressure,1.25,43,normal,,,,,,3600.0,600.0,,none,{},becdf69e2d6e,completed,,F:\challenge-cup\output\runs\formal\runs\i14\capacity_aware_maxpressure\x1.25\s43\becdf69e2d6e,79.43946145723336,79.43946145723336,3.4666666666666663,3.4666666666666663,92.68637803590285,92.68637803590285,164649.47146,173.86427820485744,0,947,71937.54,71937.54,75.96361140443506,91,0,8.0,8.0,11,0,0,947,4027,30
"{""algorithm"":""capacity_aware_maxpressure"",""algorithm_params"":{},""disturbance"":null,""duration_seconds"":3600.0,""flow_multiplier"":1.25,""scene_id"":""14"",""seed"":44,""warmup_seconds"":600.0}",14,14,capacity_aware_maxpressure,1.25,44,normal,,,,,,3600.0,600.0,,none,{},b7137712fffe,completed,,F:\challenge-cup\output\runs\formal\runs\i14\capacity_aware_maxpressure\x1.25\s44\b7137712fffe,78.04198537095088,78.04198537095088,3.2666666666666666,3.2666666666666666,91.26645768025078,91.26645768025078,164873.9062,172.28203364681295,0,957,72035.41,72035.41,75.27211076280042,116,0,7.0,7.0,7,0,0,957,3978,31
"{""algorithm"":""fixed_time"",""algorithm_params"":{},""disturbance"":null,""duration_seconds"":3600.0,""flow_multiplier"":1.0,""scene_id"":""15"",""seed"":42,""warmup_seconds"":600.0}",15,15,fixed_time,1.0,42,normal,,,,,,3600.0,600.0,,none,{},3ec958dcba3c,completed,,F:\challenge-cup\output\runs\formal\runs\i15\fixed_time\x1\s42\3ec958dcba3c,26.392592421441773,26.392592421441773,0.7872727272727273,0.7872727272727273,39.70938077634011,39.70938077634011,182072.23228999999,84.13689107670979,0,2164,79549.2,79549.2,36.76025878003697,8030,0,6.0,6.0,162,0,0,2164,1701,24
"{""algorithm"":""fixed_time"",""algorithm_params"":{},""disturbance"":null,""duration_seconds"":3600.0,""flow_multiplier"":1.0,""scene_id"":""15"",""seed"":43,""warmup_seconds"":600.0}",15,15,fixed_time,1.0,43,normal,,,,,,3600.0,600.0,,none,{},1753f998f8c7,completed,,F:\challenge-cup\output\runs\formal\runs\i15\fixed_time\x1\s43\1753f998f8c7,26.233425797503468,26.233425797503468,0.7618181818181818,0.7618181818181818,39.466897827092,39.466897827092,181907.29691,84.0995362505779,0,2163,79476.97,79476.97,36.7438603791031,8121,0,6.0,6.0,173,0,0,2163,1688,25
"{""algorithm"":""fixed_time"",""algorithm_params"":{},""disturbance"":null,""duration_seconds"":3600.0,""flow_multiplier"":1.0,""scene_id"":""15"",""seed"":44,""warmup_seconds"":600.0}",15,15,fixed_time,1.0,44,normal,,,,,,3600.0,600.0,,none,{},0cc12854a5cb,completed,,F:\challenge-cup\output\runs\formal\runs\i15\fixed_time\x1\s44\0cc12854a5cb,26.674833948339483,26.674833948339483,0.8036363636363636,0.8036363636363636,39.95553505535056,39.95553505535056,183837.00235,84.7956652905904,0,2168,80320.2,80320.2,37.04806273062731,7920,0,6.0,6.0,161,0,0,2168,1695,21
"{""algorithm"":""fixed_time"",""algorithm_params"":{},""disturbance"":null,""duration_seconds"":3600.0,""flow_multiplier"":1.25,""scene_id"":""15"",""seed"":42,""warmup_seconds"":600.0}",15,15,fixed_time,1.25,42,normal,,,,,,3600.0,600.0,,none,{},de880aa0397a,completed,,F:\challenge-cup\output\runs\formal\runs\i15\fixed_time\x1.25\s42\de880aa0397a,35.68364936042137,35.68364936042137,1.3690909090909091,1.3690909090909091,48.97942061700527,48.97942061700527,257709.31769,96.9561014635064,0,2658,112596.17,112596.17,42.36123777276148,7798,0,9.0,9.0,148,0,0,2658,2574,38
"{""algorithm"":""fixed_time"",""algorithm_params"":{},""disturbance"":null,""duration_seconds"":3600.0,""flow_multiplier"":1.25,""scene_id"":""15"",""seed"":43,""warmup_seconds"":600.0}",15,15,fixed_time,1.25,43,normal,,,,,,3600.0,600.0,,none,{},53ef70d8f124,completed,,F:\challenge-cup\output\runs\formal\runs\i15\fixed_time\x1.25\s43\53ef70d8f124,35.5307513148009,35.5307513148009,1.329090909090909,1.329090909090909,48.764575507137494,48.764575507137494,257967.25156,96.90730712246432,0,2662,112708.98,112708.98,42.33996243425995,8026,0,9.0,9.0,156,0,0,2662,2588,39
"{""algorithm"":""fixed_time"",""algorithm_params"":{},""disturbance"":null,""duration_seconds"":3600.0,""flow_multiplier"":1.25,""scene_id"":""15"",""seed"":44,""warmup_seconds"":600.0}",15,15,fixed_time,1.25,44,normal,,,,,,3600.0,600.0,,none,{},68b6a559db52,completed,,F:\challenge-cup\output\runs\formal\runs\i15\fixed_time\x1.25\s44\68b6a559db52,35.84683634992459,35.84683634992459,1.34,1.34,49.117760180995475,49.117760180995475,258021.2066,97.29306432880846,0,2652,112732.06,112732.06,42.50831825037707,7981,0,9.0,9.0,168,0,0,2652,2546,39
"{""algorithm"":""classic_maxpressure"",""algorithm_params"":{},""disturbance"":null,""duration_seconds"":3600.0,""flow_multiplier"":1.0,""scene_id"":""15"",""seed"":42,""warmup_seconds"":600.0}",15,15,classic_maxpressure,1.0,42,normal,,,,,,3600.0,600.0,,none,{},0722561df157,completed,,F:\challenge-cup\output\runs\formal\runs\i15\classic_maxpressure\x1\s42\0722561df157,21.433382830626453,21.433382830626453,0.6963636363636364,0.6963636363636364,34.74747099767981,34.74747099767981,166243.23106,77.14303065429235,0,2155,72632.78,72632.78,33.70430626450116,13335,0,9.0,9.0,233,0,0,2155,2550,24
"{""algorithm"":""classic_maxpressure"",""algorithm_params"":{},""disturbance"":null,""duration_seconds"":3600.0,""flow_multiplier"":1.0,""scene_id"":""15"",""seed"":43,""warmup_seconds"":600.0}",15,15,classic_maxpressure,1.0,43,normal,,,,,,3600.0,600.0,,none,{},c74d157f6f2c,completed,,F:\challenge-cup\output\runs\formal\runs\i15\classic_maxpressure\x1\s43\c74d157f6f2c,24.838109360519,24.838109360519,0.6654545454545455,0.6654545454545455,38.06274328081557,38.06274328081557,177412.83612,82.21169421686747,0,2158,77513.46,77513.46,35.91911955514365,13458,0,9.0,9.0,225,0,0,2158,2873,25
"{""algorithm"":""classic_maxpressure"",""algorithm_params"":{},""disturbance"":null,""duration_seconds"":3600.0,""flow_multiplier"":1.0,""scene_id"":""15"",""seed"":44,""warmup_seconds"":600.0}",15,15,classic_maxpressure,1.0,44,normal,,,,,,3600.0,600.0,,none,{},8940de3b7f33,completed,,F:\challenge-cup\output\runs\formal\runs\i15\classic_maxpressure\x1\s44\8940de3b7f33,20.87601392111369,20.87601392111369,0.6072727272727273,0.6072727272727273,34.148306264501166,34.148306264501166,164609.66478999998,76.38499526218096,0,2155,71919.29,71919.29,33.373220417633405,13665,0,9.0,9.0,243,0,0,2155,2529,26
"{""algorithm"":""classic_maxpressure"",""algorithm_params"":{},""disturbance"":null,""duration_seconds"":3600.0,""flow_multiplier"":1.25,""scene_id"":""15"",""seed"":42,""warmup_seconds"":600.0}",15,15,classic_maxpressure,1.25,42,normal,,,,,,3600.0,600.0,,none,{},b4da916ca941,completed,,F:\challenge-cup\output\runs\formal\runs\i15\classic_maxpressure\x1.25\s42\b4da916ca941,31.236865848832608,31.236865848832608,0.9454545454545454,0.9454545454545454,44.49580530273051,44.49580530273051,228600.76207,90.46330117530668,0,2527,99877.96,99877.96,39.52432132963989,13305,0,9.0,9.0,209,0,0,2527,4187,37
"{""algorithm"":""classic_maxpressure"",""algorithm_params"":{},""disturbance"":null,""duration_seconds"":3600.0,""flow_multiplier"":1.25,""scene_id"":""15"",""seed"":43,""warmup_seconds"":600.0}",15,15,classic_maxpressure,1.25,43,normal,,,,,,3600.0,600.0,,none,{},8cb1d42ae66c,completed,,F:\challenge-cup\output\runs\formal\runs\i15\classic_maxpressure\x1.25\s43\8cb1d42ae66c,30.505033451397086,30.505033451397086,1.0145454545454546,1.0145454545454546,43.70979929161748,43.70979929161748,227359.79186000003,89.47650210940576,0,2541,99335.74,99335.74,39.09316804407714,13917,0,9.0,9.0,230,0,0,2541,4106,38
"{""algorithm"":""classic_maxpressure"",""algorithm_params"":{},""disturbance"":null,""duration_seconds"":3600.0,""flow_multiplier"":1.25,""scene_id"":""15"",""seed"":44,""warmup_seconds"":600.0}",15,15,classic_maxpressure,1.25,44,normal,,,,,,3600.0,600.0,,none,{},9765d01484c7,completed,,F:\challenge-cup\output\runs\formal\runs\i15\classic_maxpressure\x1.25\s44\9765d01484c7,30.442992156862747,30.442992156862747,0.9454545454545454,0.9454545454545454,43.68607843137255,43.68607843137255,227893.65737,89.37006171372549,0,2550,99568.9,99568.9,39.04662745098039,13820,0,9.0,9.0,220,0,0,2550,4108,39
"{""algorithm"":""capacity_aware_maxpressure"",""algorithm_params"":{},""disturbance"":null,""duration_seconds"":3600.0,""flow_multiplier"":1.0,""scene_id"":""15"",""seed"":42,""warmup_seconds"":600.0}",15,15,capacity_aware_maxpressure,1.0,42,normal,,,,,,3600.0,600.0,,none,{},ed93e9f46ffb,completed,,F:\challenge-cup\output\runs\formal\runs\i15\capacity_aware_maxpressure\x1\s42\ed93e9f46ffb,22.447967365967365,22.447967365967365,0.6581818181818181,0.6581818181818181,35.7632634032634,35.7632634032634,168675.9669,78.63681440559441,0,2145,73695.9,73695.9,34.357062937062935,13494,0,9.0,9.0,238,0,0,2145,2667,25
"{""algorithm"":""capacity_aware_maxpressure"",""algorithm_params"":{},""disturbance"":null,""duration_seconds"":3600.0,""flow_multiplier"":1.0,""scene_id"":""15"",""seed"":43,""warmup_seconds"":600.0}",15,15,capacity_aware_maxpressure,1.0,43,normal,,,,,,3600.0,600.0,,none,{},218f74d57113,completed,,F:\challenge-cup\output\runs\formal\runs\i15\capacity_aware_maxpressure\x1\s43\218f74d57113,23.36713952403173,23.36713952403173,0.4581818181818182,0.4581818181818182,36.584461035930936,36.584461035930936,171766.86166999998,80.15252527764815,0,2143,75046.57,75046.57,35.01939804013066,13525,0,7.0,7.0,249,0,0,2143,2722,27
"{""algorithm"":""capacity_aware_maxpressure"",""algorithm_params"":{},""disturbance"":null,""duration_seconds"":3600.0,""flow_multiplier"":1.0,""scene_id"":""15"",""seed"":44,""warmup_seconds"":600.0}",15,15,capacity_aware_maxpressure,1.0,44,normal,,,,,,3600.0,600.0,,none,{},01ed02a49e9b,completed,,F:\challenge-cup\output\runs\formal\runs\i15\capacity_aware_maxpressure\x1\s44\01ed02a49e9b,22.7169656133829,22.7169656133829,0.6636363636363636,0.6636363636363636,35.98447955390335,35.98447955390335,169873.61443000002,78.93755317379183,0,2152,74219.39,74219.39,34.48856412639405,13288,0,9.0,9.0,237,0,0,2152,2665,25
"{""algorithm"":""capacity_aware_maxpressure"",""algorithm_params"":{},""disturbance"":null,""duration_seconds"":3600.0,""flow_multiplier"":1.25,""scene_id"":""15"",""seed"":42,""warmup_seconds"":600.0}",15,15,capacity_aware_maxpressure,1.25,42,normal,,,,,,3600.0,600.0,,none,{},a054ad60f44f,completed,,F:\challenge-cup\output\runs\formal\runs\i15\capacity_aware_maxpressure\x1.25\s42\a054ad60f44f,31.0302852614897,31.0302852614897,0.9963636363636365,0.9963636363636365,44.286925515055465,44.286925515055465,228155.7824,90.39452551505546,0,2524,99683.59,99683.59,39.49429080824088,13493,0,9.0,9.0,193,0,0,2524,4191,37
"{""algorithm"":""capacity_aware_maxpressure"",""algorithm_params"":{},""disturbance"":null,""duration_seconds"":3600.0,""flow_multiplier"":1.25,""scene_id"":""15"",""seed"":43,""warmup_seconds"":600.0}",15,15,capacity_aware_maxpressure,1.25,43,normal,,,,,,3600.0,600.0,,none,{},336704518e0d,completed,,F:\challenge-cup\output\runs\formal\runs\i15\capacity_aware_maxpressure\x1.25\s43\336704518e0d,30.596374360990957,30.596374360990957,0.8272727272727274,0.8272727272727274,43.80916240660637,43.80916240660637,227858.45567,89.60222401494298,0,2543,99553.74,99553.74,39.148147856861975,13511,0,9.0,9.0,220,0,0,2543,4117,42
"{""algorithm"":""capacity_aware_maxpressure"",""algorithm_params"":{},""disturbance"":null,""duration_seconds"":3600.0,""flow_multiplier"":1.25,""scene_id"":""15"",""seed"":44,""warmup_seconds"":600.0}",15,15,capacity_aware_maxpressure,1.25,44,normal,,,,,,3600.0,600.0,,none,{},62a118d2644c,completed,,F:\challenge-cup\output\runs\formal\runs\i15\capacity_aware_maxpressure\x1.25\s44\62a118d2644c,30.726221343873515,30.726221343873515,0.9854545454545455,0.9854545454545455,43.95790513833992,43.95790513833992,226664.37264,89.59066112252964,0,2530,99031.85,99031.85,39.14302371541502,13348,0,9.0,9.0,240,0,0,2530,4150,36
"{""algorithm"":""fixed_time"",""algorithm_params"":{},""disturbance"":null,""duration_seconds"":3600.0,""flow_multiplier"":1.0,""scene_id"":""16"",""seed"":42,""warmup_seconds"":600.0}",16,16,fixed_time,1.0,42,normal,,,,,,3600.0,600.0,,none,{},9760ab185d00,completed,,F:\challenge-cup\output\runs\formal\runs\i16\fixed_time\x1\s42\9760ab185d00,21.08148899188876,21.08148899188876,0.9,0.9,42.313499420625725,42.313499420625725,169815.43072,98.38669219003476,0,1726,74193.85,74193.85,42.98600811123986,14274,0,6.0,6.0,189,0,0,1726,1376,24
"{""algorithm"":""fixed_time"",""algorithm_params"":{},""disturbance"":null,""duration_seconds"":3600.0,""flow_multiplier"":1.0,""scene_id"":""16"",""seed"":43,""warmup_seconds"":600.0}",16,16,fixed_time,1.0,43,normal,,,,,,3600.0,600.0,,none,{},ba3a4de2a919,completed,,F:\challenge-cup\output\runs\formal\runs\i16\fixed_time\x1\s43\ba3a4de2a919,20.234557035321366,20.234557035321366,0.8525,0.8525,41.37591198610307,41.37591198610307,168248.32178,97.42230560509554,0,1727,73509.09,73509.09,42.56461493920092,14693,0,5.0,5.0,212,0,0,1727,1321,23
"{""algorithm"":""fixed_time"",""algorithm_params"":{},""disturbance"":null,""duration_seconds"":3600.0,""flow_multiplier"":1.0,""scene_id"":""16"",""seed"":44,""warmup_seconds"":600.0}",16,16,fixed_time,1.0,44,normal,,,,,,3600.0,600.0,,none,{},7ac3192ea74c,completed,,F:\challenge-cup\output\runs\formal\runs\i16\fixed_time\x1\s44\7ac3192ea74c,20.63345886442642,20.63345886442642,0.895,0.895,41.877288528389336,41.877288528389336,168845.25909,97.82459970451913,0,1726,73769.99,73769.99,42.74043453070684,14346,0,5.0,5.0,189,0,0,1726,1346,24
"{""algorithm"":""fixed_time"",""algorithm_params"":{},""disturbance"":null,""duration_seconds"":3600.0,""flow_multiplier"":1.25,""scene_id"":""16"",""seed"":42,""warmup_seconds"":600.0}",16,16,fixed_time,1.25,42,normal,,,,,,3600.0,600.0,,none,{},098d4e8d89cf,completed,,F:\challenge-cup\output\runs\formal\runs\i16\fixed_time\x1.25\s42\098d4e8d89cf,24.32625579240037,24.32625579240037,1.23,1.23,45.51909175162187,45.51909175162187,221687.11003,102.72803986561631,0,2158,96857.18,96857.18,44.88284522706209,16021,0,8.0,8.0,226,0,0,2158,1933,30
"{""algorithm"":""fixed_time"",""algorithm_params"":{},""disturbance"":null,""duration_seconds"":3600.0,""flow_multiplier"":1.25,""scene_id"":""16"",""seed"":43,""warmup_seconds"":600.0}",16,16,fixed_time,1.25,43,normal,,,,,,3600.0,600.0,,none,{},b676fc8c054c,completed,,F:\challenge-cup\output\runs\formal\runs\i16\fixed_time\x1.25\s43\b676fc8c054c,24.821699074074075,24.821699074074075,1.2475,1.2475,45.87347222222222,45.87347222222222,224358.42247999998,103.86964003703703,0,2160,98024.19,98024.19,45.381569444444445,15972,0,8.0,8.0,226,0,0,2160,1934,28
"{""algorithm"":""fixed_time"",""algorithm_params"":{},""disturbance"":null,""duration_seconds"":3600.0,""flow_multiplier"":1.25,""scene_id"":""16"",""seed"":44,""warmup_seconds"":600.0}",16,16,fixed_time,1.25,44,normal,,,,,,3600.0,600.0,,none,{},ec876eb932b6,completed,,F:\challenge-cup\output\runs\formal\runs\i16\fixed_time\x1.25\s44\ec876eb932b6,24.45398795738768,24.45398795738768,1.245,1.245,45.57452524316813,45.57452524316813,222785.81527000002,103.18935399258918,0,2159,97337.35,97337.35,45.08446039833257,16031,0,8.0,8.0,227,0,0,2159,1921,29
"{""algorithm"":""classic_maxpressure"",""algorithm_params"":{},""disturbance"":null,""duration_seconds"":3600.0,""flow_multiplier"":1.0,""scene_id"":""16"",""seed"":42,""warmup_seconds"":600.0}",16,16,classic_maxpressure,1.0,42,normal,,,,,,3600.0,600.0,,none,{},4cfeb9ad4745,completed,,F:\challenge-cup\output\runs\formal\runs\i16\classic_maxpressure\x1\s42\4cfeb9ad4745,14.884447657605552,14.884447657605552,0.6775,0.6775,36.120879120879124,36.120879120879124,157517.34033,91.10314651821862,0,1729,68820.6,68820.6,39.8037015615963,19473,0,6.0,6.0,282,0,0,1729,1487,21
"{""algorithm"":""classic_maxpressure"",""algorithm_params"":{},""disturbance"":null,""duration_seconds"":3600.0,""flow_multiplier"":1.0,""scene_id"":""16"",""seed"":43,""warmup_seconds"":600.0}",16,16,classic_maxpressure,1.0,43,normal,,,,,,3600.0,600.0,,none,{},f6a4dc22742e,completed,,F:\challenge-cup\output\runs\formal\runs\i16\classic_maxpressure\x1\s43\f6a4dc22742e,14.249295612009238,14.249295612009238,0.6075,0.6075,35.402309468822175,35.402309468822175,156352.15584999998,90.27260730369514,0,1732,68311.54,68311.54,39.440842956120086,19579,0,6.0,6.0,298,0,0,1732,1428,18
"{""algorithm"":""classic_maxpressure"",""algorithm_params"":{},""disturbance"":null,""duration_seconds"":3600.0,""flow_multiplier"":1.0,""scene_id"":""16"",""seed"":44,""warmup_seconds"":600.0}",16,16,classic_maxpressure,1.0,44,normal,,,,,,3600.0,600.0,,none,{},475d00570904,completed,,F:\challenge-cup\output\runs\formal\runs\i16\classic_maxpressure\x1\s44\475d00570904,14.513519907674553,14.513519907674553,0.835,0.835,35.76445470282747,35.76445470282747,157296.43226,90.76539657241777,0,1733,68723.93,68723.93,39.656047316791685,19460,0,7.0,7.0,283,0,0,1733,1448,17
"{""algorithm"":""classic_maxpressure"",""algorithm_params"":{},""disturbance"":null,""duration_seconds"":3600.0,""flow_multiplier"":1.25,""scene_id"":""16"",""seed"":42,""warmup_seconds"":600.0}",16,16,classic_maxpressure,1.25,42,normal,,,,,,3600.0,600.0,,none,{},c384d426d852,completed,,F:\challenge-cup\output\runs\formal\runs\i16\classic_maxpressure\x1.25\s42\c384d426d852,27.572688022284122,27.572688022284122,1.18,1.18,48.786861652739084,48.786861652739084,234361.25952000002,108.80281314763232,0,2154,102394.6,102394.6,47.536954503249774,19282,0,8.0,8.0,234,0,0,2154,3046,34
"{""algorithm"":""classic_maxpressure"",""algorithm_params"":{},""disturbance"":null,""duration_seconds"":3600.0,""flow_multiplier"":1.25,""scene_id"":""16"",""seed"":43,""warmup_seconds"":600.0}",16,16,classic_maxpressure,1.25,43,normal,,,,,,3600.0,600.0,,none,{},727c9e53d6d0,completed,,F:\challenge-cup\output\runs\formal\runs\i16\classic_maxpressure\x1.25\s43\727c9e53d6d0,25.440463821892394,25.440463821892394,1.165,1.165,46.51043599257885,46.51043599257885,228440.44955000002,105.95568160946198,0,2156,99807.43,99807.43,46.29287105751391,18991,0,8.0,8.0,192,0,0,2156,2886,32
"{""algorithm"":""classic_maxpressure"",""algorithm_params"":{},""disturbance"":null,""duration_seconds"":3600.0,""flow_multiplier"":1.25,""scene_id"":""16"",""seed"":44,""warmup_seconds"":600.0}",16,16,classic_maxpressure,1.25,44,normal,,,,,,3600.0,600.0,,none,{},4d58c444762f,completed,,F:\challenge-cup\output\runs\formal\runs\i16\classic_maxpressure\x1.25\s44\4d58c444762f,23.509569245020845,23.509569245020845,1.395,1.395,44.64766095414544,44.64766095414544,223156.74492,103.36116022232515,0,2159,97498.93,97498.93,45.159300602130614,18943,0,8.0,8.0,199,0,0,2159,2702,29
"{""algorithm"":""capacity_aware_maxpressure"",""algorithm_params"":{},""disturbance"":null,""duration_seconds"":3600.0,""flow_multiplier"":1.0,""scene_id"":""16"",""seed"":42,""warmup_seconds"":600.0}",16,16,capacity_aware_maxpressure,1.0,42,normal,,,,,,3600.0,600.0,,none,{},44bf721e507e,completed,,F:\challenge-cup\output\runs\formal\runs\i16\capacity_aware_maxpressure\x1\s42\44bf721e507e,14.800873337189126,14.800873337189126,0.6725,0.6725,36.03672643146327,36.03672643146327,157355.62502,91.00961539618277,0,1729,68749.85,68749.85,39.762781954887224,19366,0,6.0,6.0,279,0,0,1729,1480,21
"{""algorithm"":""capacity_aware_maxpressure"",""algorithm_params"":{},""disturbance"":null,""duration_seconds"":3600.0,""flow_multiplier"":1.0,""scene_id"":""16"",""seed"":43,""warmup_seconds"":600.0}",16,16,capacity_aware_maxpressure,1.0,43,normal,,,,,,3600.0,600.0,,none,{},068c6356c9fa,completed,,F:\challenge-cup\output\runs\formal\runs\i16\capacity_aware_maxpressure\x1\s43\068c6356c9fa,14.328590410167534,14.328590410167534,0.6575,0.6575,35.47648757943386,35.47648757943386,156638.7657,90.49033258232235,0,1731,68436.7,68436.7,39.53593298671288,19421,0,6.0,6.0,297,0,0,1731,1421,19
"{""algorithm"":""capacity_aware_maxpressure"",""algorithm_params"":{},""disturbance"":null,""duration_seconds"":3600.0,""flow_multiplier"":1.0,""scene_id"":""16"",""seed"":44,""warmup_seconds"":600.0}",16,16,capacity_aware_maxpressure,1.0,44,normal,,,,,,3600.0,600.0,,none,{},91afddfcc124,completed,,F:\challenge-cup\output\runs\formal\runs\i16\capacity_aware_maxpressure\x1\s44\91afddfcc124,14.068549971114962,14.068549971114962,0.77,0.77,35.31357596764876,35.31357596764876,155944.31866,90.089150005777,0,1731,68133.27,68133.27,39.36064124783363,19579,0,6.0,6.0,282,0,0,1731,1420,19
"{""algorithm"":""capacity_aware_maxpressure"",""algorithm_params"":{},""disturbance"":null,""duration_seconds"":3600.0,""flow_multiplier"":1.25,""scene_id"":""16"",""seed"":42,""warmup_seconds"":600.0}",16,16,capacity_aware_maxpressure,1.25,42,normal,,,,,,3600.0,600.0,,none,{},d57cbd681750,completed,,F:\challenge-cup\output\runs\formal\runs\i16\capacity_aware_maxpressure\x1.25\s42\d57cbd681750,26.427149510945505,26.427149510945505,1.045,1.045,47.663856544014905,47.663856544014905,230131.40356,107.1874259711225,0,2147,100546.24,100546.24,46.831038658593386,18924,0,7.0,7.0,207,0,0,2147,3001,37
"{""algorithm"":""capacity_aware_maxpressure"",""algorithm_params"":{},""disturbance"":null,""duration_seconds"":3600.0,""flow_multiplier"":1.25,""scene_id"":""16"",""seed"":43,""warmup_seconds"":600.0}",16,16,capacity_aware_maxpressure,1.25,43,normal,,,,,,3600.0,600.0,,none,{},a8147bacccb7,completed,,F:\challenge-cup\output\runs\formal\runs\i16\capacity_aware_maxpressure\x1.25\s43\a8147bacccb7,25.176309689383405,25.176309689383405,1.405,1.405,46.24288363467779,46.24288363467779,227414.21351,105.43078975892443,0,2157,99359.24,99359.24,46.063625405656005,18830,0,8.0,8.0,214,0,0,2157,2849,31
"{""algorithm"":""capacity_aware_maxpressure"",""algorithm_params"":{},""disturbance"":null,""duration_seconds"":3600.0,""flow_multiplier"":1.25,""scene_id"":""16"",""seed"":44,""warmup_seconds"":600.0}",16,16,capacity_aware_maxpressure,1.25,44,normal,,,,,,3600.0,600.0,,none,{},faf559575ad5,completed,,F:\challenge-cup\output\runs\formal\runs\i16\capacity_aware_maxpressure\x1.25\s44\faf559575ad5,27.043235840297122,27.043235840297122,1.26,1.26,48.18686165273909,48.18686165273909,232945.50907,108.14554738625813,0,2154,101776.19,101776.19,47.24985608170845,18899,0,8.0,8.0,198,0,0,2154,3102,34
"{""algorithm"":""fixed_time"",""algorithm_params"":{},""disturbance"":null,""duration_seconds"":3600.0,""flow_multiplier"":1.0,""scene_id"":""17"",""seed"":42,""warmup_seconds"":600.0}",17,17,fixed_time,1.0,42,normal,,,,,,3600.0,600.0,,none,{},8bf00dafe075,completed,,F:\challenge-cup\output\runs\formal\runs\i17\fixed_time\x1\s42\8bf00dafe075,9.394694444444445,9.394694444444445,2.22,2.22,19.607499999999998,19.607499999999998,18027.67652,50.076879222222225,0,360,7876.49,7876.49,21.87913888888889,2257,0,10.0,10.0,14,0,10,360,133,12
"{""algorithm"":""fixed_time"",""algorithm_params"":{},""disturbance"":null,""duration_seconds"":3600.0,""flow_multiplier"":1.0,""scene_id"":""17"",""seed"":43,""warmup_seconds"":600.0}",17,17,fixed_time,1.0,43,normal,,,,,,3600.0,600.0,,none,{},64617f5a6a25,completed,,F:\challenge-cup\output\runs\formal\runs\i17\fixed_time\x1\s43\64617f5a6a25,9.025083333333335,9.025083333333335,2.22,2.22,19.172777777777778,19.172777777777778,17544.78733,48.73552036111111,0,360,7665.48,7665.48,21.293,2349,0,10.0,10.0,15,0,10,360,132,12
"{""algorithm"":""fixed_time"",""algorithm_params"":{},""disturbance"":null,""duration_seconds"":3600.0,""flow_multiplier"":1.0,""scene_id"":""17"",""seed"":44,""warmup_seconds"":600.0}",17,17,fixed_time,1.0,44,normal,,,,,,3600.0,600.0,,none,{},7ff2bba6fab4,completed,,F:\challenge-cup\output\runs\formal\runs\i17\fixed_time\x1\s44\7ff2bba6fab4,8.903222222222222,8.903222222222222,2.2159999999999997,2.2159999999999997,19.125,19.125,17411.093800000002,48.36414944444445,0,360,7607.0,7607.0,21.130555555555556,2290,0,10.0,10.0,15,0,10,360,132,12
"{""algorithm"":""fixed_time"",""algorithm_params"":{},""disturbance"":null,""duration_seconds"":3600.0,""flow_multiplier"":1.25,""scene_id"":""17"",""seed"":42,""warmup_seconds"":600.0}",17,17,fixed_time,1.25,42,normal,,,,,,3600.0,600.0,,none,{},e43e75b40a1b,completed,,F:\challenge-cup\output\runs\formal\runs\i17\fixed_time\x1.25\s42\e43e75b40a1b,10.921409395973154,10.921409395973154,2.336,2.336,21.098434004474274,21.098434004474274,23901.16422,53.47016604026845,0,447,10442.57,10442.57,23.36145413870246,2619,0,10.0,10.0,16,0,10,447,197,15
"{""algorithm"":""fixed_time"",""algorithm_params"":{},""disturbance"":null,""duration_seconds"":3600.0,""flow_multiplier"":1.25,""scene_id"":""17"",""seed"":43,""warmup_seconds"":600.0}",17,17,fixed_time,1.25,43,normal,,,,,,3600.0,600.0,,none,{},66941592ca22,completed,,F:\challenge-cup\output\runs\formal\runs\i17\fixed_time\x1.25\s43\66941592ca22,10.810738255033556,10.810738255033556,2.3280000000000003,2.3280000000000003,20.963758389261745,20.963758389261745,23815.00289,53.27741138702461,0,447,10404.960000000001,10404.960000000001,23.27731543624161,2660,0,10.0,10.0,22,0,10,447,199,15
"{""algorithm"":""fixed_time"",""algorithm_params"":{},""disturbance"":null,""duration_seconds"":3600.0,""flow_multiplier"":1.25,""scene_id"":""17"",""seed"":44,""warmup_seconds"":600.0}",17,17,fixed_time,1.25,44,normal,,,,,,3600.0,600.0,,none,{},7e1a6665ff35,completed,,F:\challenge-cup\output\runs\formal\runs\i17\fixed_time\x1.25\s44\7e1a6665ff35,11.074876957494407,11.074876957494407,2.336,2.336,21.275391498881433,21.275391498881433,23913.002379999998,53.4966496196868,0,447,10447.78,10447.78,23.3731096196868,2681,0,10.0,10.0,20,0,10,447,203,15
"{""algorithm"":""classic_maxpressure"",""algorithm_params"":{},""disturbance"":null,""duration_seconds"":3600.0,""flow_multiplier"":1.0,""scene_id"":""17"",""seed"":42,""warmup_seconds"":600.0}",17,17,classic_maxpressure,1.0,42,normal,,,,,,3600.0,600.0,,none,{},fd86150a17d3,completed,,F:\challenge-cup\output\runs\formal\runs\i17\classic_maxpressure\x1\s42\fd86150a17d3,9.394694444444445,9.394694444444445,2.22,2.22,19.607499999999998,19.607499999999998,18027.67652,50.076879222222225,0,360,7876.49,7876.49,21.87913888888889,2257,0,10.0,10.0,14,0,10,360,133,12
"{""algorithm"":""classic_maxpressure"",""algorithm_params"":{},""disturbance"":null,""duration_seconds"":3600.0,""flow_multiplier"":1.0,""scene_id"":""17"",""seed"":43,""warmup_seconds"":600.0}",17,17,classic_maxpressure,1.0,43,normal,,,,,,3600.0,600.0,,none,{},79a4c614ba59,completed,,F:\challenge-cup\output\runs\formal\runs\i17\classic_maxpressure\x1\s43\79a4c614ba59,9.025083333333335,9.025083333333335,2.22,2.22,19.172777777777778,19.172777777777778,17544.78733,48.73552036111111,0,360,7665.48,7665.48,21.293,2349,0,10.0,10.0,15,0,10,360,132,12
"{""algorithm"":""classic_maxpressure"",""algorithm_params"":{},""disturbance"":null,""duration_seconds"":3600.0,""flow_multiplier"":1.0,""scene_id"":""17"",""seed"":44,""warmup_seconds"":600.0}",17,17,classic_maxpressure,1.0,44,normal,,,,,,3600.0,600.0,,none,{},eb00cfcf28cc,completed,,F:\challenge-cup\output\runs\formal\runs\i17\classic_maxpressure\x1\s44\eb00cfcf28cc,8.903222222222222,8.903222222222222,2.2159999999999997,2.2159999999999997,19.125,19.125,17411.093800000002,48.36414944444445,0,360,7607.0,7607.0,21.130555555555556,2290,0,10.0,10.0,15,0,10,360,132,12
"{""algorithm"":""classic_maxpressure"",""algorithm_params"":{},""disturbance"":null,""duration_seconds"":3600.0,""flow_multiplier"":1.25,""scene_id"":""17"",""seed"":42,""warmup_seconds"":600.0}",17,17,classic_maxpressure,1.25,42,normal,,,,,,3600.0,600.0,,none,{},5b06e42d6ef8,completed,,F:\challenge-cup\output\runs\formal\runs\i17\classic_maxpressure\x1.25\s42\5b06e42d6ef8,10.921409395973154,10.921409395973154,2.336,2.336,21.098434004474274,21.098434004474274,23901.16422,53.47016604026845,0,447,10442.57,10442.57,23.36145413870246,2619,0,10.0,10.0,16,0,10,447,197,15
"{""algorithm"":""classic_maxpressure"",""algorithm_params"":{},""disturbance"":null,""duration_seconds"":3600.0,""flow_multiplier"":1.25,""scene_id"":""17"",""seed"":43,""warmup_seconds"":600.0}",17,17,classic_maxpressure,1.25,43,normal,,,,,,3600.0,600.0,,none,{},c64c9d74ee5a,completed,,F:\challenge-cup\output\runs\formal\runs\i17\classic_maxpressure\x1.25\s43\c64c9d74ee5a,10.810738255033556,10.810738255033556,2.3280000000000003,2.3280000000000003,20.963758389261745,20.963758389261745,23815.00289,53.27741138702461,0,447,10404.960000000001,10404.960000000001,23.27731543624161,2660,0,10.0,10.0,22,0,10,447,199,15
"{""algorithm"":""classic_maxpressure"",""algorithm_params"":{},""disturbance"":null,""duration_seconds"":3600.0,""flow_multiplier"":1.25,""scene_id"":""17"",""seed"":44,""warmup_seconds"":600.0}",17,17,classic_maxpressure,1.25,44,normal,,,,,,3600.0,600.0,,none,{},8ca7d6a075e1,completed,,F:\challenge-cup\output\runs\formal\runs\i17\classic_maxpressure\x1.25\s44\8ca7d6a075e1,11.074876957494407,11.074876957494407,2.336,2.336,21.275391498881433,21.275391498881433,23913.002379999998,53.4966496196868,0,447,10447.78,10447.78,23.3731096196868,2681,0,10.0,10.0,20,0,10,447,203,15
"{""algorithm"":""capacity_aware_maxpressure"",""algorithm_params"":{},""disturbance"":null,""duration_seconds"":3600.0,""flow_multiplier"":1.0,""scene_id"":""17"",""seed"":42,""warmup_seconds"":600.0}",17,17,capacity_aware_maxpressure,1.0,42,normal,,,,,,3600.0,600.0,,none,{},406315ad713a,completed,,F:\challenge-cup\output\runs\formal\runs\i17\capacity_aware_maxpressure\x1\s42\406315ad713a,13.64185595567867,13.64185595567867,2.26,2.26,23.85318559556787,23.85318559556787,21666.68759,60.018525180055406,0,361,9466.24,9466.24,26.222271468144044,2686,0,10.0,10.0,9,0,10,361,196,11
"{""algorithm"":""capacity_aware_maxpressure"",""algorithm_params"":{},""disturbance"":null,""duration_seconds"":3600.0,""flow_multiplier"":1.0,""scene_id"":""17"",""seed"":43,""warmup_seconds"":600.0}",17,17,capacity_aware_maxpressure,1.0,43,normal,,,,,,3600.0,600.0,,none,{},571ee6be3c18,completed,,F:\challenge-cup\output\runs\formal\runs\i17\capacity_aware_maxpressure\x1\s43\571ee6be3c18,13.437285318559557,13.437285318559557,2.2640000000000002,2.2640000000000002,23.581440443213296,23.581440443213296,21421.850010000002,59.340304736842114,0,361,9359.38,9359.38,25.92626038781163,2762,0,10.0,10.0,8,0,10,361,190,11
"{""algorithm"":""capacity_aware_maxpressure"",""algorithm_params"":{},""disturbance"":null,""duration_seconds"":3600.0,""flow_multiplier"":1.0,""scene_id"":""17"",""seed"":44,""warmup_seconds"":600.0}",17,17,capacity_aware_maxpressure,1.0,44,normal,,,,,,3600.0,600.0,,none,{},4545d8b1fdf2,completed,,F:\challenge-cup\output\runs\formal\runs\i17\capacity_aware_maxpressure\x1\s44\4545d8b1fdf2,13.477368421052631,13.477368421052631,2.256,2.256,23.695844875346264,23.695844875346264,21500.866260000003,59.55918631578948,0,361,9393.82,9393.82,26.021662049861494,2720,0,10.0,10.0,11,0,10,361,191,11
"{""algorithm"":""capacity_aware_maxpressure"",""algorithm_params"":{},""disturbance"":null,""duration_seconds"":3600.0,""flow_multiplier"":1.25,""scene_id"":""17"",""seed"":42,""warmup_seconds"":600.0}",17,17,capacity_aware_maxpressure,1.25,42,normal,,,,,,3600.0,600.0,,none,{},3bf73960755d,completed,,F:\challenge-cup\output\runs\formal\runs\i17\capacity_aware_maxpressure\x1.25\s42\3bf73960755d,14.100288888888889,14.100288888888889,2.316,2.316,24.27511111111111,24.27511111111111,27697.65383,61.550341844444446,0,450,12101.39,12101.39,26.891977777777775,3055,0,10.0,10.0,22,0,10,450,243,12
"{""algorithm"":""capacity_aware_maxpressure"",""algorithm_params"":{},""disturbance"":null,""duration_seconds"":3600.0,""flow_multiplier"":1.25,""scene_id"":""17"",""seed"":43,""warmup_seconds"":600.0}",17,17,capacity_aware_maxpressure,1.25,43,normal,,,,,,3600.0,600.0,,none,{},dd187fb17b38,completed,,F:\challenge-cup\output\runs\formal\runs\i17\capacity_aware_maxpressure\x1.25\s43\dd187fb17b38,13.972844444444444,13.972844444444444,2.312,2.312,24.121555555555556,24.121555555555556,27546.772350000003,61.21504966666667,0,450,12035.4,12035.4,26.74533333333333,3094,0,10.0,10.0,23,0,10,450,244,12
"{""algorithm"":""capacity_aware_maxpressure"",""algorithm_params"":{},""disturbance"":null,""duration_seconds"":3600.0,""flow_multiplier"":1.25,""scene_id"":""17"",""seed"":44,""warmup_seconds"":600.0}",17,17,capacity_aware_maxpressure,1.25,44,normal,,,,,,3600.0,600.0,,none,{},87862c616116,completed,,F:\challenge-cup\output\runs\formal\runs\i17\capacity_aware_maxpressure\x1.25\s44\87862c616116,13.99431111111111,13.99431111111111,2.32,2.32,24.198666666666664,24.198666666666664,27613.61619,61.363591533333334,0,450,12064.67,12064.67,26.810377777777777,2996,0,10.0,10.0,20,0,10,450,242,12
"{""algorithm"":""fixed_time"",""algorithm_params"":{},""disturbance"":null,""duration_seconds"":3600.0,""flow_multiplier"":1.0,""scene_id"":""18"",""seed"":42,""warmup_seconds"":600.0}",18,18,fixed_time,1.0,42,normal,,,,,,3600.0,600.0,,none,{},d55fb1bcb7e3,completed,,F:\challenge-cup\output\runs\formal\runs\i18\fixed_time\x1\s42\d55fb1bcb7e3,71.89781886792453,71.89781886792453,3.89875,3.89875,90.37969811320755,90.37969811320755,212553.71409999998,160.41789743396225,0,1325,92868.06,92868.06,70.08910188679245,6734,0,10.0,10.0,22,0,86,1325,1118,89
"{""algorithm"":""fixed_time"",""algorithm_params"":{},""disturbance"":null,""duration_seconds"":3600.0,""flow_multiplier"":1.0,""scene_id"":""18"",""seed"":43,""warmup_seconds"":600.0}",18,18,fixed_time,1.0,43,normal,,,,,,3600.0,600.0,,none,{},3e32f9238027,completed,,F:\challenge-cup\output\runs\formal\runs\i18\fixed_time\x1\s43\3e32f9238027,59.87230651340996,59.87230651340996,3.86,3.86,78.26605363984675,78.26605363984675,185851.35749000002,142.41483332567051,0,1305,81201.2,81201.2,62.22314176245211,6683,0,10.0,10.0,14,0,87,1305,1070,91
"{""algorithm"":""fixed_time"",""algorithm_params"":{},""disturbance"":null,""duration_seconds"":3600.0,""flow_multiplier"":1.0,""scene_id"":""18"",""seed"":44,""warmup_seconds"":600.0}",18,18,fixed_time,1.0,44,normal,,,,,,3600.0,600.0,,none,{},085dc7b142be,completed,,F:\challenge-cup\output\runs\formal\runs\i18\fixed_time\x1\s44\085dc7b142be,65.3597932618683,65.3597932618683,3.92,3.92,83.78039816232771,83.78039816232771,196648.55609,150.57316699081164,0,1306,85918.59,85918.59,65.78758805513017,6708,0,10.0,10.0,14,0,86,1306,1077,90
"{""algorithm"":""fixed_time"",""algorithm_params"":{},""disturbance"":null,""duration_seconds"":3600.0,""flow_multiplier"":1.25,""scene_id"":""18"",""seed"":42,""warmup_seconds"":600.0}",18,18,fixed_time,1.25,42,normal,,,,,,3600.0,600.0,,none,{},95d4dfe12ac4,completed,,F:\challenge-cup\output\runs\formal\runs\i18\fixed_time\x1.25\s42\95d4dfe12ac4,65.36801621958827,65.36801621958827,4.12625,4.12625,83.94466625077978,83.94466625077978,240417.3044,149.9796034934498,0,1603,105041.84,105041.84,65.52828446662508,6517,0,10.0,10.0,16,0,86,1603,1763,110
"{""algorithm"":""fixed_time"",""algorithm_params"":{},""disturbance"":null,""duration_seconds"":3600.0,""flow_multiplier"":1.25,""scene_id"":""18"",""seed"":43,""warmup_seconds"":600.0}",18,18,fixed_time,1.25,43,normal,,,,,,3600.0,600.0,,none,{},2fcca0ab8fa9,completed,,F:\challenge-cup\output\runs\formal\runs\i18\fixed_time\x1.25\s43\2fcca0ab8fa9,66.23081132075473,66.23081132075473,4.07375,4.07375,84.73025157232705,84.73025157232705,240170.17176,151.05042249056604,0,1590,104933.71,104933.71,65.99604402515723,6482,0,10.0,10.0,16,0,84,1590,1734,111
"{""algorithm"":""fixed_time"",""algorithm_params"":{},""disturbance"":null,""duration_seconds"":3600.0,""flow_multiplier"":1.25,""scene_id"":""18"",""seed"":44,""warmup_seconds"":600.0}",18,18,fixed_time,1.25,44,normal,,,,,,3600.0,600.0,,none,{},7fffb767668d,completed,,F:\challenge-cup\output\runs\formal\runs\i18\fixed_time\x1.25\s44\7fffb767668d,68.13535959974985,68.13535959974985,4.10625,4.10625,86.75447154471544,86.75447154471544,245559.17359999998,153.5704650406504,0,1599,107288.28,107288.28,67.09711069418387,6420,0,10.0,10.0,8,0,86,1599,1788,110
"{""algorithm"":""classic_maxpressure"",""algorithm_params"":{},""disturbance"":null,""duration_seconds"":3600.0,""flow_multiplier"":1.0,""scene_id"":""18"",""seed"":42,""warmup_seconds"":600.0}",18,18,classic_maxpressure,1.0,42,normal,,,,,,3600.0,600.0,,none,{},d1b82936d560,completed,,F:\challenge-cup\output\runs\formal\runs\i18\classic_maxpressure\x1\s42\d1b82936d560,71.89781886792453,71.89781886792453,3.89875,3.89875,90.37969811320755,90.37969811320755,212553.71409999998,160.41789743396225,0,1325,92868.06,92868.06,70.08910188679245,6734,0,10.0,10.0,22,0,86,1325,1118,89
"{""algorithm"":""classic_maxpressure"",""algorithm_params"":{},""disturbance"":null,""duration_seconds"":3600.0,""flow_multiplier"":1.0,""scene_id"":""18"",""seed"":43,""warmup_seconds"":600.0}",18,18,classic_maxpressure,1.0,43,normal,,,,,,3600.0,600.0,,none,{},9fceed51c163,completed,,F:\challenge-cup\output\runs\formal\runs\i18\classic_maxpressure\x1\s43\9fceed51c163,59.87230651340996,59.87230651340996,3.86,3.86,78.26605363984675,78.26605363984675,185851.35749000002,142.41483332567051,0,1305,81201.2,81201.2,62.22314176245211,6683,0,10.0,10.0,14,0,87,1305,1070,91
"{""algorithm"":""classic_maxpressure"",""algorithm_params"":{},""disturbance"":null,""duration_seconds"":3600.0,""flow_multiplier"":1.0,""scene_id"":""18"",""seed"":44,""warmup_seconds"":600.0}",18,18,classic_maxpressure,1.0,44,normal,,,,,,3600.0,600.0,,none,{},5886f923b5f0,completed,,F:\challenge-cup\output\runs\formal\runs\i18\classic_maxpressure\x1\s44\5886f923b5f0,65.3597932618683,65.3597932618683,3.92,3.92,83.78039816232771,83.78039816232771,196648.55609,150.57316699081164,0,1306,85918.59,85918.59,65.78758805513017,6708,0,10.0,10.0,14,0,86,1306,1077,90
"{""algorithm"":""classic_maxpressure"",""algorithm_params"":{},""disturbance"":null,""duration_seconds"":3600.0,""flow_multiplier"":1.25,""scene_id"":""18"",""seed"":42,""warmup_seconds"":600.0}",18,18,classic_maxpressure,1.25,42,normal,,,,,,3600.0,600.0,,none,{},c99a0119e28a,completed,,F:\challenge-cup\output\runs\formal\runs\i18\classic_maxpressure\x1.25\s42\c99a0119e28a,65.36801621958827,65.36801621958827,4.12625,4.12625,83.94466625077978,83.94466625077978,240417.3044,149.9796034934498,0,1603,105041.84,105041.84,65.52828446662508,6517,0,10.0,10.0,16,0,86,1603,1763,110
"{""algorithm"":""classic_maxpressure"",""algorithm_params"":{},""disturbance"":null,""duration_seconds"":3600.0,""flow_multiplier"":1.25,""scene_id"":""18"",""seed"":43,""warmup_seconds"":600.0}",18,18,classic_maxpressure,1.25,43,normal,,,,,,3600.0,600.0,,none,{},46cf904246b1,completed,,F:\challenge-cup\output\runs\formal\runs\i18\classic_maxpressure\x1.25\s43\46cf904246b1,66.23081132075473,66.23081132075473,4.07375,4.07375,84.73025157232705,84.73025157232705,240170.17176,151.05042249056604,0,1590,104933.71,104933.71,65.99604402515723,6482,0,10.0,10.0,16,0,84,1590,1734,111
"{""algorithm"":""classic_maxpressure"",""algorithm_params"":{},""disturbance"":null,""duration_seconds"":3600.0,""flow_multiplier"":1.25,""scene_id"":""18"",""seed"":44,""warmup_seconds"":600.0}",18,18,classic_maxpressure,1.25,44,normal,,,,,,3600.0,600.0,,none,{},16cd1465369b,completed,,F:\challenge-cup\output\runs\formal\runs\i18\classic_maxpressure\x1.25\s44\16cd1465369b,68.13535959974985,68.13535959974985,4.10625,4.10625,86.75447154471544,86.75447154471544,245559.17359999998,153.5704650406504,0,1599,107288.28,107288.28,67.09711069418387,6420,0,10.0,10.0,8,0,86,1599,1788,110
"{""algorithm"":""capacity_aware_maxpressure"",""algorithm_params"":{},""disturbance"":null,""duration_seconds"":3600.0,""flow_multiplier"":1.0,""scene_id"":""18"",""seed"":42,""warmup_seconds"":600.0}",18,18,capacity_aware_maxpressure,1.0,42,normal,,,,,,3600.0,600.0,,none,{},c34238995e0e,completed,,F:\challenge-cup\output\runs\formal\runs\i18\capacity_aware_maxpressure\x1\s42\c34238995e0e,69.36728865194212,69.36728865194212,3.8525,3.8525,87.84539223153085,87.84539223153085,206170.27362999998,157.0222952246763,0,1313,90078.78,90078.78,68.60531607006854,6791,0,10.0,10.0,12,0,86,1313,1148,83
"{""algorithm"":""capacity_aware_maxpressure"",""algorithm_params"":{},""disturbance"":null,""duration_seconds"":3600.0,""flow_multiplier"":1.0,""scene_id"":""18"",""seed"":43,""warmup_seconds"":600.0}",18,18,capacity_aware_maxpressure,1.0,43,normal,,,,,,3600.0,600.0,,none,{},984000d46f52,completed,,F:\challenge-cup\output\runs\formal\runs\i18\capacity_aware_maxpressure\x1\s43\984000d46f52,64.75701901140684,64.75701901140684,3.84125,3.84125,83.11566539923955,83.11566539923955,197714.22752000001,150.35302473003804,0,1315,86384.22,86384.22,65.69142205323195,6704,0,10.0,10.0,13,0,84,1315,1127,82
"{""algorithm"":""capacity_aware_maxpressure"",""algorithm_params"":{},""disturbance"":null,""duration_seconds"":3600.0,""flow_multiplier"":1.0,""scene_id"":""18"",""seed"":44,""warmup_seconds"":600.0}",18,18,capacity_aware_maxpressure,1.0,44,normal,,,,,,3600.0,600.0,,none,{},5928fc59be2f,completed,,F:\challenge-cup\output\runs\formal\runs\i18\capacity_aware_maxpressure\x1\s44\5928fc59be2f,70.67755335365854,70.67755335365854,3.89,3.89,89.12850609756099,89.12850609756099,208480.99704,158.90319896341464,0,1312,91088.33,91088.33,69.42708079268293,6739,0,10.0,10.0,16,0,87,1312,1170,83
"{""algorithm"":""capacity_aware_maxpressure"",""algorithm_params"":{},""disturbance"":null,""duration_seconds"":3600.0,""flow_multiplier"":1.25,""scene_id"":""18"",""seed"":42,""warmup_seconds"":600.0}",18,18,capacity_aware_maxpressure,1.25,42,normal,,,,,,3600.0,600.0,,none,{},ab45f8ddbb36,completed,,F:\challenge-cup\output\runs\formal\runs\i18\capacity_aware_maxpressure\x1.25\s42\ab45f8ddbb36,84.85345088161209,84.85345088161209,4.135,4.135,103.38923173803526,103.38923173803526,280137.91747000004,176.40926792821162,0,1588,122396.29,122396.29,77.07574937027708,6563,0,10.0,10.0,11,0,85,1588,2310,105
"{""algorithm"":""capacity_aware_maxpressure"",""algorithm_params"":{},""disturbance"":null,""duration_seconds"":3600.0,""flow_multiplier"":1.25,""scene_id"":""18"",""seed"":43,""warmup_seconds"":600.0}",18,18,capacity_aware_maxpressure,1.25,43,normal,,,,,,3600.0,600.0,,none,{},c4d806c755b6,completed,,F:\challenge-cup\output\runs\formal\runs\i18\capacity_aware_maxpressure\x1.25\s43\c4d806c755b6,85.13417938931298,85.13417938931298,4.1325,4.1325,103.61666666666666,103.61666666666666,278094.21206,176.9047150508906,0,1572,121503.53,121503.53,77.29232188295165,6509,0,10.0,10.0,15,0,86,1572,2290,107
"{""algorithm"":""capacity_aware_maxpressure"",""algorithm_params"":{},""disturbance"":null,""duration_seconds"":3600.0,""flow_multiplier"":1.25,""scene_id"":""18"",""seed"":44,""warmup_seconds"":600.0}",18,18,capacity_aware_maxpressure,1.25,44,normal,,,,,,3600.0,600.0,,none,{},a0d50f8e1d2a,completed,,F:\challenge-cup\output\runs\formal\runs\i18\capacity_aware_maxpressure\x1.25\s44\a0d50f8e1d2a,82.06987951807228,82.06987951807228,4.09375,4.09375,100.65770450221942,100.65770450221942,271877.53852999996,172.40173654407099,0,1577,118787.23,118787.23,75.32481293595434,6583,0,10.0,10.0,7,0,84,1577,2296,105
"{""algorithm"":""fixed_time"",""algorithm_params"":{},""disturbance"":null,""duration_seconds"":3600.0,""flow_multiplier"":1.0,""scene_id"":""19"",""seed"":42,""warmup_seconds"":600.0}",19,19,fixed_time,1.0,42,normal,,,,,,3600.0,600.0,,none,{},d1f66cf8199a,completed,,F:\challenge-cup\output\runs\formal\runs\i19\fixed_time\x1\s42\d1f66cf8199a,16.528933901918975,16.528933901918975,0.7,0.7,29.747441364605542,29.747441364605542,63571.29475,67.77323534115139,0,938,27775.04,27775.04,29.61091684434968,5722,0,5.0,5.0,113,0,0,938,615,9
"{""algorithm"":""fixed_time"",""algorithm_params"":{},""disturbance"":null,""duration_seconds"":3600.0,""flow_multiplier"":1.0,""scene_id"":""19"",""seed"":43,""warmup_seconds"":600.0}",19,19,fixed_time,1.0,43,normal,,,,,,3600.0,600.0,,none,{},b7f813d12db8,completed,,F:\challenge-cup\output\runs\formal\runs\i19\fixed_time\x1\s43\b7f813d12db8,16.134605543710023,16.134605543710023,0.6971428571428571,0.6971428571428571,29.34264392324094,29.34264392324094,62838.74138,66.99226159914713,0,938,27454.94,27454.94,29.26965884861407,5741,0,5.0,5.0,114,0,0,938,602,9
"{""algorithm"":""fixed_time"",""algorithm_params"":{},""disturbance"":null,""duration_seconds"":3600.0,""flow_multiplier"":1.0,""scene_id"":""19"",""seed"":44,""warmup_seconds"":600.0}",19,19,fixed_time,1.0,44,normal,,,,,,3600.0,600.0,,none,{},d5efed89759e,completed,,F:\challenge-cup\output\runs\formal\runs\i19\fixed_time\x1\s44\d5efed89759e,15.946620469083156,15.946620469083156,0.6857142857142857,0.6857142857142857,29.195309168443497,29.195309168443497,62403.26864,66.52800494669509,0,938,27264.57,27264.57,29.066705756929636,5771,0,5.0,5.0,108,0,0,938,598,9
"{""algorithm"":""fixed_time"",""algorithm_params"":{},""disturbance"":null,""duration_seconds"":3600.0,""flow_multiplier"":1.25,""scene_id"":""19"",""seed"":42,""warmup_seconds"":600.0}",19,19,fixed_time,1.25,42,normal,,,,,,3600.0,600.0,,none,{},6d094a7a61bb,completed,,F:\challenge-cup\output\runs\formal\runs\i19\fixed_time\x1.25\s42\6d094a7a61bb,17.191982978723406,17.191982978723406,0.86,0.86,30.439063829787234,30.439063829787234,81168.62215000001,69.07967842553192,0,1175,35463.28,35463.28,30.18151489361702,6420,0,5.0,5.0,151,0,0,1175,795,11
"{""algorithm"":""fixed_time"",""algorithm_params"":{},""disturbance"":null,""duration_seconds"":3600.0,""flow_multiplier"":1.25,""scene_id"":""19"",""seed"":43,""warmup_seconds"":600.0}",19,19,fixed_time,1.25,43,normal,,,,,,3600.0,600.0,,none,{},951d34afd97a,completed,,F:\challenge-cup\output\runs\formal\runs\i19\fixed_time\x1.25\s43\951d34afd97a,17.25160136286201,17.25160136286201,0.8714285714285714,0.8714285714285714,30.43824531516184,30.43824531516184,81292.5994,69.24412214650768,0,1174,35517.38,35517.38,30.253304940374786,6412,0,5.0,5.0,155,0,0,1174,790,12
"{""algorithm"":""fixed_time"",""algorithm_params"":{},""disturbance"":null,""duration_seconds"":3600.0,""flow_multiplier"":1.25,""scene_id"":""19"",""seed"":44,""warmup_seconds"":600.0}",19,19,fixed_time,1.25,44,normal,,,,,,3600.0,600.0,,none,{},c202903e7591,completed,,F:\challenge-cup\output\runs\formal\runs\i19\fixed_time\x1.25\s44\c202903e7591,17.209488926746165,17.209488926746165,0.8628571428571429,0.8628571428571429,30.461413969335602,30.461413969335602,81131.6539,69.10703057921636,0,1174,35446.95,35446.95,30.19331345826235,6372,0,5.0,5.0,159,0,0,1174,783,12
"{""algorithm"":""classic_maxpressure"",""algorithm_params"":{},""disturbance"":null,""duration_seconds"":3600.0,""flow_multiplier"":1.0,""scene_id"":""19"",""seed"":42,""warmup_seconds"":600.0}",19,19,classic_maxpressure,1.0,42,normal,,,,,,3600.0,600.0,,none,{},71adfe2cbecd,completed,,F:\challenge-cup\output\runs\formal\runs\i19\classic_maxpressure\x1\s42\71adfe2cbecd,9.204475079533404,9.204475079533404,0.42857142857142855,0.42857142857142855,22.426829268292682,22.426829268292682,54920.400310000005,58.24008516436904,0,943,23995.12,23995.12,25.445514316012723,9058,0,2.0,2.0,136,0,0,943,607,4
"{""algorithm"":""classic_maxpressure"",""algorithm_params"":{},""disturbance"":null,""duration_seconds"":3600.0,""flow_multiplier"":1.0,""scene_id"":""19"",""seed"":43,""warmup_seconds"":600.0}",19,19,classic_maxpressure,1.0,43,normal,,,,,,3600.0,600.0,,none,{},0d6b6cc3a20f,completed,,F:\challenge-cup\output\runs\formal\runs\i19\classic_maxpressure\x1\s43\0d6b6cc3a20f,9.277537154989385,9.277537154989385,0.4257142857142857,0.4257142857142857,22.490976645435243,22.490976645435243,54876.896049999996,58.255728290870486,0,942,23976.04,23976.04,25.45227176220807,9028,0,2.0,2.0,133,0,0,942,605,5
"{""algorithm"":""classic_maxpressure"",""algorithm_params"":{},""disturbance"":null,""duration_seconds"":3600.0,""flow_multiplier"":1.0,""scene_id"":""19"",""seed"":44,""warmup_seconds"":600.0}",19,19,classic_maxpressure,1.0,44,normal,,,,,,3600.0,600.0,,none,{},1e4a76f575c4,completed,,F:\challenge-cup\output\runs\formal\runs\i19\classic_maxpressure\x1\s44\1e4a76f575c4,9.167518557794272,9.167518557794272,0.44285714285714284,0.44285714285714284,22.4101802757158,22.4101802757158,54729.761159999995,58.037922757158,0,943,23911.77,23911.77,25.35712619300106,9002,0,2.0,2.0,142,0,0,943,602,4
"{""algorithm"":""classic_maxpressure"",""algorithm_params"":{},""disturbance"":null,""duration_seconds"":3600.0,""flow_multiplier"":1.25,""scene_id"":""19"",""seed"":42,""warmup_seconds"":600.0}",19,19,classic_maxpressure,1.25,42,normal,,,,,,3600.0,600.0,,none,{},6068a0e78598,completed,,F:\challenge-cup\output\runs\formal\runs\i19\classic_maxpressure\x1.25\s42\6068a0e78598,11.18606779661017,11.18606779661017,0.6085714285714285,0.6085714285714285,24.430084745762713,24.430084745762713,73082.57332,61.93438416949152,0,1180,31930.03,31930.03,27.05934745762712,9567,0,3.0,3.0,214,0,0,1180,838,6
"{""algorithm"":""classic_maxpressure"",""algorithm_params"":{},""disturbance"":null,""duration_seconds"":3600.0,""flow_multiplier"":1.25,""scene_id"":""19"",""seed"":43,""warmup_seconds"":600.0}",19,19,classic_maxpressure,1.25,43,normal,,,,,,3600.0,600.0,,none,{},ee8cf7dd6f16,completed,,F:\challenge-cup\output\runs\formal\runs\i19\classic_maxpressure\x1.25\s43\ee8cf7dd6f16,11.2687383573243,11.2687383573243,0.5742857142857143,0.5742857142857143,24.45961049957663,24.45961049957663,73424.47615,62.171444665537685,0,1181,32079.76,32079.76,27.163217612193055,9619,0,3.0,3.0,203,0,0,1181,833,5
"{""algorithm"":""classic_maxpressure"",""algorithm_params"":{},""disturbance"":null,""duration_seconds"":3600.0,""flow_multiplier"":1.25,""scene_id"":""19"",""seed"":44,""warmup_seconds"":600.0}",19,19,classic_maxpressure,1.25,44,normal,,,,,,3600.0,600.0,,none,{},cb29a4e8226e,completed,,F:\challenge-cup\output\runs\formal\runs\i19\classic_maxpressure\x1.25\s44\cb29a4e8226e,11.070771186440679,11.070771186440679,0.5657142857142857,0.5657142857142857,24.32593220338983,24.32593220338983,72725.79609,61.63203058474576,0,1180,31774.51,31774.51,26.927550847457624,9587,0,3.0,3.0,207,0,0,1180,830,6
"{""algorithm"":""capacity_aware_maxpressure"",""algorithm_params"":{},""disturbance"":null,""duration_seconds"":3600.0,""flow_multiplier"":1.0,""scene_id"":""19"",""seed"":42,""warmup_seconds"":600.0}",19,19,capacity_aware_maxpressure,1.0,42,normal,,,,,,3600.0,600.0,,none,{},9278bc3fa388,completed,,F:\challenge-cup\output\runs\formal\runs\i19\capacity_aware_maxpressure\x1\s42\9278bc3fa388,9.204475079533404,9.204475079533404,0.42857142857142855,0.42857142857142855,22.426829268292682,22.426829268292682,54920.400310000005,58.24008516436904,0,943,23995.12,23995.12,25.445514316012723,9058,0,2.0,2.0,136,0,0,943,607,4
"{""algorithm"":""capacity_aware_maxpressure"",""algorithm_params"":{},""disturbance"":null,""duration_seconds"":3600.0,""flow_multiplier"":1.0,""scene_id"":""19"",""seed"":43,""warmup_seconds"":600.0}",19,19,capacity_aware_maxpressure,1.0,43,normal,,,,,,3600.0,600.0,,none,{},1676d2d23ac5,completed,,F:\challenge-cup\output\runs\formal\runs\i19\capacity_aware_maxpressure\x1\s43\1676d2d23ac5,9.283131634819531,9.283131634819531,0.4257142857142857,0.4257142857142857,22.49660297239915,22.49660297239915,54863.27585,58.241269479830144,0,942,23970.0,23970.0,25.445859872611464,8973,0,2.0,2.0,134,0,0,942,603,5
"{""algorithm"":""capacity_aware_maxpressure"",""algorithm_params"":{},""disturbance"":null,""duration_seconds"":3600.0,""flow_multiplier"":1.0,""scene_id"":""19"",""seed"":44,""warmup_seconds"":600.0}",19,19,capacity_aware_maxpressure,1.0,44,normal,,,,,,3600.0,600.0,,none,{},17292ac570a5,completed,,F:\challenge-cup\output\runs\formal\runs\i19\capacity_aware_maxpressure\x1\s44\17292ac570a5,9.167518557794272,9.167518557794272,0.44285714285714284,0.44285714285714284,22.4101802757158,22.4101802757158,54729.761159999995,58.037922757158,0,943,23911.77,23911.77,25.35712619300106,9002,0,2.0,2.0,142,0,0,943,602,4
"{""algorithm"":""capacity_aware_maxpressure"",""algorithm_params"":{},""disturbance"":null,""duration_seconds"":3600.0,""flow_multiplier"":1.25,""scene_id"":""19"",""seed"":42,""warmup_seconds"":600.0}",19,19,capacity_aware_maxpressure,1.25,42,normal,,,,,,3600.0,600.0,,none,{},7d56df985d90,completed,,F:\challenge-cup\output\runs\formal\runs\i19\capacity_aware_maxpressure\x1.25\s42\7d56df985d90,11.32713801862828,11.32713801862828,0.5971428571428572,0.5971428571428572,24.573920406435224,24.573920406435224,73445.37909999999,62.18914403048264,0,1181,32088.72,32088.72,27.170804403048265,9550,0,3.0,3.0,215,0,0,1181,849,5
"{""algorithm"":""capacity_aware_maxpressure"",""algorithm_params"":{},""disturbance"":null,""duration_seconds"":3600.0,""flow_multiplier"":1.25,""scene_id"":""19"",""seed"":43,""warmup_seconds"":600.0}",19,19,capacity_aware_maxpressure,1.25,43,normal,,,,,,3600.0,600.0,,none,{},f958b30d811d,completed,,F:\challenge-cup\output\runs\formal\runs\i19\capacity_aware_maxpressure\x1.25\s43\f958b30d811d,11.141507197290432,11.141507197290432,0.5914285714285714,0.5914285714285714,24.331583403895003,24.331583403895003,73144.93231999999,61.93474370872141,0,1181,31957.73,31957.73,27.059889923793396,9610,0,3.0,3.0,215,0,0,1181,827,5
"{""algorithm"":""capacity_aware_maxpressure"",""algorithm_params"":{},""disturbance"":null,""duration_seconds"":3600.0,""flow_multiplier"":1.25,""scene_id"":""19"",""seed"":44,""warmup_seconds"":600.0}",19,19,capacity_aware_maxpressure,1.25,44,normal,,,,,,3600.0,600.0,,none,{},3c526002acee,completed,,F:\challenge-cup\output\runs\formal\runs\i19\capacity_aware_maxpressure\x1.25\s44\3c526002acee,11.145322033898305,11.145322033898305,0.5857142857142857,0.5857142857142857,24.40050847457627,24.40050847457627,72784.98056,61.682186915254235,0,1180,31800.18,31800.18,26.949305084745763,9532,0,3.0,3.0,209,0,0,1180,838,6
"{""algorithm"":""fixed_time"",""algorithm_params"":{},""disturbance"":null,""duration_seconds"":3600.0,""flow_multiplier"":1.0,""scene_id"":""20"",""seed"":42,""warmup_seconds"":600.0}",20,20,fixed_time,1.0,42,normal,,,,,,3600.0,600.0,,none,{},d32bfd9440ad,completed,,F:\challenge-cup\output\runs\formal\runs\i20\fixed_time\x1\s42\d32bfd9440ad,66.41107212475633,66.41107212475633,1.5661538461538462,1.5661538461538462,79.31432748538012,79.31432748538012,146667.73048,142.95100436647172,0,1026,64081.25,64081.25,62.45735867446394,5343,0,8.0,8.0,48,0,0,1026,946,25
"{""algorithm"":""fixed_time"",""algorithm_params"":{},""disturbance"":null,""duration_seconds"":3600.0,""flow_multiplier"":1.0,""scene_id"":""20"",""seed"":43,""warmup_seconds"":600.0}",20,20,fixed_time,1.0,43,normal,,,,,,3600.0,600.0,,none,{},3e3420ba3546,completed,,F:\challenge-cup\output\runs\formal\runs\i20\fixed_time\x1\s43\3e3420ba3546,66.26592195121952,66.26592195121952,1.5707692307692307,1.5707692307692307,79.10741463414635,79.10741463414635,146489.13913,142.91623329756098,0,1025,64003.28,64003.28,62.4422243902439,5233,0,8.0,8.0,37,0,0,1025,945,26
"{""algorithm"":""fixed_time"",""algorithm_params"":{},""disturbance"":null,""duration_seconds"":3600.0,""flow_multiplier"":1.0,""scene_id"":""20"",""seed"":44,""warmup_seconds"":600.0}",20,20,fixed_time,1.0,44,normal,,,,,,3600.0,600.0,,none,{},1153e2985dd7,completed,,F:\challenge-cup\output\runs\formal\runs\i20\fixed_time\x1\s44\1153e2985dd7,66.55607385811467,66.55607385811467,1.573846153846154,1.573846153846154,79.46093294460641,79.46093294460641,147094.50452000002,142.94898398445093,0,1029,64267.74,64267.74,62.45650145772595,5326,0,8.0,8.0,48,0,0,1029,953,25
"{""algorithm"":""fixed_time"",""algorithm_params"":{},""disturbance"":null,""duration_seconds"":3600.0,""flow_multiplier"":1.25,""scene_id"":""20"",""seed"":42,""warmup_seconds"":600.0}",20,20,fixed_time,1.25,42,normal,,,,,,3600.0,600.0,,none,{},7868d1a153b4,completed,,F:\challenge-cup\output\runs\formal\runs\i20\fixed_time\x1.25\s42\7868d1a153b4,64.17895901639345,64.17895901639345,1.7769230769230768,1.7769230769230768,77.1117213114754,77.1117213114754,169991.6727,139.33743663934425,0,1220,74271.84,74271.84,60.87855737704918,5521,0,8.0,8.0,36,0,0,1220,1131,22
"{""algorithm"":""fixed_time"",""algorithm_params"":{},""disturbance"":null,""duration_seconds"":3600.0,""flow_multiplier"":1.25,""scene_id"":""20"",""seed"":43,""warmup_seconds"":600.0}",20,20,fixed_time,1.25,43,normal,,,,,,3600.0,600.0,,none,{},1cc2a7661848,completed,,F:\challenge-cup\output\runs\formal\runs\i20\fixed_time\x1.25\s43\1cc2a7661848,63.03588091353997,63.03588091353997,1.7707692307692307,1.7707692307692307,75.9394779771615,75.9394779771615,168895.23691,137.76120465742252,0,1226,73792.76,73792.76,60.18985318107667,5693,0,8.0,8.0,36,0,0,1226,1107,22
"{""algorithm"":""fixed_time"",""algorithm_params"":{},""disturbance"":null,""duration_seconds"":3600.0,""flow_multiplier"":1.25,""scene_id"":""20"",""seed"":44,""warmup_seconds"":600.0}",20,20,fixed_time,1.25,44,normal,,,,,,3600.0,600.0,,none,{},eaaefbc5dbbf,completed,,F:\challenge-cup\output\runs\formal\runs\i20\fixed_time\x1.25\s44\eaaefbc5dbbf,63.31898940505297,63.31898940505297,1.7615384615384615,1.7615384615384615,76.28492257538713,76.28492257538713,169195.52449,137.89366299103506,0,1227,73923.96,73923.96,60.2477261613692,5599,0,8.0,8.0,44,0,0,1227,1118,21
"{""algorithm"":""classic_maxpressure"",""algorithm_params"":{},""disturbance"":null,""duration_seconds"":3600.0,""flow_multiplier"":1.0,""scene_id"":""20"",""seed"":42,""warmup_seconds"":600.0}",20,20,classic_maxpressure,1.0,42,normal,,,,,,3600.0,600.0,,none,{},1b591ad6c4bf,completed,,F:\challenge-cup\output\runs\formal\runs\i20\classic_maxpressure\x1\s42\1b591ad6c4bf,66.41107212475633,66.41107212475633,1.5661538461538462,1.5661538461538462,79.31432748538012,79.31432748538012,146667.73048,142.95100436647172,0,1026,64081.25,64081.25,62.45735867446394,5343,0,8.0,8.0,48,0,0,1026,946,25
"{""algorithm"":""classic_maxpressure"",""algorithm_params"":{},""disturbance"":null,""duration_seconds"":3600.0,""flow_multiplier"":1.0,""scene_id"":""20"",""seed"":43,""warmup_seconds"":600.0}",20,20,classic_maxpressure,1.0,43,normal,,,,,,3600.0,600.0,,none,{},7c1a9291583b,completed,,F:\challenge-cup\output\runs\formal\runs\i20\classic_maxpressure\x1\s43\7c1a9291583b,66.26592195121952,66.26592195121952,1.5707692307692307,1.5707692307692307,79.10741463414635,79.10741463414635,146489.13913,142.91623329756098,0,1025,64003.28,64003.28,62.4422243902439,5233,0,8.0,8.0,37,0,0,1025,945,26
"{""algorithm"":""classic_maxpressure"",""algorithm_params"":{},""disturbance"":null,""duration_seconds"":3600.0,""flow_multiplier"":1.0,""scene_id"":""20"",""seed"":44,""warmup_seconds"":600.0}",20,20,classic_maxpressure,1.0,44,normal,,,,,,3600.0,600.0,,none,{},bbbe7ca54f37,completed,,F:\challenge-cup\output\runs\formal\runs\i20\classic_maxpressure\x1\s44\bbbe7ca54f37,66.55607385811467,66.55607385811467,1.573846153846154,1.573846153846154,79.46093294460641,79.46093294460641,147094.50452000002,142.94898398445093,0,1029,64267.74,64267.74,62.45650145772595,5326,0,8.0,8.0,48,0,0,1029,953,25
"{""algorithm"":""classic_maxpressure"",""algorithm_params"":{},""disturbance"":null,""duration_seconds"":3600.0,""flow_multiplier"":1.25,""scene_id"":""20"",""seed"":42,""warmup_seconds"":600.0}",20,20,classic_maxpressure,1.25,42,normal,,,,,,3600.0,600.0,,none,{},9fad5d56af9f,completed,,F:\challenge-cup\output\runs\formal\runs\i20\classic_maxpressure\x1.25\s42\9fad5d56af9f,64.17895901639345,64.17895901639345,1.7769230769230768,1.7769230769230768,77.1117213114754,77.1117213114754,169991.6727,139.33743663934425,0,1220,74271.84,74271.84,60.87855737704918,5521,0,8.0,8.0,36,0,0,1220,1131,22
"{""algorithm"":""classic_maxpressure"",""algorithm_params"":{},""disturbance"":null,""duration_seconds"":3600.0,""flow_multiplier"":1.25,""scene_id"":""20"",""seed"":43,""warmup_seconds"":600.0}",20,20,classic_maxpressure,1.25,43,normal,,,,,,3600.0,600.0,,none,{},0097aa6b430e,completed,,F:\challenge-cup\output\runs\formal\runs\i20\classic_maxpressure\x1.25\s43\0097aa6b430e,63.03588091353997,63.03588091353997,1.7707692307692307,1.7707692307692307,75.9394779771615,75.9394779771615,168895.23691,137.76120465742252,0,1226,73792.76,73792.76,60.18985318107667,5693,0,8.0,8.0,36,0,0,1226,1107,22
"{""algorithm"":""classic_maxpressure"",""algorithm_params"":{},""disturbance"":null,""duration_seconds"":3600.0,""flow_multiplier"":1.25,""scene_id"":""20"",""seed"":44,""warmup_seconds"":600.0}",20,20,classic_maxpressure,1.25,44,normal,,,,,,3600.0,600.0,,none,{},7f4704f822ef,completed,,F:\challenge-cup\output\runs\formal\runs\i20\classic_maxpressure\x1.25\s44\7f4704f822ef,63.31898940505297,63.31898940505297,1.7615384615384615,1.7615384615384615,76.28492257538713,76.28492257538713,169195.52449,137.89366299103506,0,1227,73923.96,73923.96,60.2477261613692,5599,0,8.0,8.0,44,0,0,1227,1118,21
"{""algorithm"":""capacity_aware_maxpressure"",""algorithm_params"":{},""disturbance"":null,""duration_seconds"":3600.0,""flow_multiplier"":1.0,""scene_id"":""20"",""seed"":42,""warmup_seconds"":600.0}",20,20,capacity_aware_maxpressure,1.0,42,normal,,,,,,3600.0,600.0,,none,{},bcf7e6acc9d1,completed,,F:\challenge-cup\output\runs\formal\runs\i20\capacity_aware_maxpressure\x1\s42\bcf7e6acc9d1,63.10695895522388,63.10695895522388,1.6,1.6,75.97276119402986,75.97276119402986,148201.18385,138.24737299440298,0,1072,64751.21,64751.21,60.40224813432836,5415,0,8.0,8.0,38,0,0,1072,1005,23
"{""algorithm"":""capacity_aware_maxpressure"",""algorithm_params"":{},""disturbance"":null,""duration_seconds"":3600.0,""flow_multiplier"":1.0,""scene_id"":""20"",""seed"":43,""warmup_seconds"":600.0}",20,20,capacity_aware_maxpressure,1.0,43,normal,,,,,,3600.0,600.0,,none,{},fcffe96b5f10,completed,,F:\challenge-cup\output\runs\formal\runs\i20\capacity_aware_maxpressure\x1\s43\fcffe96b5f10,63.72020657276995,63.72020657276995,1.5876923076923077,1.5876923076923077,76.54713615023473,76.54713615023473,148349.03944,139.294872713615,0,1065,64815.840000000004,64815.840000000004,60.85994366197183,5485,0,8.0,8.0,49,0,0,1065,1003,22
"{""algorithm"":""capacity_aware_maxpressure"",""algorithm_params"":{},""disturbance"":null,""duration_seconds"":3600.0,""flow_multiplier"":1.0,""scene_id"":""20"",""seed"":44,""warmup_seconds"":600.0}",20,20,capacity_aware_maxpressure,1.0,44,normal,,,,,,3600.0,600.0,,none,{},daf11e41dd0b,completed,,F:\challenge-cup\output\runs\formal\runs\i20\capacity_aware_maxpressure\x1\s44\daf11e41dd0b,62.978706976744185,62.978706976744185,1.58,1.58,75.86046511627907,75.86046511627907,148345.63079,137.99593561860465,0,1075,64814.44,64814.44,60.292502325581395,5387,0,8.0,8.0,49,0,0,1075,1003,22
"{""algorithm"":""capacity_aware_maxpressure"",""algorithm_params"":{},""disturbance"":null,""duration_seconds"":3600.0,""flow_multiplier"":1.25,""scene_id"":""20"",""seed"":42,""warmup_seconds"":600.0}",20,20,capacity_aware_maxpressure,1.25,42,normal,,,,,,3600.0,600.0,,none,{},4fec624a4bb7,completed,,F:\challenge-cup\output\runs\formal\runs\i20\capacity_aware_maxpressure\x1.25\s42\4fec624a4bb7,59.63042620363063,59.63042620363063,1.7415384615384617,1.7415384615384617,72.5411996842936,72.5411996842936,168117.00233000002,132.6890310418311,0,1267,73452.65,73452.65,57.97367797947908,5708,0,8.0,8.0,46,0,0,1267,1185,26
"{""algorithm"":""capacity_aware_maxpressure"",""algorithm_params"":{},""disturbance"":null,""duration_seconds"":3600.0,""flow_multiplier"":1.25,""scene_id"":""20"",""seed"":43,""warmup_seconds"":600.0}",20,20,capacity_aware_maxpressure,1.25,43,normal,,,,,,3600.0,600.0,,none,{},e55f0e2ffe90,completed,,F:\challenge-cup\output\runs\formal\runs\i20\capacity_aware_maxpressure\x1.25\s43\e55f0e2ffe90,59.449685287175456,59.449685287175456,1.7538461538461538,1.7538461538461538,72.3479937057435,72.3479937057435,168413.97826,132.50509697875688,0,1271,73582.37,73582.37,57.89328874901652,5705,0,8.0,8.0,44,0,0,1271,1167,25
"{""algorithm"":""capacity_aware_maxpressure"",""algorithm_params"":{},""disturbance"":null,""duration_seconds"":3600.0,""flow_multiplier"":1.25,""scene_id"":""20"",""seed"":44,""warmup_seconds"":600.0}",20,20,capacity_aware_maxpressure,1.25,44,normal,,,,,,3600.0,600.0,,none,{},4a8d5cbd13d0,completed,,F:\challenge-cup\output\runs\formal\runs\i20\capacity_aware_maxpressure\x1.25\s44\4a8d5cbd13d0,58.88842146803473,58.88842146803473,1.723076923076923,1.723076923076923,71.83204419889502,71.83204419889502,166343.53959,131.2892972296764,0,1267,72677.9,72677.9,57.36219415943172,5758,0,8.0,8.0,48,0,0,1267,1168,25
"{""algorithm"":""fixed_time"",""algorithm_params"":{},""disturbance"":{""begin_seconds"":600.0,""end_seconds"":1200.0,""intensity"":1.0,""kind"":""construction"",""target"":""-E1_0""},""duration_seconds"":3600.0,""flow_multiplier"":1.0,""scene_id"":""1"",""seed"":42,""warmup_seconds"":600.0}",1,1,fixed_time,1.0,42,disturbance,construction,600.0,1200.0,-E1_0,1.0,3600.0,600.0,,none,{},4130e56e45d8,completed,,F:\challenge-cup\output\runs\formal\runs\i1\fixed_time\x1\s42\4130e56e45d8,53.755734317343176,53.755734317343176,1.7399999999999998,1.7399999999999998,67.97416974169742,67.97416974169742,183749.66051,135.6086055424354,0,1355,80282.45,80282.45,59.249040590405905,524,0,10.0,10.0,127,0,0,1355,1219,36
"{""algorithm"":""fixed_time"",""algorithm_params"":{},""disturbance"":{""begin_seconds"":600.0,""end_seconds"":1200.0,""intensity"":1.25,""kind"":""event_demand"",""target"":""-E1""},""duration_seconds"":3600.0,""flow_multiplier"":1.0,""scene_id"":""1"",""seed"":42,""warmup_seconds"":600.0}",1,1,fixed_time,1.0,42,disturbance,event_demand,600.0,1200.0,-E1,1.25,3600.0,600.0,,none,{},fe24fa295805,completed,,F:\challenge-cup\output\runs\formal\runs\i1\fixed_time\x1\s42\fe24fa295805,43.84236141108711,43.84236141108711,1.6199999999999999,1.6199999999999999,57.86681065514759,57.86681065514759,168194.91978,121.09065498920086,0,1389,73486.35,73486.35,52.90593952483802,605,0,10.0,10.0,141,0,0,1389,1153,27
"{""algorithm"":""fixed_time"",""algorithm_params"":{},""disturbance"":{""begin_seconds"":600.0,""end_seconds"":1200.0,""intensity"":1.0,""kind"":""vehicle_failure"",""target"":""-E1_0""},""duration_seconds"":3600.0,""flow_multiplier"":1.0,""scene_id"":""1"",""seed"":42,""warmup_seconds"":600.0}",1,1,fixed_time,1.0,42,disturbance,vehicle_failure,600.0,1200.0,-E1_0,1.0,3600.0,600.0,,none,{},d798241cced9,completed,,F:\challenge-cup\output\runs\formal\runs\i1\fixed_time\x1\s42\d798241cced9,48.243432727272726,48.243432727272726,1.8,1.8,62.89381818181818,62.89381818181818,175825.14665,127.87283392727274,0,1375,76820.08,76820.08,55.86914909090909,576,0,10.0,10.0,126,0,0,1375,1234,28
"{""algorithm"":""classic_maxpressure"",""algorithm_params"":{},""disturbance"":{""begin_seconds"":600.0,""end_seconds"":1200.0,""intensity"":1.0,""kind"":""construction"",""target"":""-E1_0""},""duration_seconds"":3600.0,""flow_multiplier"":1.0,""scene_id"":""1"",""seed"":42,""warmup_seconds"":600.0}",1,1,classic_maxpressure,1.0,42,disturbance,construction,600.0,1200.0,-E1_0,1.0,3600.0,600.0,,none,{},a81e1f3990f3,completed,,F:\challenge-cup\output\runs\formal\runs\i1\classic_maxpressure\x1\s42\a81e1f3990f3,31.128774333093006,31.128774333093006,1.0,1.0,45.32155731795242,45.32155731795242,145449.62495,104.86634819754866,0,1387,63548.41,63548.41,45.817166546503245,719,0,10.0,10.0,149,0,0,1387,1457,15
"{""algorithm"":""classic_maxpressure"",""algorithm_params"":{},""disturbance"":{""begin_seconds"":600.0,""end_seconds"":1200.0,""intensity"":1.25,""kind"":""event_demand"",""target"":""-E1""},""duration_seconds"":3600.0,""flow_multiplier"":1.0,""scene_id"":""1"",""seed"":42,""warmup_seconds"":600.0}",1,1,classic_maxpressure,1.0,42,disturbance,event_demand,600.0,1200.0,-E1,1.25,3600.0,600.0,,none,{},d8b43bc9c863,completed,,F:\challenge-cup\output\runs\formal\runs\i1\classic_maxpressure\x1\s42\d8b43bc9c863,26.966017130620983,26.966017130620983,1.0,1.0,41.08636688079943,41.08636688079943,137366.56909,98.04894296216989,0,1401,60016.75,60016.75,42.83850820842255,772,0,10.0,10.0,171,0,0,1401,1279,15
"{""algorithm"":""classic_maxpressure"",""algorithm_params"":{},""disturbance"":{""begin_seconds"":600.0,""end_seconds"":1200.0,""intensity"":1.0,""kind"":""vehicle_failure"",""target"":""-E1_0""},""duration_seconds"":3600.0,""flow_multiplier"":1.0,""scene_id"":""1"",""seed"":42,""warmup_seconds"":600.0}",1,1,classic_maxpressure,1.0,42,disturbance,vehicle_failure,600.0,1200.0,-E1_0,1.0,3600.0,600.0,,none,{},770d5097a23e,completed,,F:\challenge-cup\output\runs\formal\runs\i1\classic_maxpressure\x1\s42\770d5097a23e,27.197228221742257,27.197228221742257,0.96,0.96,41.82577393808495,41.82577393808495,137311.36450999998,98.85627394528437,0,1389,59992.78,59992.78,43.191346292296615,764,0,8.0,8.0,161,0,0,1389,1324,14
"{""algorithm"":""capacity_aware_maxpressure"",""algorithm_params"":{},""disturbance"":{""begin_seconds"":600.0,""end_seconds"":1200.0,""intensity"":1.0,""kind"":""construction"",""target"":""-E1_0""},""duration_seconds"":3600.0,""flow_multiplier"":1.0,""scene_id"":""1"",""seed"":42,""warmup_seconds"":600.0}",1,1,capacity_aware_maxpressure,1.0,42,disturbance,construction,600.0,1200.0,-E1_0,1.0,3600.0,600.0,,none,{},fdec0db534e3,completed,,F:\challenge-cup\output\runs\formal\runs\i1\capacity_aware_maxpressure\x1\s42\fdec0db534e3,31.128774333093006,31.128774333093006,1.0,1.0,45.32155731795242,45.32155731795242,145449.62495,104.86634819754866,0,1387,63548.41,63548.41,45.817166546503245,719,0,10.0,10.0,149,0,0,1387,1457,15
"{""algorithm"":""capacity_aware_maxpressure"",""algorithm_params"":{},""disturbance"":{""begin_seconds"":600.0,""end_seconds"":1200.0,""intensity"":1.25,""kind"":""event_demand"",""target"":""-E1""},""duration_seconds"":3600.0,""flow_multiplier"":1.0,""scene_id"":""1"",""seed"":42,""warmup_seconds"":600.0}",1,1,capacity_aware_maxpressure,1.0,42,disturbance,event_demand,600.0,1200.0,-E1,1.25,3600.0,600.0,,none,{},1602476b041f,completed,,F:\challenge-cup\output\runs\formal\runs\i1\capacity_aware_maxpressure\x1\s42\1602476b041f,26.966017130620983,26.966017130620983,1.0,1.0,41.08636688079943,41.08636688079943,137366.56909,98.04894296216989,0,1401,60016.75,60016.75,42.83850820842255,772,0,10.0,10.0,171,0,0,1401,1279,15
"{""algorithm"":""capacity_aware_maxpressure"",""algorithm_params"":{},""disturbance"":{""begin_seconds"":600.0,""end_seconds"":1200.0,""intensity"":1.0,""kind"":""vehicle_failure"",""target"":""-E1_0""},""duration_seconds"":3600.0,""flow_multiplier"":1.0,""scene_id"":""1"",""seed"":42,""warmup_seconds"":600.0}",1,1,capacity_aware_maxpressure,1.0,42,disturbance,vehicle_failure,600.0,1200.0,-E1_0,1.0,3600.0,600.0,,none,{},a18fb1da85ca,completed,,F:\challenge-cup\output\runs\formal\runs\i1\capacity_aware_maxpressure\x1\s42\a18fb1da85ca,27.197228221742257,27.197228221742257,0.96,0.96,41.82577393808495,41.82577393808495,137311.36450999998,98.85627394528437,0,1389,59992.78,59992.78,43.191346292296615,764,0,8.0,8.0,161,0,0,1389,1324,14
"{""algorithm"":""fixed_time"",""algorithm_params"":{},""disturbance"":{""begin_seconds"":600.0,""end_seconds"":1200.0,""intensity"":1.0,""kind"":""construction"",""target"":""-E1_0""},""duration_seconds"":3600.0,""flow_multiplier"":1.0,""scene_id"":""2"",""seed"":42,""warmup_seconds"":600.0}",2,2,fixed_time,1.0,42,disturbance,construction,600.0,1200.0,-E1_0,1.0,3600.0,600.0,,none,{},f4f712811842,completed,,F:\challenge-cup\output\runs\formal\runs\i2\fixed_time\x1\s42\f4f712811842,21.136370757180156,21.136370757180156,0.85,0.85,33.44386422976501,33.44386422976501,63742.41587,83.21464212793734,0,766,27849.7,27849.7,36.35731070496084,353,0,5.0,5.0,49,0,0,766,584,10
"{""algorithm"":""fixed_time"",""algorithm_params"":{},""disturbance"":{""begin_seconds"":600.0,""end_seconds"":1200.0,""intensity"":1.25,""kind"":""event_demand"",""target"":""-E1""},""duration_seconds"":3600.0,""flow_multiplier"":1.0,""scene_id"":""2"",""seed"":42,""warmup_seconds"":600.0}",2,2,fixed_time,1.0,42,disturbance,event_demand,600.0,1200.0,-E1,1.25,3600.0,600.0,,none,{},446c94295bd2,completed,,F:\challenge-cup\output\runs\formal\runs\i2\fixed_time\x1\s42\446c94295bd2,21.611,21.611,1.15,1.15,33.773809523809526,33.773809523809526,70284.54048000001,83.67207200000001,0,840,30707.92,30707.92,36.557047619047616,369,0,7.0,7.0,52,0,0,840,675,11
"{""algorithm"":""fixed_time"",""algorithm_params"":{},""disturbance"":{""begin_seconds"":600.0,""end_seconds"":1200.0,""intensity"":1.0,""kind"":""vehicle_failure"",""target"":""-E1_0""},""duration_seconds"":3600.0,""flow_multiplier"":1.0,""scene_id"":""2"",""seed"":42,""warmup_seconds"":600.0}",2,2,fixed_time,1.0,42,disturbance,vehicle_failure,600.0,1200.0,-E1_0,1.0,3600.0,600.0,,none,{},8b625e9d715a,completed,,F:\challenge-cup\output\runs\formal\runs\i2\fixed_time\x1\s42\8b625e9d715a,36.691219806763286,,1.85,,49.70893719806763,,,,0,,37931.79,,,280,0,,,27,0,1,828.0,816.0,
"{""algorithm"":""classic_maxpressure"",""algorithm_params"":{},""disturbance"":{""begin_seconds"":600.0,""end_seconds"":1200.0,""intensity"":1.0,""kind"":""construction"",""target"":""-E1_0""},""duration_seconds"":3600.0,""flow_multiplier"":1.0,""scene_id"":""2"",""seed"":42,""warmup_seconds"":600.0}",2,2,classic_maxpressure,1.0,42,disturbance,construction,600.0,1200.0,-E1_0,1.0,3600.0,600.0,,none,{},7be2f0ea2865,completed,,F:\challenge-cup\output\runs\formal\runs\i2\classic_maxpressure\x1\s42\7be2f0ea2865,9.930857142857143,9.930857142857143,0.5,0.5,22.23116883116883,22.23116883116883,49719.22143,64.57041744155843,0,770,21722.59,21722.59,28.211155844155844,383,0,4.0,4.0,81,0,0,770,434,6
"{""algorithm"":""classic_maxpressure"",""algorithm_params"":{},""disturbance"":{""begin_seconds"":600.0,""end_seconds"":1200.0,""intensity"":1.25,""kind"":""event_demand"",""target"":""-E1""},""duration_seconds"":3600.0,""flow_multiplier"":1.0,""scene_id"":""2"",""seed"":42,""warmup_seconds"":600.0}",2,2,classic_maxpressure,1.0,42,disturbance,event_demand,600.0,1200.0,-E1,1.25,3600.0,600.0,,none,{},6167bc6f4cc7,completed,,F:\challenge-cup\output\runs\formal\runs\i2\classic_maxpressure\x1\s42\6167bc6f4cc7,10.739349112426035,10.739349112426035,0.4,0.4,22.902958579881656,22.902958579881656,55988.61371,66.25871444970414,0,845,24461.93,24461.93,28.94902958579882,435,0,3.0,3.0,96,0,0,845,517,6
"{""algorithm"":""classic_maxpressure"",""algorithm_params"":{},""disturbance"":{""begin_seconds"":600.0,""end_seconds"":1200.0,""intensity"":1.0,""kind"":""vehicle_failure"",""target"":""-E1_0""},""duration_seconds"":3600.0,""flow_multiplier"":1.0,""scene_id"":""2"",""seed"":42,""warmup_seconds"":600.0}",2,2,classic_maxpressure,1.0,42,disturbance,vehicle_failure,600.0,1200.0,-E1_0,1.0,3600.0,600.0,,none,{},c64b03adb47d,completed,,F:\challenge-cup\output\runs\formal\runs\i2\classic_maxpressure\x1\s42\c64b03adb47d,18.96236494597839,18.96236494597839,0.7,0.7,31.935174069627852,31.935174069627852,65926.72947,79.14373285714287,0,833,28803.99,28803.99,34.57861944777911,357,0,6.0,6.0,82,0,1,833,715,5
"{""algorithm"":""capacity_aware_maxpressure"",""algorithm_params"":{},""disturbance"":{""begin_seconds"":600.0,""end_seconds"":1200.0,""intensity"":1.0,""kind"":""construction"",""target"":""-E1_0""},""duration_seconds"":3600.0,""flow_multiplier"":1.0,""scene_id"":""2"",""seed"":42,""warmup_seconds"":600.0}",2,2,capacity_aware_maxpressure,1.0,42,disturbance,construction,600.0,1200.0,-E1_0,1.0,3600.0,600.0,,none,{},5456a1fedcdb,completed,,F:\challenge-cup\output\runs\formal\runs\i2\capacity_aware_maxpressure\x1\s42\5456a1fedcdb,9.930857142857143,9.930857142857143,0.5,0.5,22.23116883116883,22.23116883116883,49719.22143,64.57041744155843,0,770,21722.59,21722.59,28.211155844155844,383,0,4.0,4.0,81,0,0,770,434,6
"{""algorithm"":""capacity_aware_maxpressure"",""algorithm_params"":{},""disturbance"":{""begin_seconds"":600.0,""end_seconds"":1200.0,""intensity"":1.25,""kind"":""event_demand"",""target"":""-E1""},""duration_seconds"":3600.0,""flow_multiplier"":1.0,""scene_id"":""2"",""seed"":42,""warmup_seconds"":600.0}",2,2,capacity_aware_maxpressure,1.0,42,disturbance,event_demand,600.0,1200.0,-E1,1.25,3600.0,600.0,,none,{},e817bf8edc6b,completed,,F:\challenge-cup\output\runs\formal\runs\i2\capacity_aware_maxpressure\x1\s42\e817bf8edc6b,10.739349112426035,10.739349112426035,0.4,0.4,22.902958579881656,22.902958579881656,55988.61371,66.25871444970414,0,845,24461.93,24461.93,28.94902958579882,435,0,3.0,3.0,96,0,0,845,517,6
"{""algorithm"":""capacity_aware_maxpressure"",""algorithm_params"":{},""disturbance"":{""begin_seconds"":600.0,""end_seconds"":1200.0,""intensity"":1.0,""kind"":""vehicle_failure"",""target"":""-E1_0""},""duration_seconds"":3600.0,""flow_multiplier"":1.0,""scene_id"":""2"",""seed"":42,""warmup_seconds"":600.0}",2,2,capacity_aware_maxpressure,1.0,42,disturbance,vehicle_failure,600.0,1200.0,-E1_0,1.0,3600.0,600.0,,none,{},3d5cc153ced0,completed,,F:\challenge-cup\output\runs\formal\runs\i2\capacity_aware_maxpressure\x1\s42\3d5cc153ced0,18.09927797833935,18.09927797833935,0.65,0.65,31.078219013237064,31.078219013237064,63972.76935,76.98287527075813,0,831,27950.18,27950.18,33.63439229843562,353,0,6.0,6.0,79,0,1,831,656,7
"{""algorithm"":""fixed_time"",""algorithm_params"":{},""disturbance"":{""begin_seconds"":600.0,""end_seconds"":1200.0,""intensity"":1.0,""kind"":""construction"",""target"":""-E1_0""},""duration_seconds"":3600.0,""flow_multiplier"":1.0,""scene_id"":""3"",""seed"":42,""warmup_seconds"":600.0}",3,3,fixed_time,1.0,42,disturbance,construction,600.0,1200.0,-E1_0,1.0,3600.0,600.0,,none,{},fb27bc25bb8e,completed,,F:\challenge-cup\output\runs\formal\runs\i3\fixed_time\x1\s42\fb27bc25bb8e,29.12700962250185,29.12700962250185,1.2666666666666668,1.2666666666666668,40.95262768319763,40.95262768319763,126103.11894,93.34057656550704,0,1351,55095.84,55095.84,40.78152479644707,452,0,8.0,8.0,118,0,0,1351,1199,14
"{""algorithm"":""fixed_time"",""algorithm_params"":{},""disturbance"":{""begin_seconds"":600.0,""end_seconds"":1200.0,""intensity"":1.25,""kind"":""event_demand"",""target"":""-E1""},""duration_seconds"":3600.0,""flow_multiplier"":1.0,""scene_id"":""3"",""seed"":42,""warmup_seconds"":600.0}",3,3,fixed_time,1.0,42,disturbance,event_demand,600.0,1200.0,-E1,1.25,3600.0,600.0,,none,{},2b5fde5cf5db,completed,,F:\challenge-cup\output\runs\formal\runs\i3\fixed_time\x1\s42\2b5fde5cf5db,27.906036900369003,,1.4,,39.693726937269375,,,,0,,54265.29,,,499,0,,,121,0,0,1355.0,1170.0,
"{""algorithm"":""fixed_time"",""algorithm_params"":{},""disturbance"":{""begin_seconds"":600.0,""end_seconds"":1200.0,""intensity"":1.0,""kind"":""vehicle_failure"",""target"":""-E1_0""},""duration_seconds"":3600.0,""flow_multiplier"":1.0,""scene_id"":""3"",""seed"":42,""warmup_seconds"":600.0}",3,3,fixed_time,1.0,42,disturbance,vehicle_failure,600.0,1200.0,-E1_0,1.0,3600.0,600.0,,none,{},93f857878f3a,completed,,F:\challenge-cup\output\runs\formal\runs\i3\fixed_time\x1\s42\93f857878f3a,26.009541080680975,,1.2333333333333334,,38.28793486306439,,,,0,,52537.51,,,537,0,,,131,0,0,1351.0,1090.0,
"{""algorithm"":""classic_maxpressure"",""algorithm_params"":{},""disturbance"":{""begin_seconds"":600.0,""end_seconds"":1200.0,""intensity"":1.0,""kind"":""construction"",""target"":""-E1_0""},""duration_seconds"":3600.0,""flow_multiplier"":1.0,""scene_id"":""3"",""seed"":42,""warmup_seconds"":600.0}",3,3,classic_maxpressure,1.0,42,disturbance,construction,600.0,1200.0,-E1_0,1.0,3600.0,600.0,,none,{},c83bc473fe56,completed,,F:\challenge-cup\output\runs\formal\runs\i3\classic_maxpressure\x1\s42\c83bc473fe56,22.808094885100072,22.808094885100072,0.9666666666666668,0.9666666666666668,34.63157894736842,34.63157894736842,115679.07323000001,85.75172218680505,0,1349,50541.17,50541.17,37.46565604151223,602,0,8.0,8.0,152,0,0,1349,1589,16
"{""algorithm"":""classic_maxpressure"",""algorithm_params"":{},""disturbance"":{""begin_seconds"":600.0,""end_seconds"":1200.0,""intensity"":1.25,""kind"":""event_demand"",""target"":""-E1""},""duration_seconds"":3600.0,""flow_multiplier"":1.0,""scene_id"":""3"",""seed"":42,""warmup_seconds"":600.0}",3,3,classic_maxpressure,1.0,42,disturbance,event_demand,600.0,1200.0,-E1,1.25,3600.0,600.0,,none,{},8a9842fea99f,completed,,F:\challenge-cup\output\runs\formal\runs\i3\classic_maxpressure\x1\s42\8a9842fea99f,26.9879746835443,,1.1,,38.79374534623976,,,,0,,53461.46,,,549,0,,,157,0,0,1343.0,1824.0,
"{""algorithm"":""classic_maxpressure"",""algorithm_params"":{},""disturbance"":{""begin_seconds"":600.0,""end_seconds"":1200.0,""intensity"":1.0,""kind"":""vehicle_failure"",""target"":""-E1_0""},""duration_seconds"":3600.0,""flow_multiplier"":1.0,""scene_id"":""3"",""seed"":42,""warmup_seconds"":600.0}",3,3,classic_maxpressure,1.0,42,disturbance,vehicle_failure,600.0,1200.0,-E1_0,1.0,3600.0,600.0,,none,{},bf3ec8199e35,completed,,F:\challenge-cup\output\runs\formal\runs\i3\classic_maxpressure\x1\s42\bf3ec8199e35,28.185802837938763,,1.1666666666666665,,40.474981329350264,,,,0,,54141.87,,,581,0,,,155,0,0,1339.0,1881.0,
"{""algorithm"":""capacity_aware_maxpressure"",""algorithm_params"":{},""disturbance"":{""begin_seconds"":600.0,""end_seconds"":1200.0,""intensity"":1.0,""kind"":""construction"",""target"":""-E1_0""},""duration_seconds"":3600.0,""flow_multiplier"":1.0,""scene_id"":""3"",""seed"":42,""warmup_seconds"":600.0}",3,3,capacity_aware_maxpressure,1.0,42,disturbance,construction,600.0,1200.0,-E1_0,1.0,3600.0,600.0,,none,{},a83c4f39e487,completed,,F:\challenge-cup\output\runs\formal\runs\i3\capacity_aware_maxpressure\x1\s42\a83c4f39e487,29.703055141579732,29.703055141579732,0.8,0.8,41.5096870342772,41.5096870342772,126811.92298999999,94.49472652011922,0,1342,55405.29,55405.29,41.28561102831595,512,0,3.0,3.0,168,0,0,1342,1933,16
"{""algorithm"":""capacity_aware_maxpressure"",""algorithm_params"":{},""disturbance"":{""begin_seconds"":600.0,""end_seconds"":1200.0,""intensity"":1.25,""kind"":""event_demand"",""target"":""-E1""},""duration_seconds"":3600.0,""flow_multiplier"":1.0,""scene_id"":""3"",""seed"":42,""warmup_seconds"":600.0}",3,3,capacity_aware_maxpressure,1.0,42,disturbance,event_demand,600.0,1200.0,-E1,1.25,3600.0,600.0,,none,{},0a1b91b4a23e,completed,,F:\challenge-cup\output\runs\formal\runs\i3\capacity_aware_maxpressure\x1\s42\0a1b91b4a23e,28.792252994011974,,1.1333333333333333,,40.6062874251497,,,,0,,54242.61,,,545,0,,,160,0,0,1336.0,1887.0,
"{""algorithm"":""capacity_aware_maxpressure"",""algorithm_params"":{},""disturbance"":{""begin_seconds"":600.0,""end_seconds"":1200.0,""intensity"":1.0,""kind"":""vehicle_failure"",""target"":""-E1_0""},""duration_seconds"":3600.0,""flow_multiplier"":1.0,""scene_id"":""3"",""seed"":42,""warmup_seconds"":600.0}",3,3,capacity_aware_maxpressure,1.0,42,disturbance,vehicle_failure,600.0,1200.0,-E1_0,1.0,3600.0,600.0,,none,{},e4c008bc84f1,completed,,F:\challenge-cup\output\runs\formal\runs\i3\capacity_aware_maxpressure\x1\s42\e4c008bc84f1,28.310729709605358,,0.7,,40.58749069247953,,,,0,,54209.36,,,553,0,,,174,0,0,1343.0,1854.0,
"{""algorithm"":""fixed_time"",""algorithm_params"":{},""disturbance"":{""begin_seconds"":600.0,""end_seconds"":1200.0,""intensity"":1.0,""kind"":""construction"",""target"":""-E1_0""},""duration_seconds"":3600.0,""flow_multiplier"":1.0,""scene_id"":""4"",""seed"":42,""warmup_seconds"":600.0}",4,4,fixed_time,1.0,42,disturbance,construction,600.0,1200.0,-E1_0,1.0,3600.0,600.0,,none,{},95a40392a5f6,completed,,F:\challenge-cup\output\runs\formal\runs\i4\fixed_time\x1\s42\95a40392a5f6,35.80601364522417,35.80601364522417,2.6,2.6,47.36257309941521,47.36257309941521,105943.35789,103.25863342105264,0,1026,46287.81,46287.81,45.11482456140351,312,0,10.0,10.0,67,0,0,1026,1216,20
"{""algorithm"":""fixed_time"",""algorithm_params"":{},""disturbance"":{""begin_seconds"":600.0,""end_seconds"":1200.0,""intensity"":1.25,""kind"":""event_demand"",""target"":""-E1""},""duration_seconds"":3600.0,""flow_multiplier"":1.0,""scene_id"":""4"",""seed"":42,""warmup_seconds"":600.0}",4,4,fixed_time,1.0,42,disturbance,event_demand,600.0,1200.0,-E1,1.25,3600.0,600.0,,none,{},256381d6c29b,completed,,F:\challenge-cup\output\runs\formal\runs\i4\fixed_time\x1\s42\256381d6c29b,38.60103542234332,38.60103542234332,3.3,3.3,49.940054495912804,49.940054495912804,117115.57765,106.37200513169846,0,1101,51169.11,51169.11,46.47512261580381,329,0,10.0,10.0,67,0,0,1101,1319,20
"{""algorithm"":""fixed_time"",""algorithm_params"":{},""disturbance"":{""begin_seconds"":600.0,""end_seconds"":1200.0,""intensity"":1.0,""kind"":""vehicle_failure"",""target"":""-E1_0""},""duration_seconds"":3600.0,""flow_multiplier"":1.0,""scene_id"":""4"",""seed"":42,""warmup_seconds"":600.0}",4,4,fixed_time,1.0,42,disturbance,vehicle_failure,600.0,1200.0,-E1_0,1.0,3600.0,600.0,,none,{},90524a39a6ac,completed,,F:\challenge-cup\output\runs\formal\runs\i4\fixed_time\x1\s42\90524a39a6ac,44.15067251461988,44.15067251461988,2.9,2.9,56.2953216374269,56.2953216374269,117966.47985999999,114.97707588693956,0,1026,51540.72,51540.72,50.234619883040935,254,0,10.0,10.0,64,0,1,1026,1341,21
"{""algorithm"":""classic_maxpressure"",""algorithm_params"":{},""disturbance"":{""begin_seconds"":600.0,""end_seconds"":1200.0,""intensity"":1.0,""kind"":""construction"",""target"":""-E1_0""},""duration_seconds"":3600.0,""flow_multiplier"":1.0,""scene_id"":""4"",""seed"":42,""warmup_seconds"":600.0}",4,4,classic_maxpressure,1.0,42,disturbance,construction,600.0,1200.0,-E1_0,1.0,3600.0,600.0,,none,{},1ea83f7d4179,completed,,F:\challenge-cup\output\runs\formal\runs\i4\classic_maxpressure\x1\s42\1ea83f7d4179,39.77728643216081,39.77728643216081,2.4,2.4,51.31658291457286,51.31658291457286,109989.69081,110.5424028241206,0,995,48055.58,48055.58,48.29706532663317,324,0,8.0,8.0,77,0,0,995,1990,22
"{""algorithm"":""classic_maxpressure"",""algorithm_params"":{},""disturbance"":{""begin_seconds"":600.0,""end_seconds"":1200.0,""intensity"":1.25,""kind"":""event_demand"",""target"":""-E1""},""duration_seconds"":3600.0,""flow_multiplier"":1.0,""scene_id"":""4"",""seed"":42,""warmup_seconds"":600.0}",4,4,classic_maxpressure,1.0,42,disturbance,event_demand,600.0,1200.0,-E1,1.25,3600.0,600.0,,none,{},02688e21234a,completed,,F:\challenge-cup\output\runs\formal\runs\i4\classic_maxpressure\x1\s42\02688e21234a,49.90538752362949,49.90538752362949,2.45,2.45,61.19754253308128,61.19754253308128,131339.03491,124.13897439508506,0,1058,57383.42,57383.42,54.2376370510397,262,0,8.0,8.0,65,0,0,1058,2530,23
"{""algorithm"":""classic_maxpressure"",""algorithm_params"":{},""disturbance"":{""begin_seconds"":600.0,""end_seconds"":1200.0,""intensity"":1.0,""kind"":""vehicle_failure"",""target"":""-E1_0""},""duration_seconds"":3600.0,""flow_multiplier"":1.0,""scene_id"":""4"",""seed"":42,""warmup_seconds"":600.0}",4,4,classic_maxpressure,1.0,42,disturbance,vehicle_failure,600.0,1200.0,-E1_0,1.0,3600.0,600.0,,none,{},0fbdf41891e5,completed,,F:\challenge-cup\output\runs\formal\runs\i4\classic_maxpressure\x1\s42\0fbdf41891e5,54.59352880658437,54.59352880658437,3.0,3.0,66.76131687242798,66.76131687242798,127952.96098,131.63884874485598,0,972,55904.17,55904.17,57.51457818930041,283,0,8.0,8.0,66,0,1,972,2365,22
"{""algorithm"":""capacity_aware_maxpressure"",""algorithm_params"":{},""disturbance"":{""begin_seconds"":600.0,""end_seconds"":1200.0,""intensity"":1.0,""kind"":""construction"",""target"":""-E1_0""},""duration_seconds"":3600.0,""flow_multiplier"":1.0,""scene_id"":""4"",""seed"":42,""warmup_seconds"":600.0}",4,4,capacity_aware_maxpressure,1.0,42,disturbance,construction,600.0,1200.0,-E1_0,1.0,3600.0,600.0,,none,{},84831e8df632,completed,,F:\challenge-cup\output\runs\formal\runs\i4\capacity_aware_maxpressure\x1\s42\84831e8df632,45.288377281947255,45.288377281947255,2.4,2.4,56.8235294117647,56.8235294117647,116639.11033,118.29524374239351,0,986,50960.87,50960.87,51.6844523326572,281,0,11.0,11.0,62,0,0,986,2175,22
"{""algorithm"":""capacity_aware_maxpressure"",""algorithm_params"":{},""disturbance"":{""begin_seconds"":600.0,""end_seconds"":1200.0,""intensity"":1.25,""kind"":""event_demand"",""target"":""-E1""},""duration_seconds"":3600.0,""flow_multiplier"":1.0,""scene_id"":""4"",""seed"":42,""warmup_seconds"":600.0}",4,4,capacity_aware_maxpressure,1.0,42,disturbance,event_demand,600.0,1200.0,-E1,1.25,3600.0,600.0,,none,{},51fcc39fbc04,completed,,F:\challenge-cup\output\runs\formal\runs\i4\capacity_aware_maxpressure\x1\s42\51fcc39fbc04,47.33824644549763,47.33824644549763,2.9,2.9,58.64739336492891,58.64739336492891,128036.64570000001,121.36174947867299,0,1055,55940.64,55940.64,53.02430331753555,301,0,8.0,8.0,62,0,0,1055,2376,22
"{""algorithm"":""capacity_aware_maxpressure"",""algorithm_params"":{},""disturbance"":{""begin_seconds"":600.0,""end_seconds"":1200.0,""intensity"":1.0,""kind"":""vehicle_failure"",""target"":""-E1_0""},""duration_seconds"":3600.0,""flow_multiplier"":1.0,""scene_id"":""4"",""seed"":42,""warmup_seconds"":600.0}",4,4,capacity_aware_maxpressure,1.0,42,disturbance,vehicle_failure,600.0,1200.0,-E1_0,1.0,3600.0,600.0,,none,{},b465b4698dbb,completed,,F:\challenge-cup\output\runs\formal\runs\i4\capacity_aware_maxpressure\x1\s42\b465b4698dbb,53.37896341463415,53.37896341463415,2.0,2.0,65.53150406504065,65.53150406504065,127394.9895,129.46645274390244,0,984,55660.53,55660.53,56.56557926829268,285,0,9.0,9.0,56,0,1,984,2306,22
"{""algorithm"":""fixed_time"",""algorithm_params"":{},""disturbance"":{""begin_seconds"":600.0,""end_seconds"":1200.0,""intensity"":1.0,""kind"":""construction"",""target"":""-E1_0""},""duration_seconds"":3600.0,""flow_multiplier"":1.0,""scene_id"":""5"",""seed"":42,""warmup_seconds"":600.0}",5,5,fixed_time,1.0,42,disturbance,construction,600.0,1200.0,-E1_0,1.0,3600.0,600.0,,none,{},a50a8d6a30d4,completed,,F:\challenge-cup\output\runs\formal\runs\i5\fixed_time\x1\s42\a50a8d6a30d4,40.599714285714285,40.599714285714285,5.0,5.0,51.25714285714286,51.25714285714286,51891.36982,105.90075473469388,0,490,22672.02,22672.02,46.26942857142857,93,0,11.0,11.0,17,0,10,490,687,19
"{""algorithm"":""fixed_time"",""algorithm_params"":{},""disturbance"":{""begin_seconds"":600.0,""end_seconds"":1200.0,""intensity"":1.25,""kind"":""event_demand"",""target"":""-E1""},""duration_seconds"":3600.0,""flow_multiplier"":1.0,""scene_id"":""5"",""seed"":42,""warmup_seconds"":600.0}",5,5,fixed_time,1.0,42,disturbance,event_demand,600.0,1200.0,-E1,1.25,3600.0,600.0,,none,{},a683ff8fcdf2,completed,,F:\challenge-cup\output\runs\formal\runs\i5\fixed_time\x1\s42\a683ff8fcdf2,40.14574468085107,40.14574468085107,5.4,5.4,50.39716312056738,50.39716312056738,58442.38972,103.62125836879433,0,564,25534.07,25534.07,45.27317375886525,118,0,11.0,11.0,24,0,10,564,795,18
"{""algorithm"":""fixed_time"",""algorithm_params"":{},""disturbance"":{""begin_seconds"":600.0,""end_seconds"":1200.0,""intensity"":1.0,""kind"":""vehicle_failure"",""target"":""-E1_0""},""duration_seconds"":3600.0,""flow_multiplier"":1.0,""scene_id"":""5"",""seed"":42,""warmup_seconds"":600.0}",5,5,fixed_time,1.0,42,disturbance,vehicle_failure,600.0,1200.0,-E1_0,1.0,3600.0,600.0,,none,{},61d2a0960311,completed,,F:\challenge-cup\output\runs\formal\runs\i5\fixed_time\x1\s42\61d2a0960311,48.110020080321284,48.110020080321284,5.0,5.0,59.81325301204819,59.81325301204819,58403.959590000006,117.27702728915663,0,498,25517.37,25517.37,51.23969879518072,114,0,11.0,11.0,19,0,11,498,692,17
"{""algorithm"":""classic_maxpressure"",""algorithm_params"":{},""disturbance"":{""begin_seconds"":600.0,""end_seconds"":1200.0,""intensity"":1.0,""kind"":""construction"",""target"":""-E1_0""},""duration_seconds"":3600.0,""flow_multiplier"":1.0,""scene_id"":""5"",""seed"":42,""warmup_seconds"":600.0}",5,5,classic_maxpressure,1.0,42,disturbance,construction,600.0,1200.0,-E1_0,1.0,3600.0,600.0,,none,{},c30a6226f31e,completed,,F:\challenge-cup\output\runs\formal\runs\i5\classic_maxpressure\x1\s42\c30a6226f31e,40.599714285714285,40.599714285714285,5.0,5.0,51.25714285714286,51.25714285714286,51891.36982,105.90075473469388,0,490,22672.02,22672.02,46.26942857142857,93,0,11.0,11.0,17,0,10,490,687,19
"{""algorithm"":""classic_maxpressure"",""algorithm_params"":{},""disturbance"":{""begin_seconds"":600.0,""end_seconds"":1200.0,""intensity"":1.25,""kind"":""event_demand"",""target"":""-E1""},""duration_seconds"":3600.0,""flow_multiplier"":1.0,""scene_id"":""5"",""seed"":42,""warmup_seconds"":600.0}",5,5,classic_maxpressure,1.0,42,disturbance,event_demand,600.0,1200.0,-E1,1.25,3600.0,600.0,,none,{},0a21abbe4e7a,completed,,F:\challenge-cup\output\runs\formal\runs\i5\classic_maxpressure\x1\s42\0a21abbe4e7a,40.14574468085107,40.14574468085107,5.4,5.4,50.39716312056738,50.39716312056738,58442.38972,103.62125836879433,0,564,25534.07,25534.07,45.27317375886525,118,0,11.0,11.0,24,0,10,564,795,18
"{""algorithm"":""classic_maxpressure"",""algorithm_params"":{},""disturbance"":{""begin_seconds"":600.0,""end_seconds"":1200.0,""intensity"":1.0,""kind"":""vehicle_failure"",""target"":""-E1_0""},""duration_seconds"":3600.0,""flow_multiplier"":1.0,""scene_id"":""5"",""seed"":42,""warmup_seconds"":600.0}",5,5,classic_maxpressure,1.0,42,disturbance,vehicle_failure,600.0,1200.0,-E1_0,1.0,3600.0,600.0,,none,{},15b56f1dc59d,completed,,F:\challenge-cup\output\runs\formal\runs\i5\classic_maxpressure\x1\s42\15b56f1dc59d,48.110020080321284,48.110020080321284,5.0,5.0,59.81325301204819,59.81325301204819,58403.959590000006,117.27702728915663,0,498,25517.37,25517.37,51.23969879518072,114,0,11.0,11.0,19,0,11,498,692,17
"{""algorithm"":""capacity_aware_maxpressure"",""algorithm_params"":{},""disturbance"":{""begin_seconds"":600.0,""end_seconds"":1200.0,""intensity"":1.0,""kind"":""construction"",""target"":""-E1_0""},""duration_seconds"":3600.0,""flow_multiplier"":1.0,""scene_id"":""5"",""seed"":42,""warmup_seconds"":600.0}",5,5,capacity_aware_maxpressure,1.0,42,disturbance,construction,600.0,1200.0,-E1_0,1.0,3600.0,600.0,,none,{},d92f90c768a6,completed,,F:\challenge-cup\output\runs\formal\runs\i5\capacity_aware_maxpressure\x1\s42\d92f90c768a6,42.31301075268817,42.31301075268817,4.8,4.8,52.9741935483871,52.9741935483871,50571.560130000005,108.7560432903226,0,465,22095.32,22095.32,47.51681720430108,103,0,11.0,11.0,17,0,10,465,676,20
"{""algorithm"":""capacity_aware_maxpressure"",""algorithm_params"":{},""disturbance"":{""begin_seconds"":600.0,""end_seconds"":1200.0,""intensity"":1.25,""kind"":""event_demand"",""target"":""-E1""},""duration_seconds"":3600.0,""flow_multiplier"":1.0,""scene_id"":""5"",""seed"":42,""warmup_seconds"":600.0}",5,5,capacity_aware_maxpressure,1.0,42,disturbance,event_demand,600.0,1200.0,-E1,1.25,3600.0,600.0,,none,{},19e85adf584f,completed,,F:\challenge-cup\output\runs\formal\runs\i5\capacity_aware_maxpressure\x1\s42\19e85adf584f,41.377918215613384,41.377918215613384,5.133333333333334,5.133333333333334,51.63011152416357,51.63011152416357,56870.550240000004,105.70734245353161,0,538,24847.3,24847.3,46.184572490706316,115,0,11.0,11.0,23,0,10,538,787,20
"{""algorithm"":""capacity_aware_maxpressure"",""algorithm_params"":{},""disturbance"":{""begin_seconds"":600.0,""end_seconds"":1200.0,""intensity"":1.0,""kind"":""vehicle_failure"",""target"":""-E1_0""},""duration_seconds"":3600.0,""flow_multiplier"":1.0,""scene_id"":""5"",""seed"":42,""warmup_seconds"":600.0}",5,5,capacity_aware_maxpressure,1.0,42,disturbance,vehicle_failure,600.0,1200.0,-E1_0,1.0,3600.0,600.0,,none,{},dfafcfecb327,completed,,F:\challenge-cup\output\runs\formal\runs\i5\capacity_aware_maxpressure\x1\s42\dfafcfecb327,51.38268085106383,51.38268085106383,5.4,5.4,63.16382978723404,63.16382978723404,57608.55118,122.5713854893617,0,470,25169.78,25169.78,53.55272340425532,100,0,11.0,11.0,21,0,11,470,703,20
"{""algorithm"":""fixed_time"",""algorithm_params"":{},""disturbance"":{""begin_seconds"":600.0,""end_seconds"":1200.0,""intensity"":1.0,""kind"":""construction"",""target"":""-E1_0""},""duration_seconds"":3600.0,""flow_multiplier"":1.0,""scene_id"":""6"",""seed"":42,""warmup_seconds"":600.0}",6,6,fixed_time,1.0,42,disturbance,construction,600.0,1200.0,-E1_0,1.0,3600.0,600.0,,none,{},1c48f3236e28,completed,,F:\challenge-cup\output\runs\formal\runs\i6\fixed_time\x1\s42\1c48f3236e28,102.7432225433526,102.7432225433526,6.65,6.65,113.01878612716763,113.01878612716763,137416.55844,198.57884167630056,0,692,60039.4,60039.4,86.7621387283237,77,0,9.0,9.0,21,0,0,692,1115,31
"{""algorithm"":""fixed_time"",""algorithm_params"":{},""disturbance"":{""begin_seconds"":600.0,""end_seconds"":1200.0,""intensity"":1.25,""kind"":""event_demand"",""target"":""-E1""},""duration_seconds"":3600.0,""flow_multiplier"":1.0,""scene_id"":""6"",""seed"":42,""warmup_seconds"":600.0}",6,6,fixed_time,1.0,42,disturbance,event_demand,600.0,1200.0,-E1,1.25,3600.0,600.0,,none,{},58f3c0a08996,completed,,F:\challenge-cup\output\runs\formal\runs\i6\fixed_time\x1\s42\58f3c0a08996,91.57212045169385,91.57212045169385,6.65,6.65,100.732747804266,100.732747804266,141278.82512,177.2632686574655,0,797,61726.91,61726.91,77.44907151819324,95,0,9.0,9.0,21,0,0,797,1154,31
"{""algorithm"":""fixed_time"",""algorithm_params"":{},""disturbance"":{""begin_seconds"":600.0,""end_seconds"":1200.0,""intensity"":1.0,""kind"":""vehicle_failure"",""target"":""-E1_0""},""duration_seconds"":3600.0,""flow_multiplier"":1.0,""scene_id"":""6"",""seed"":42,""warmup_seconds"":600.0}",6,6,fixed_time,1.0,42,disturbance,vehicle_failure,600.0,1200.0,-E1_0,1.0,3600.0,600.0,,none,{},28348d955dff,completed,,F:\challenge-cup\output\runs\formal\runs\i6\fixed_time\x1\s42\28348d955dff,105.91651362984217,105.91651362984217,6.55,6.55,117.03873744619798,117.03873744619798,141541.10015,203.07187969870878,0,697,61841.53,61841.53,88.72529411764705,75,0,9.0,9.0,21,0,1,697,1109,31
"{""algorithm"":""classic_maxpressure"",""algorithm_params"":{},""disturbance"":{""begin_seconds"":600.0,""end_seconds"":1200.0,""intensity"":1.0,""kind"":""construction"",""target"":""-E1_0""},""duration_seconds"":3600.0,""flow_multiplier"":1.0,""scene_id"":""6"",""seed"":42,""warmup_seconds"":600.0}",6,6,classic_maxpressure,1.0,42,disturbance,construction,600.0,1200.0,-E1_0,1.0,3600.0,600.0,,none,{},7bf410fae11b,completed,,F:\challenge-cup\output\runs\formal\runs\i6\classic_maxpressure\x1\s42\7bf410fae11b,87.52104215456674,87.52104215456674,4.8,4.8,98.0456674473068,98.0456674473068,154036.36618,180.37045220140516,0,854,67300.63,67300.63,78.80635831381734,98,0,9.0,9.0,31,0,0,854,2994,31
"{""algorithm"":""classic_maxpressure"",""algorithm_params"":{},""disturbance"":{""begin_seconds"":600.0,""end_seconds"":1200.0,""intensity"":1.25,""kind"":""event_demand"",""target"":""-E1""},""duration_seconds"":3600.0,""flow_multiplier"":1.0,""scene_id"":""6"",""seed"":42,""warmup_seconds"":600.0}",6,6,classic_maxpressure,1.0,42,disturbance,event_demand,600.0,1200.0,-E1,1.25,3600.0,600.0,,none,{},7dccdccbb7a2,completed,,F:\challenge-cup\output\runs\formal\runs\i6\classic_maxpressure\x1\s42\7dccdccbb7a2,79.238625,79.238625,4.95,4.95,88.90729166666667,88.90729166666667,157408.63979,163.9673331145833,0,960,68773.96,68773.96,71.63954166666667,104,0,9.0,9.0,35,0,0,960,3013,31
"{""algorithm"":""classic_maxpressure"",""algorithm_params"":{},""disturbance"":{""begin_seconds"":600.0,""end_seconds"":1200.0,""intensity"":1.0,""kind"":""vehicle_failure"",""target"":""-E1_0""},""duration_seconds"":3600.0,""flow_multiplier"":1.0,""scene_id"":""6"",""seed"":42,""warmup_seconds"":600.0}",6,6,classic_maxpressure,1.0,42,disturbance,vehicle_failure,600.0,1200.0,-E1_0,1.0,3600.0,600.0,,none,{},49a612771534,completed,,F:\challenge-cup\output\runs\formal\runs\i6\classic_maxpressure\x1\s42\49a612771534,88.71660550458716,88.71660550458716,4.8,4.8,99.9197247706422,99.9197247706422,158590.61165,181.86996748853213,0,872,69290.31,69290.31,79.46136467889907,113,0,9.0,9.0,35,0,1,872,2928,30
"{""algorithm"":""capacity_aware_maxpressure"",""algorithm_params"":{},""disturbance"":{""begin_seconds"":600.0,""end_seconds"":1200.0,""intensity"":1.0,""kind"":""construction"",""target"":""-E1_0""},""duration_seconds"":3600.0,""flow_multiplier"":1.0,""scene_id"":""6"",""seed"":42,""warmup_seconds"":600.0}",6,6,capacity_aware_maxpressure,1.0,42,disturbance,construction,600.0,1200.0,-E1_0,1.0,3600.0,600.0,,none,{},0fb5df890f31,completed,,F:\challenge-cup\output\runs\formal\runs\i6\capacity_aware_maxpressure\x1\s42\0fb5df890f31,85.92449594438007,85.92449594438007,4.05,4.05,96.47045191193511,96.47045191193511,153316.36543,177.65511637311704,0,863,66985.85,66985.85,77.61975666280418,99,0,9.0,9.0,34,0,0,863,2957,30
"{""algorithm"":""capacity_aware_maxpressure"",""algorithm_params"":{},""disturbance"":{""begin_seconds"":600.0,""end_seconds"":1200.0,""intensity"":1.25,""kind"":""event_demand"",""target"":""-E1""},""duration_seconds"":3600.0,""flow_multiplier"":1.0,""scene_id"":""6"",""seed"":42,""warmup_seconds"":600.0}",6,6,capacity_aware_maxpressure,1.0,42,disturbance,event_demand,600.0,1200.0,-E1,1.25,3600.0,600.0,,none,{},c5a32e2c643f,completed,,F:\challenge-cup\output\runs\formal\runs\i6\capacity_aware_maxpressure\x1\s42\c5a32e2c643f,78.44091286307054,78.44091286307054,4.0,4.0,88.12863070539419,88.12863070539419,156675.59574000002,162.5265515975104,0,964,68453.74,68453.74,71.01010373443984,90,0,9.0,9.0,41,0,0,964,3022,30
"{""algorithm"":""capacity_aware_maxpressure"",""algorithm_params"":{},""disturbance"":{""begin_seconds"":600.0,""end_seconds"":1200.0,""intensity"":1.0,""kind"":""vehicle_failure"",""target"":""-E1_0""},""duration_seconds"":3600.0,""flow_multiplier"":1.0,""scene_id"":""6"",""seed"":42,""warmup_seconds"":600.0}",6,6,capacity_aware_maxpressure,1.0,42,disturbance,vehicle_failure,600.0,1200.0,-E1_0,1.0,3600.0,600.0,,none,{},46b650fcae8b,completed,,F:\challenge-cup\output\runs\formal\runs\i6\capacity_aware_maxpressure\x1\s42\46b650fcae8b,88.76512643678161,88.76512643678161,4.4,4.4,99.98390804597702,99.98390804597702,158249.57893000002,181.89606773563222,0,870,69141.51,69141.51,79.473,98,0,9.0,9.0,36,0,1,870,2927,30
"{""algorithm"":""fixed_time"",""algorithm_params"":{},""disturbance"":{""begin_seconds"":600.0,""end_seconds"":1200.0,""intensity"":1.0,""kind"":""construction"",""target"":""-E1_0""},""duration_seconds"":3600.0,""flow_multiplier"":1.0,""scene_id"":""7"",""seed"":42,""warmup_seconds"":600.0}",7,7,fixed_time,1.0,42,disturbance,construction,600.0,1200.0,-E1_0,1.0,3600.0,600.0,,none,{},bebb1354bc89,completed,,F:\challenge-cup\output\runs\formal\runs\i7\fixed_time\x1\s42\bebb1354bc89,24.129198423127463,24.129198423127463,0.8,0.8,34.28120893561104,34.28120893561104,62094.01247,81.59528576872536,0,761,27129.48,27129.48,35.64977660972405,259,0,3.0,3.0,48,0,0,761,651,8
"{""algorithm"":""fixed_time"",""algorithm_params"":{},""disturbance"":{""begin_seconds"":600.0,""end_seconds"":1200.0,""intensity"":1.25,""kind"":""event_demand"",""target"":""-E1""},""duration_seconds"":3600.0,""flow_multiplier"":1.0,""scene_id"":""7"",""seed"":42,""warmup_seconds"":600.0}",7,7,fixed_time,1.0,42,disturbance,event_demand,600.0,1200.0,-E1,1.25,3600.0,600.0,,none,{},99546bdb43ec,completed,,F:\challenge-cup\output\runs\formal\runs\i7\fixed_time\x1\s42\99546bdb43ec,24.196961722488037,24.196961722488037,1.0,1.0,34.28947368421053,34.28947368421053,67923.81543999999,81.24858306220095,0,836,29676.7,29676.7,35.498444976076556,281,0,4.0,4.0,55,0,0,836,693,8
"{""algorithm"":""fixed_time"",""algorithm_params"":{},""disturbance"":{""begin_seconds"":600.0,""end_seconds"":1200.0,""intensity"":1.0,""kind"":""vehicle_failure"",""target"":""-E1_0""},""duration_seconds"":3600.0,""flow_multiplier"":1.0,""scene_id"":""7"",""seed"":42,""warmup_seconds"":600.0}",7,7,fixed_time,1.0,42,disturbance,vehicle_failure,600.0,1200.0,-E1_0,1.0,3600.0,600.0,,none,{},4df5fa34fcba,completed,,F:\challenge-cup\output\runs\formal\runs\i7\fixed_time\x1\s42\4df5fa34fcba,31.403884803921567,31.403884803921567,1.9333333333333331,1.9333333333333331,42.291666666666664,42.291666666666664,75066.66256999999,91.99345903186273,0,816,32797.38,32797.38,40.19286764705882,202,0,8.0,8.0,48,0,1,816,716,11
"{""algorithm"":""classic_maxpressure"",""algorithm_params"":{},""disturbance"":{""begin_seconds"":600.0,""end_seconds"":1200.0,""intensity"":1.0,""kind"":""construction"",""target"":""-E1_0""},""duration_seconds"":3600.0,""flow_multiplier"":1.0,""scene_id"":""7"",""seed"":42,""warmup_seconds"":600.0}",7,7,classic_maxpressure,1.0,42,disturbance,construction,600.0,1200.0,-E1_0,1.0,3600.0,600.0,,none,{},e75eb4072606,completed,,F:\challenge-cup\output\runs\formal\runs\i7\classic_maxpressure\x1\s42\e75eb4072606,23.252989417989415,23.252989417989415,1.5333333333333334,1.5333333333333334,33.40079365079365,33.40079365079365,61322.956770000004,81.11502218253969,0,756,26792.62,26792.62,35.43997354497354,254,0,6.0,6.0,53,0,0,756,981,9
"{""algorithm"":""classic_maxpressure"",""algorithm_params"":{},""disturbance"":{""begin_seconds"":600.0,""end_seconds"":1200.0,""intensity"":1.25,""kind"":""event_demand"",""target"":""-E1""},""duration_seconds"":3600.0,""flow_multiplier"":1.0,""scene_id"":""7"",""seed"":42,""warmup_seconds"":600.0}",7,7,classic_maxpressure,1.0,42,disturbance,event_demand,600.0,1200.0,-E1,1.25,3600.0,600.0,,none,{},319bc323ea2f,completed,,F:\challenge-cup\output\runs\formal\runs\i7\classic_maxpressure\x1\s42\319bc323ea2f,27.951820448877807,27.951820448877807,2.0,2.0,37.99501246882793,37.99501246882793,71344.23513,88.95789916458853,0,802,31170.99,31170.99,38.8665710723192,287,0,6.0,6.0,67,0,0,802,1270,10
"{""algorithm"":""classic_maxpressure"",""algorithm_params"":{},""disturbance"":{""begin_seconds"":600.0,""end_seconds"":1200.0,""intensity"":1.0,""kind"":""vehicle_failure"",""target"":""-E1_0""},""duration_seconds"":3600.0,""flow_multiplier"":1.0,""scene_id"":""7"",""seed"":42,""warmup_seconds"":600.0}",7,7,classic_maxpressure,1.0,42,disturbance,vehicle_failure,600.0,1200.0,-E1_0,1.0,3600.0,600.0,,none,{},4013af84a064,completed,,F:\challenge-cup\output\runs\formal\runs\i7\classic_maxpressure\x1\s42\4013af84a064,41.62553686934024,41.62553686934024,1.7333333333333332,1.7333333333333332,52.535575679172055,52.535575679172055,84139.84302,108.84843857697284,0,773,36761.52,36761.52,47.5569469598965,187,0,6.0,6.0,38,0,1,773,1562,8
"{""algorithm"":""capacity_aware_maxpressure"",""algorithm_params"":{},""disturbance"":{""begin_seconds"":600.0,""end_seconds"":1200.0,""intensity"":1.0,""kind"":""construction"",""target"":""-E1_0""},""duration_seconds"":3600.0,""flow_multiplier"":1.0,""scene_id"":""7"",""seed"":42,""warmup_seconds"":600.0}",7,7,capacity_aware_maxpressure,1.0,42,disturbance,construction,600.0,1200.0,-E1_0,1.0,3600.0,600.0,,none,{},be04867a5b13,completed,,F:\challenge-cup\output\runs\formal\runs\i7\capacity_aware_maxpressure\x1\s42\be04867a5b13,23.163324432576772,23.163324432576772,1.6,1.6,33.34712950600801,33.34712950600801,61106.94176,81.58470194926569,0,749,26698.15,26698.15,35.64506008010681,264,0,6.0,6.0,70,0,0,749,977,10
"{""algorithm"":""capacity_aware_maxpressure"",""algorithm_params"":{},""disturbance"":{""begin_seconds"":600.0,""end_seconds"":1200.0,""intensity"":1.25,""kind"":""event_demand"",""target"":""-E1""},""duration_seconds"":3600.0,""flow_multiplier"":1.0,""scene_id"":""7"",""seed"":42,""warmup_seconds"":600.0}",7,7,capacity_aware_maxpressure,1.0,42,disturbance,event_demand,600.0,1200.0,-E1,1.25,3600.0,600.0,,none,{},c09e395d4afa,completed,,F:\challenge-cup\output\runs\formal\runs\i7\capacity_aware_maxpressure\x1\s42\c09e395d4afa,28.012506203473947,28.012506203473947,1.9333333333333336,1.9333333333333336,38.054590570719604,38.054590570719604,72035.44381,89.37399976426799,0,806,31473.04,31473.04,39.04843672456576,291,0,6.0,6.0,69,0,0,806,1274,10
"{""algorithm"":""capacity_aware_maxpressure"",""algorithm_params"":{},""disturbance"":{""begin_seconds"":600.0,""end_seconds"":1200.0,""intensity"":1.0,""kind"":""vehicle_failure"",""target"":""-E1_0""},""duration_seconds"":3600.0,""flow_multiplier"":1.0,""scene_id"":""7"",""seed"":42,""warmup_seconds"":600.0}",7,7,capacity_aware_maxpressure,1.0,42,disturbance,vehicle_failure,600.0,1200.0,-E1_0,1.0,3600.0,600.0,,none,{},ea6b1e5f8508,completed,,F:\challenge-cup\output\runs\formal\runs\i7\capacity_aware_maxpressure\x1\s42\ea6b1e5f8508,41.99295483870968,41.99295483870968,1.4,1.4,52.90064516129032,52.90064516129032,84743.69932,109.3467088,0,775,37025.48,37025.48,47.77481290322581,185,0,6.0,6.0,33,0,1,775,1577,10
"{""algorithm"":""fixed_time"",""algorithm_params"":{},""disturbance"":{""begin_seconds"":600.0,""end_seconds"":1200.0,""intensity"":1.0,""kind"":""construction"",""target"":""-E1_0""},""duration_seconds"":3600.0,""flow_multiplier"":1.0,""scene_id"":""8"",""seed"":42,""warmup_seconds"":600.0}",8,8,fixed_time,1.0,42,disturbance,construction,600.0,1200.0,-E1_0,1.0,3600.0,600.0,,none,{},1efabf757f6a,completed,,F:\challenge-cup\output\runs\formal\runs\i8\fixed_time\x1\s42\1efabf757f6a,53.93525978647686,53.93525978647686,1.9166666666666667,1.9166666666666667,64.83487544483985,64.83487544483985,181580.37086000002,129.23869812099645,0,1405,79334.79,79334.79,56.46604270462633,514,0,11.0,11.0,55,0,0,1405,1149,32
"{""algorithm"":""fixed_time"",""algorithm_params"":{},""disturbance"":{""begin_seconds"":600.0,""end_seconds"":1200.0,""intensity"":1.25,""kind"":""event_demand"",""target"":""-E1""},""duration_seconds"":3600.0,""flow_multiplier"":1.0,""scene_id"":""8"",""seed"":42,""warmup_seconds"":600.0}",8,8,fixed_time,1.0,42,disturbance,event_demand,600.0,1200.0,-E1,1.25,3600.0,600.0,,none,{},e8a67539ce6f,completed,,F:\challenge-cup\output\runs\formal\runs\i8\fixed_time\x1\s42\e8a67539ce6f,52.94251599147121,52.94251599147121,1.9,1.9,63.688699360341154,63.688699360341154,179481.81866999998,127.56348164179103,0,1407,78417.96,78417.96,55.73415778251599,514,0,11.0,11.0,56,0,0,1407,1159,32
"{""algorithm"":""fixed_time"",""algorithm_params"":{},""disturbance"":{""begin_seconds"":600.0,""end_seconds"":1200.0,""intensity"":1.0,""kind"":""vehicle_failure"",""target"":""-E1_0""},""duration_seconds"":3600.0,""flow_multiplier"":1.0,""scene_id"":""8"",""seed"":42,""warmup_seconds"":600.0}",8,8,fixed_time,1.0,42,disturbance,vehicle_failure,600.0,1200.0,-E1_0,1.0,3600.0,600.0,,none,{},f4d0f939bcd6,completed,,F:\challenge-cup\output\runs\formal\runs\i8\fixed_time\x1\s42\f4d0f939bcd6,53.549351851851846,53.549351851851846,1.9333333333333331,1.9333333333333331,64.86396011396012,64.86396011396012,181238.53425,129.0872751068376,0,1404,79185.34,79185.34,56.39981481481481,520,0,11.0,11.0,74,0,0,1404,1164,32
"{""algorithm"":""classic_maxpressure"",""algorithm_params"":{},""disturbance"":{""begin_seconds"":600.0,""end_seconds"":1200.0,""intensity"":1.0,""kind"":""construction"",""target"":""-E1_0""},""duration_seconds"":3600.0,""flow_multiplier"":1.0,""scene_id"":""8"",""seed"":42,""warmup_seconds"":600.0}",8,8,classic_maxpressure,1.0,42,disturbance,construction,600.0,1200.0,-E1_0,1.0,3600.0,600.0,,none,{},169eabe44acc,completed,,F:\challenge-cup\output\runs\formal\runs\i8\classic_maxpressure\x1\s42\169eabe44acc,38.95497293640054,38.95497293640054,1.35,1.35,49.792286874154264,49.792286874154264,160946.15816,108.89455897158321,0,1478,70319.43,70319.43,47.57742219215155,669,0,7.0,7.0,98,0,0,1478,1441,24
"{""algorithm"":""classic_maxpressure"",""algorithm_params"":{},""disturbance"":{""begin_seconds"":600.0,""end_seconds"":1200.0,""intensity"":1.25,""kind"":""event_demand"",""target"":""-E1""},""duration_seconds"":3600.0,""flow_multiplier"":1.0,""scene_id"":""8"",""seed"":42,""warmup_seconds"":600.0}",8,8,classic_maxpressure,1.0,42,disturbance,event_demand,600.0,1200.0,-E1,1.25,3600.0,600.0,,none,{},7edd95d19c07,completed,,F:\challenge-cup\output\runs\formal\runs\i8\classic_maxpressure\x1\s42\7edd95d19c07,37.137584345479084,37.137584345479084,1.3833333333333333,1.3833333333333333,47.93994601889339,47.93994601889339,157535.86737,106.29950564777327,0,1482,68829.16,68829.16,46.44342780026991,682,0,7.0,7.0,95,0,0,1482,1442,23
"{""algorithm"":""classic_maxpressure"",""algorithm_params"":{},""disturbance"":{""begin_seconds"":600.0,""end_seconds"":1200.0,""intensity"":1.0,""kind"":""vehicle_failure"",""target"":""-E1_0""},""duration_seconds"":3600.0,""flow_multiplier"":1.0,""scene_id"":""8"",""seed"":42,""warmup_seconds"":600.0}",8,8,classic_maxpressure,1.0,42,disturbance,vehicle_failure,600.0,1200.0,-E1_0,1.0,3600.0,600.0,,none,{},4c1f5cc48d87,completed,,F:\challenge-cup\output\runs\formal\runs\i8\classic_maxpressure\x1\s42\4c1f5cc48d87,36.748115746971735,36.748115746971735,1.4,1.4,47.98788694481831,47.98788694481831,157661.18056,106.09769889636608,0,1486,68883.93,68883.93,46.35526917900403,640,0,7.0,7.0,110,0,0,1486,1430,22
"{""algorithm"":""capacity_aware_maxpressure"",""algorithm_params"":{},""disturbance"":{""begin_seconds"":600.0,""end_seconds"":1200.0,""intensity"":1.0,""kind"":""construction"",""target"":""-E1_0""},""duration_seconds"":3600.0,""flow_multiplier"":1.0,""scene_id"":""8"",""seed"":42,""warmup_seconds"":600.0}",8,8,capacity_aware_maxpressure,1.0,42,disturbance,construction,600.0,1200.0,-E1_0,1.0,3600.0,600.0,,none,{},5720299e958c,completed,,F:\challenge-cup\output\runs\formal\runs\i8\capacity_aware_maxpressure\x1\s42\5720299e958c,38.95497293640054,38.95497293640054,1.35,1.35,49.792286874154264,49.792286874154264,160946.15816,108.89455897158321,0,1478,70319.43,70319.43,47.57742219215155,669,0,7.0,7.0,98,0,0,1478,1441,24
"{""algorithm"":""capacity_aware_maxpressure"",""algorithm_params"":{},""disturbance"":{""begin_seconds"":600.0,""end_seconds"":1200.0,""intensity"":1.25,""kind"":""event_demand"",""target"":""-E1""},""duration_seconds"":3600.0,""flow_multiplier"":1.0,""scene_id"":""8"",""seed"":42,""warmup_seconds"":600.0}",8,8,capacity_aware_maxpressure,1.0,42,disturbance,event_demand,600.0,1200.0,-E1,1.25,3600.0,600.0,,none,{},934e7b0f3787,completed,,F:\challenge-cup\output\runs\formal\runs\i8\capacity_aware_maxpressure\x1\s42\934e7b0f3787,37.137584345479084,37.137584345479084,1.3833333333333333,1.3833333333333333,47.93994601889339,47.93994601889339,157535.86737,106.29950564777327,0,1482,68829.16,68829.16,46.44342780026991,682,0,7.0,7.0,95,0,0,1482,1442,23
"{""algorithm"":""capacity_aware_maxpressure"",""algorithm_params"":{},""disturbance"":{""begin_seconds"":600.0,""end_seconds"":1200.0,""intensity"":1.0,""kind"":""vehicle_failure"",""target"":""-E1_0""},""duration_seconds"":3600.0,""flow_multiplier"":1.0,""scene_id"":""8"",""seed"":42,""warmup_seconds"":600.0}",8,8,capacity_aware_maxpressure,1.0,42,disturbance,vehicle_failure,600.0,1200.0,-E1_0,1.0,3600.0,600.0,,none,{},9f1498708a0d,completed,,F:\challenge-cup\output\runs\formal\runs\i8\capacity_aware_maxpressure\x1\s42\9f1498708a0d,36.748115746971735,36.748115746971735,1.4,1.4,47.98788694481831,47.98788694481831,157661.18056,106.09769889636608,0,1486,68883.93,68883.93,46.35526917900403,640,0,7.0,7.0,110,0,0,1486,1430,22
"{""algorithm"":""fixed_time"",""algorithm_params"":{},""disturbance"":{""begin_seconds"":600.0,""end_seconds"":1200.0,""intensity"":1.0,""kind"":""construction"",""target"":""-E1_0""},""duration_seconds"":3600.0,""flow_multiplier"":1.0,""scene_id"":""9"",""seed"":42,""warmup_seconds"":600.0}",9,9,fixed_time,1.0,42,disturbance,construction,600.0,1200.0,-E1_0,1.0,3600.0,600.0,,none,{},a0ad74896454,completed,,F:\challenge-cup\output\runs\formal\runs\i9\fixed_time\x1\s42\a0ad74896454,57.62191297208539,57.62191297208539,5.857142857142857,5.857142857142857,70.77011494252874,70.77011494252874,171304.0958,140.64375681444992,0,1218,74844.86,74844.86,61.448981937602625,365,0,10.0,10.0,26,0,10,1218,1365,38
"{""algorithm"":""fixed_time"",""algorithm_params"":{},""disturbance"":{""begin_seconds"":600.0,""end_seconds"":1200.0,""intensity"":1.25,""kind"":""event_demand"",""target"":""-E1""},""duration_seconds"":3600.0,""flow_multiplier"":1.0,""scene_id"":""9"",""seed"":42,""warmup_seconds"":600.0}",9,9,fixed_time,1.0,42,disturbance,event_demand,600.0,1200.0,-E1,1.25,3600.0,600.0,,none,{},8b6773676c4e,completed,,F:\challenge-cup\output\runs\formal\runs\i9\fixed_time\x1\s42\8b6773676c4e,56.02692604006163,56.02692604006163,5.942857142857143,5.942857142857143,68.91987673343606,68.91987673343606,177969.76649,137.11076000770416,0,1298,77757.24,77757.24,59.90542372881357,424,0,10.0,10.0,19,0,10,1298,1402,38
"{""algorithm"":""fixed_time"",""algorithm_params"":{},""disturbance"":{""begin_seconds"":600.0,""end_seconds"":1200.0,""intensity"":1.0,""kind"":""vehicle_failure"",""target"":""-E1_0""},""duration_seconds"":3600.0,""flow_multiplier"":1.0,""scene_id"":""9"",""seed"":42,""warmup_seconds"":600.0}",9,9,fixed_time,1.0,42,disturbance,vehicle_failure,600.0,1200.0,-E1_0,1.0,3600.0,600.0,,none,{},ec3d0c33036d,completed,,F:\challenge-cup\output\runs\formal\runs\i9\fixed_time\x1\s42\ec3d0c33036d,61.532648437499994,61.532648437499994,6.657142857142857,6.657142857142857,75.09453125,75.09453125,186530.34377,145.7268310703125,0,1280,81497.52,81497.52,63.6699375,389,0,10.0,10.0,27,0,11,1280,1422,38
"{""algorithm"":""classic_maxpressure"",""algorithm_params"":{},""disturbance"":{""begin_seconds"":600.0,""end_seconds"":1200.0,""intensity"":1.0,""kind"":""construction"",""target"":""-E1_0""},""duration_seconds"":3600.0,""flow_multiplier"":1.0,""scene_id"":""9"",""seed"":42,""warmup_seconds"":600.0}",9,9,classic_maxpressure,1.0,42,disturbance,construction,600.0,1200.0,-E1_0,1.0,3600.0,600.0,,none,{},25c0f37847e6,completed,,F:\challenge-cup\output\runs\formal\runs\i9\classic_maxpressure\x1\s42\25c0f37847e6,65.54551607445009,65.54551607445009,4.085714285714286,4.085714285714286,78.67428087986464,78.67428087986464,181607.48806,153.64423693739425,0,1182,79346.68,79346.68,67.1291708967851,456,0,11.0,11.0,10,0,10,1182,1807,52
"{""algorithm"":""classic_maxpressure"",""algorithm_params"":{},""disturbance"":{""begin_seconds"":600.0,""end_seconds"":1200.0,""intensity"":1.25,""kind"":""event_demand"",""target"":""-E1""},""duration_seconds"":3600.0,""flow_multiplier"":1.0,""scene_id"":""9"",""seed"":42,""warmup_seconds"":600.0}",9,9,classic_maxpressure,1.0,42,disturbance,event_demand,600.0,1200.0,-E1,1.25,3600.0,600.0,,none,{},3759c86ed9f1,completed,,F:\challenge-cup\output\runs\formal\runs\i9\classic_maxpressure\x1\s42\3759c86ed9f1,69.23072107765452,69.23072107765452,5.771428571428571,5.771428571428571,82.29080824088749,82.29080824088749,200121.29948,158.57472225039618,0,1262,87435.59,87435.59,69.28335182250396,425,0,13.0,13.0,4,0,10,1262,2019,48
"{""algorithm"":""classic_maxpressure"",""algorithm_params"":{},""disturbance"":{""begin_seconds"":600.0,""end_seconds"":1200.0,""intensity"":1.0,""kind"":""vehicle_failure"",""target"":""-E1_0""},""duration_seconds"":3600.0,""flow_multiplier"":1.0,""scene_id"":""9"",""seed"":42,""warmup_seconds"":600.0}",9,9,classic_maxpressure,1.0,42,disturbance,vehicle_failure,600.0,1200.0,-E1_0,1.0,3600.0,600.0,,none,{},f0e25564f9b7,completed,,F:\challenge-cup\output\runs\formal\runs\i9\classic_maxpressure\x1\s42\f0e25564f9b7,74.10082664526485,74.10082664526485,5.914285714285714,5.914285714285714,87.67094703049759,87.67094703049759,206230.34850999998,165.5139233627608,0,1246,90104.77,90104.77,72.31522471910112,368,0,12.0,12.0,5,0,11,1246,2021,40
"{""algorithm"":""capacity_aware_maxpressure"",""algorithm_params"":{},""disturbance"":{""begin_seconds"":600.0,""end_seconds"":1200.0,""intensity"":1.0,""kind"":""construction"",""target"":""-E1_0""},""duration_seconds"":3600.0,""flow_multiplier"":1.0,""scene_id"":""9"",""seed"":42,""warmup_seconds"":600.0}",9,9,capacity_aware_maxpressure,1.0,42,disturbance,construction,600.0,1200.0,-E1_0,1.0,3600.0,600.0,,none,{},e782c34ffec7,completed,,F:\challenge-cup\output\runs\formal\runs\i9\capacity_aware_maxpressure\x1\s42\e782c34ffec7,76.4628293918919,76.4628293918919,5.342857142857143,5.342857142857143,89.60895270270271,89.60895270270271,200335.80422999998,169.2025373564189,0,1184,87529.55,87529.55,73.9269847972973,378,0,13.0,13.0,8,0,10,1184,2169,52
"{""algorithm"":""capacity_aware_maxpressure"",""algorithm_params"":{},""disturbance"":{""begin_seconds"":600.0,""end_seconds"":1200.0,""intensity"":1.25,""kind"":""event_demand"",""target"":""-E1""},""duration_seconds"":3600.0,""flow_multiplier"":1.0,""scene_id"":""9"",""seed"":42,""warmup_seconds"":600.0}",9,9,capacity_aware_maxpressure,1.0,42,disturbance,event_demand,600.0,1200.0,-E1,1.25,3600.0,600.0,,none,{},62ad5d5979d0,completed,,F:\challenge-cup\output\runs\formal\runs\i9\capacity_aware_maxpressure\x1\s42\62ad5d5979d0,82.50490445859873,82.50490445859873,4.542857142857143,4.542857142857143,95.58519108280255,95.58519108280255,222687.96013,177.29933131369427,0,1256,97295.39,97295.39,77.46448248407643,371,0,11.0,11.0,10,0,10,1256,2496,55
"{""algorithm"":""capacity_aware_maxpressure"",""algorithm_params"":{},""disturbance"":{""begin_seconds"":600.0,""end_seconds"":1200.0,""intensity"":1.0,""kind"":""vehicle_failure"",""target"":""-E1_0""},""duration_seconds"":3600.0,""flow_multiplier"":1.0,""scene_id"":""9"",""seed"":42,""warmup_seconds"":600.0}",9,9,capacity_aware_maxpressure,1.0,42,disturbance,vehicle_failure,600.0,1200.0,-E1_0,1.0,3600.0,600.0,,none,{},e7adaeb5300a,completed,,F:\challenge-cup\output\runs\formal\runs\i9\capacity_aware_maxpressure\x1\s42\e7adaeb5300a,92.6466802278275,92.6466802278275,4.9714285714285715,4.9714285714285715,106.22457282343369,106.22457282343369,235938.54953,191.97603704637916,0,1229,103084.84,103084.84,83.87700569568754,275,0,10.0,10.0,9,0,11,1229,2679,56
"{""algorithm"":""fixed_time"",""algorithm_params"":{},""disturbance"":{""begin_seconds"":600.0,""end_seconds"":1200.0,""intensity"":1.0,""kind"":""construction"",""target"":""-E1_0""},""duration_seconds"":3600.0,""flow_multiplier"":1.0,""scene_id"":""10"",""seed"":42,""warmup_seconds"":600.0}",10,10,fixed_time,1.0,42,disturbance,construction,600.0,1200.0,-E1_0,1.0,3600.0,600.0,,none,{},1810250b6149,completed,,F:\challenge-cup\output\runs\formal\runs\i10\fixed_time\x1\s42\1810250b6149,44.3085650887574,44.3085650887574,4.4,4.4,56.54585798816568,56.54585798816568,79169.70659999999,117.11495059171597,0,676,34590.35,34590.35,51.169156804733724,228,0,9.0,9.0,40,0,0,676,700,16
"{""algorithm"":""fixed_time"",""algorithm_params"":{},""disturbance"":{""begin_seconds"":600.0,""end_seconds"":1200.0,""intensity"":1.25,""kind"":""event_demand"",""target"":""-E1""},""duration_seconds"":3600.0,""flow_multiplier"":1.0,""scene_id"":""10"",""seed"":42,""warmup_seconds"":600.0}",10,10,fixed_time,1.0,42,disturbance,event_demand,600.0,1200.0,-E1,1.25,3600.0,600.0,,none,{},e21ffbd734ce,completed,,F:\challenge-cup\output\runs\formal\runs\i10\fixed_time\x1\s42\e21ffbd734ce,44.43863395225465,44.43863395225465,4.933333333333334,4.933333333333334,56.05968169761273,56.05968169761273,86876.97656,115.22145432360742,0,754,37957.52,37957.52,50.341538461538455,236,0,9.0,9.0,54,0,0,754,787,16
"{""algorithm"":""fixed_time"",""algorithm_params"":{},""disturbance"":{""begin_seconds"":600.0,""end_seconds"":1200.0,""intensity"":1.0,""kind"":""vehicle_failure"",""target"":""-E1_0""},""duration_seconds"":3600.0,""flow_multiplier"":1.0,""scene_id"":""10"",""seed"":42,""warmup_seconds"":600.0}",10,10,fixed_time,1.0,42,disturbance,vehicle_failure,600.0,1200.0,-E1_0,1.0,3600.0,600.0,,none,{},517150632944,completed,,F:\challenge-cup\output\runs\formal\runs\i10\fixed_time\x1\s42\517150632944,51.53702255639098,51.53702255639098,5.066666666666666,5.066666666666666,64.64360902255639,64.64360902255639,85090.19679,127.95518314285715,0,665,37177.03,37177.03,55.90530827067669,234,0,9.0,9.0,35,0,1,665,721,17
"{""algorithm"":""classic_maxpressure"",""algorithm_params"":{},""disturbance"":{""begin_seconds"":600.0,""end_seconds"":1200.0,""intensity"":1.0,""kind"":""construction"",""target"":""-E1_0""},""duration_seconds"":3600.0,""flow_multiplier"":1.0,""scene_id"":""10"",""seed"":42,""warmup_seconds"":600.0}",10,10,classic_maxpressure,1.0,42,disturbance,construction,600.0,1200.0,-E1_0,1.0,3600.0,600.0,,none,{},506e936ef99c,completed,,F:\challenge-cup\output\runs\formal\runs\i10\classic_maxpressure\x1\s42\506e936ef99c,32.42009831460674,32.42009831460674,1.3333333333333335,1.3333333333333335,44.622191011235955,44.622191011235955,71449.04358,100.34978030898876,0,712,31216.87,31216.87,43.84391853932584,305,0,8.0,8.0,64,0,0,712,1286,11
"{""algorithm"":""classic_maxpressure"",""algorithm_params"":{},""disturbance"":{""begin_seconds"":600.0,""end_seconds"":1200.0,""intensity"":1.25,""kind"":""event_demand"",""target"":""-E1""},""duration_seconds"":3600.0,""flow_multiplier"":1.0,""scene_id"":""10"",""seed"":42,""warmup_seconds"":600.0}",10,10,classic_maxpressure,1.0,42,disturbance,event_demand,600.0,1200.0,-E1,1.25,3600.0,600.0,,none,{},263f031c70f4,completed,,F:\challenge-cup\output\runs\formal\runs\i10\classic_maxpressure\x1\s42\263f031c70f4,34.568339670468944,34.568339670468944,1.8,1.8,46.28010139416983,46.28010139416983,79645.69844,100.94511842839036,0,789,34798.05,34798.05,44.10399239543727,261,0,8.0,8.0,60,0,0,789,1524,12
"{""algorithm"":""classic_maxpressure"",""algorithm_params"":{},""disturbance"":{""begin_seconds"":600.0,""end_seconds"":1200.0,""intensity"":1.0,""kind"":""vehicle_failure"",""target"":""-E1_0""},""duration_seconds"":3600.0,""flow_multiplier"":1.0,""scene_id"":""10"",""seed"":42,""warmup_seconds"":600.0}",10,10,classic_maxpressure,1.0,42,disturbance,vehicle_failure,600.0,1200.0,-E1_0,1.0,3600.0,600.0,,none,{},1c95962fa95f,completed,,F:\challenge-cup\output\runs\formal\runs\i10\classic_maxpressure\x1\s42\1c95962fa95f,43.30184397163121,43.30184397163121,1.8666666666666667,1.8666666666666667,56.35744680851064,56.35744680851064,81902.69604000001,116.17403693617022,0,705,35784.18,35784.18,50.75770212765958,256,0,7.0,7.0,55,0,1,705,1407,13
"{""algorithm"":""capacity_aware_maxpressure"",""algorithm_params"":{},""disturbance"":{""begin_seconds"":600.0,""end_seconds"":1200.0,""intensity"":1.0,""kind"":""construction"",""target"":""-E1_0""},""duration_seconds"":3600.0,""flow_multiplier"":1.0,""scene_id"":""10"",""seed"":42,""warmup_seconds"":600.0}",10,10,capacity_aware_maxpressure,1.0,42,disturbance,construction,600.0,1200.0,-E1_0,1.0,3600.0,600.0,,none,{},8c1502082dc2,completed,,F:\challenge-cup\output\runs\formal\runs\i10\capacity_aware_maxpressure\x1\s42\8c1502082dc2,31.884305750350627,31.884305750350627,1.4,1.4,44.08274894810659,44.08274894810659,71176.31147,99.82652380084151,0,713,31097.44,31097.44,43.61492286115007,291,0,7.0,7.0,59,0,0,713,1265,13
"{""algorithm"":""capacity_aware_maxpressure"",""algorithm_params"":{},""disturbance"":{""begin_seconds"":600.0,""end_seconds"":1200.0,""intensity"":1.25,""kind"":""event_demand"",""target"":""-E1""},""duration_seconds"":3600.0,""flow_multiplier"":1.0,""scene_id"":""10"",""seed"":42,""warmup_seconds"":600.0}",10,10,capacity_aware_maxpressure,1.0,42,disturbance,event_demand,600.0,1200.0,-E1,1.25,3600.0,600.0,,none,{},f5b17548daf9,completed,,F:\challenge-cup\output\runs\formal\runs\i10\capacity_aware_maxpressure\x1\s42\f5b17548daf9,34.397984790874524,34.397984790874524,1.1333333333333333,1.1333333333333333,46.20278833967047,46.20278833967047,79890.00448999999,101.2547585424588,0,789,34904.66,34904.66,44.239112801013945,274,0,3.0,3.0,74,0,0,789,1525,13
"{""algorithm"":""capacity_aware_maxpressure"",""algorithm_params"":{},""disturbance"":{""begin_seconds"":600.0,""end_seconds"":1200.0,""intensity"":1.0,""kind"":""vehicle_failure"",""target"":""-E1_0""},""duration_seconds"":3600.0,""flow_multiplier"":1.0,""scene_id"":""10"",""seed"":42,""warmup_seconds"":600.0}",10,10,capacity_aware_maxpressure,1.0,42,disturbance,vehicle_failure,600.0,1200.0,-E1_0,1.0,3600.0,600.0,,none,{},d90e4f326efa,completed,,F:\challenge-cup\output\runs\formal\runs\i10\capacity_aware_maxpressure\x1\s42\d90e4f326efa,40.608654390934845,40.608654390934845,2.4,2.4,53.657223796033996,53.657223796033996,79264.85236,112.27316198300284,0,706,34631.53,34631.53,49.05315864022663,263,0,9.0,9.0,50,0,1,706,1381,12
"{""algorithm"":""fixed_time"",""algorithm_params"":{},""disturbance"":{""begin_seconds"":600.0,""end_seconds"":1200.0,""intensity"":1.0,""kind"":""construction"",""target"":""-E1_0""},""duration_seconds"":3600.0,""flow_multiplier"":1.0,""scene_id"":""11"",""seed"":42,""warmup_seconds"":600.0}",11,11,fixed_time,1.0,42,disturbance,construction,600.0,1200.0,-E1_0,1.0,3600.0,600.0,,none,{},495ebea5dee2,completed,,F:\challenge-cup\output\runs\formal\runs\i11\fixed_time\x1\s42\495ebea5dee2,159.83449604743083,159.83449604743083,12.866,12.866,182.74565217391304,182.74565217391304,319104.16217,315.3203183498024,0,1012,139421.62,139421.62,137.76839920948615,1580,0,23.0,23.0,23,0,54,1012,1279,112
"{""algorithm"":""fixed_time"",""algorithm_params"":{},""disturbance"":{""begin_seconds"":600.0,""end_seconds"":1200.0,""intensity"":1.25,""kind"":""event_demand"",""target"":""-E1""},""duration_seconds"":3600.0,""flow_multiplier"":1.0,""scene_id"":""11"",""seed"":42,""warmup_seconds"":600.0}",11,11,fixed_time,1.0,42,disturbance,event_demand,600.0,1200.0,-E1,1.25,3600.0,600.0,,none,{},63ffd6f31997,completed,,F:\challenge-cup\output\runs\formal\runs\i11\fixed_time\x1\s42\63ffd6f31997,71.65410256410256,71.65410256410256,9.586,9.586,93.84143920595534,93.84143920595534,220070.50521,182.02688602977668,0,1209,96151.66,96151.66,79.52990901571548,1910,0,21.0,21.0,34,0,40,1209,1058,83
"{""algorithm"":""fixed_time"",""algorithm_params"":{},""disturbance"":{""begin_seconds"":600.0,""end_seconds"":1200.0,""intensity"":1.0,""kind"":""vehicle_failure"",""target"":""-E1_0""},""duration_seconds"":3600.0,""flow_multiplier"":1.0,""scene_id"":""11"",""seed"":42,""warmup_seconds"":600.0}",11,11,fixed_time,1.0,42,disturbance,vehicle_failure,600.0,1200.0,-E1_0,1.0,3600.0,600.0,,none,{},87e1868eb494,completed,,F:\challenge-cup\output\runs\formal\runs\i11\fixed_time\x1\s42\87e1868eb494,74.3029693961952,74.3029693961952,9.687999999999999,9.687999999999999,97.89545078577338,97.89545078577338,228815.09323,189.2597958891646,0,1209,99972.17,99972.17,82.68996691480562,2103,0,21.0,21.0,42,0,40,1209,1265,82
"{""algorithm"":""classic_maxpressure"",""algorithm_params"":{},""disturbance"":{""begin_seconds"":600.0,""end_seconds"":1200.0,""intensity"":1.0,""kind"":""construction"",""target"":""-E1_0""},""duration_seconds"":3600.0,""flow_multiplier"":1.0,""scene_id"":""11"",""seed"":42,""warmup_seconds"":600.0}",11,11,classic_maxpressure,1.0,42,disturbance,construction,600.0,1200.0,-E1_0,1.0,3600.0,600.0,,none,{},f14fad11968b,completed,,F:\challenge-cup\output\runs\formal\runs\i11\classic_maxpressure\x1\s42\f14fad11968b,159.83449604743083,159.83449604743083,12.866,12.866,182.74565217391304,182.74565217391304,319104.16217,315.3203183498024,0,1012,139421.62,139421.62,137.76839920948615,1580,0,23.0,23.0,23,0,54,1012,1279,112
"{""algorithm"":""classic_maxpressure"",""algorithm_params"":{},""disturbance"":{""begin_seconds"":600.0,""end_seconds"":1200.0,""intensity"":1.25,""kind"":""event_demand"",""target"":""-E1""},""duration_seconds"":3600.0,""flow_multiplier"":1.0,""scene_id"":""11"",""seed"":42,""warmup_seconds"":600.0}",11,11,classic_maxpressure,1.0,42,disturbance,event_demand,600.0,1200.0,-E1,1.25,3600.0,600.0,,none,{},0af3226cb1dc,completed,,F:\challenge-cup\output\runs\formal\runs\i11\classic_maxpressure\x1\s42\0af3226cb1dc,71.65410256410256,71.65410256410256,9.586,9.586,93.84143920595534,93.84143920595534,220070.50521,182.02688602977668,0,1209,96151.66,96151.66,79.52990901571548,1910,0,21.0,21.0,34,0,40,1209,1058,83
"{""algorithm"":""classic_maxpressure"",""algorithm_params"":{},""disturbance"":{""begin_seconds"":600.0,""end_seconds"":1200.0,""intensity"":1.0,""kind"":""vehicle_failure"",""target"":""-E1_0""},""duration_seconds"":3600.0,""flow_multiplier"":1.0,""scene_id"":""11"",""seed"":42,""warmup_seconds"":600.0}",11,11,classic_maxpressure,1.0,42,disturbance,vehicle_failure,600.0,1200.0,-E1_0,1.0,3600.0,600.0,,none,{},e891eaf99361,completed,,F:\challenge-cup\output\runs\formal\runs\i11\classic_maxpressure\x1\s42\e891eaf99361,74.3029693961952,74.3029693961952,9.687999999999999,9.687999999999999,97.89545078577338,97.89545078577338,228815.09323,189.2597958891646,0,1209,99972.17,99972.17,82.68996691480562,2103,0,21.0,21.0,42,0,40,1209,1265,82
"{""algorithm"":""capacity_aware_maxpressure"",""algorithm_params"":{},""disturbance"":{""begin_seconds"":600.0,""end_seconds"":1200.0,""intensity"":1.0,""kind"":""construction"",""target"":""-E1_0""},""duration_seconds"":3600.0,""flow_multiplier"":1.0,""scene_id"":""11"",""seed"":42,""warmup_seconds"":600.0}",11,11,capacity_aware_maxpressure,1.0,42,disturbance,construction,600.0,1200.0,-E1_0,1.0,3600.0,600.0,,none,{},050c8f779d46,completed,,F:\challenge-cup\output\runs\formal\runs\i11\capacity_aware_maxpressure\x1\s42\050c8f779d46,154.8874665293512,154.8874665293512,12.96,12.96,177.79279093717815,177.79279093717815,301547.43213,310.55348314109165,0,971,131750.86,131750.86,135.6857466529351,1661,0,23.0,23.0,20,0,55,971,1316,144
"{""algorithm"":""capacity_aware_maxpressure"",""algorithm_params"":{},""disturbance"":{""begin_seconds"":600.0,""end_seconds"":1200.0,""intensity"":1.25,""kind"":""event_demand"",""target"":""-E1""},""duration_seconds"":3600.0,""flow_multiplier"":1.0,""scene_id"":""11"",""seed"":42,""warmup_seconds"":600.0}",11,11,capacity_aware_maxpressure,1.0,42,disturbance,event_demand,600.0,1200.0,-E1,1.25,3600.0,600.0,,none,{},5e9f76ccaa4b,completed,,F:\challenge-cup\output\runs\formal\runs\i11\capacity_aware_maxpressure\x1\s42\5e9f76ccaa4b,82.65360641891891,82.65360641891891,9.27,9.27,104.79307432432432,104.79307432432432,237346.41238999998,200.4614969510135,0,1184,103699.9,103699.9,87.584375,2051,0,21.0,21.0,42,0,40,1184,1133,113
"{""algorithm"":""capacity_aware_maxpressure"",""algorithm_params"":{},""disturbance"":{""begin_seconds"":600.0,""end_seconds"":1200.0,""intensity"":1.0,""kind"":""vehicle_failure"",""target"":""-E1_0""},""duration_seconds"":3600.0,""flow_multiplier"":1.0,""scene_id"":""11"",""seed"":42,""warmup_seconds"":600.0}",11,11,capacity_aware_maxpressure,1.0,42,disturbance,vehicle_failure,600.0,1200.0,-E1_0,1.0,3600.0,600.0,,none,{},85a2b3579f8b,completed,,F:\challenge-cup\output\runs\formal\runs\i11\capacity_aware_maxpressure\x1\s42\85a2b3579f8b,74.46925297113752,74.46925297113752,9.362,9.362,98.05925297113752,98.05925297113752,225374.16595,191.31932593378608,0,1178,98468.84,98468.84,83.58984719864176,2167,0,21.0,21.0,48,0,40,1178,1175,113
"{""algorithm"":""fixed_time"",""algorithm_params"":{},""disturbance"":{""begin_seconds"":600.0,""end_seconds"":1200.0,""intensity"":1.0,""kind"":""construction"",""target"":""-E1_0""},""duration_seconds"":3600.0,""flow_multiplier"":1.0,""scene_id"":""12"",""seed"":42,""warmup_seconds"":600.0}",12,12,fixed_time,1.0,42,disturbance,construction,600.0,1200.0,-E1_0,1.0,3600.0,600.0,,none,{},51faebc29f8f,completed,,F:\challenge-cup\output\runs\formal\runs\i12\fixed_time\x1\s42\51faebc29f8f,133.59601489757915,133.59601489757915,16.9,16.9,162.54525139664804,162.54525139664804,305290.87251,284.25593343575423,0,1074,133386.25,133386.25,124.1957635009311,2679,0,29.0,29.0,7,0,60,1074,1229,149
"{""algorithm"":""fixed_time"",""algorithm_params"":{},""disturbance"":{""begin_seconds"":600.0,""end_seconds"":1200.0,""intensity"":1.25,""kind"":""event_demand"",""target"":""-E1""},""duration_seconds"":3600.0,""flow_multiplier"":1.0,""scene_id"":""12"",""seed"":42,""warmup_seconds"":600.0}",12,12,fixed_time,1.0,42,disturbance,event_demand,600.0,1200.0,-E1,1.25,3600.0,600.0,,none,{},43e7bc8353b1,completed,,F:\challenge-cup\output\runs\formal\runs\i12\fixed_time\x1\s42\43e7bc8353b1,116.58672493100276,116.58672493100276,16.48166666666667,16.48166666666667,144.114995400184,144.114995400184,278106.52908,255.8477728426863,0,1087,121508.86,121508.86,111.78367985280589,2689,0,29.0,29.0,11,0,60,1087,1128,149
"{""algorithm"":""fixed_time"",""algorithm_params"":{},""disturbance"":{""begin_seconds"":600.0,""end_seconds"":1200.0,""intensity"":1.0,""kind"":""vehicle_failure"",""target"":""-E1_0""},""duration_seconds"":3600.0,""flow_multiplier"":1.0,""scene_id"":""12"",""seed"":42,""warmup_seconds"":600.0}",12,12,fixed_time,1.0,42,disturbance,vehicle_failure,600.0,1200.0,-E1_0,1.0,3600.0,600.0,,none,{},4e274a976845,completed,,F:\challenge-cup\output\runs\formal\runs\i12\fixed_time\x1\s42\4e274a976845,127.48223866790008,127.48223866790008,16.935,16.935,156.8803885291397,156.8803885291397,299199.55551,276.78034737280296,0,1081,130724.87,130724.87,120.92957446808511,2692,0,29.0,29.0,6,0,60,1081,1284,149
"{""algorithm"":""classic_maxpressure"",""algorithm_params"":{},""disturbance"":{""begin_seconds"":600.0,""end_seconds"":1200.0,""intensity"":1.0,""kind"":""construction"",""target"":""-E1_0""},""duration_seconds"":3600.0,""flow_multiplier"":1.0,""scene_id"":""12"",""seed"":42,""warmup_seconds"":600.0}",12,12,classic_maxpressure,1.0,42,disturbance,construction,600.0,1200.0,-E1_0,1.0,3600.0,600.0,,none,{},55fd33260d88,completed,,F:\challenge-cup\output\runs\formal\runs\i12\classic_maxpressure\x1\s42\55fd33260d88,133.59601489757915,133.59601489757915,16.9,16.9,162.54525139664804,162.54525139664804,305290.87251,284.25593343575423,0,1074,133386.25,133386.25,124.1957635009311,2679,0,29.0,29.0,7,0,60,1074,1229,149
"{""algorithm"":""classic_maxpressure"",""algorithm_params"":{},""disturbance"":{""begin_seconds"":600.0,""end_seconds"":1200.0,""intensity"":1.25,""kind"":""event_demand"",""target"":""-E1""},""duration_seconds"":3600.0,""flow_multiplier"":1.0,""scene_id"":""12"",""seed"":42,""warmup_seconds"":600.0}",12,12,classic_maxpressure,1.0,42,disturbance,event_demand,600.0,1200.0,-E1,1.25,3600.0,600.0,,none,{},d52db5a42e15,completed,,F:\challenge-cup\output\runs\formal\runs\i12\classic_maxpressure\x1\s42\d52db5a42e15,116.58672493100276,116.58672493100276,16.48166666666667,16.48166666666667,144.114995400184,144.114995400184,278106.52908,255.8477728426863,0,1087,121508.86,121508.86,111.78367985280589,2689,0,29.0,29.0,11,0,60,1087,1128,149
"{""algorithm"":""classic_maxpressure"",""algorithm_params"":{},""disturbance"":{""begin_seconds"":600.0,""end_seconds"":1200.0,""intensity"":1.0,""kind"":""vehicle_failure"",""target"":""-E1_0""},""duration_seconds"":3600.0,""flow_multiplier"":1.0,""scene_id"":""12"",""seed"":42,""warmup_seconds"":600.0}",12,12,classic_maxpressure,1.0,42,disturbance,vehicle_failure,600.0,1200.0,-E1_0,1.0,3600.0,600.0,,none,{},d4cc84d14eac,completed,,F:\challenge-cup\output\runs\formal\runs\i12\classic_maxpressure\x1\s42\d4cc84d14eac,127.48223866790008,127.48223866790008,16.935,16.935,156.8803885291397,156.8803885291397,299199.55551,276.78034737280296,0,1081,130724.87,130724.87,120.92957446808511,2692,0,29.0,29.0,6,0,60,1081,1284,149
"{""algorithm"":""capacity_aware_maxpressure"",""algorithm_params"":{},""disturbance"":{""begin_seconds"":600.0,""end_seconds"":1200.0,""intensity"":1.0,""kind"":""construction"",""target"":""-E1_0""},""duration_seconds"":3600.0,""flow_multiplier"":1.0,""scene_id"":""12"",""seed"":42,""warmup_seconds"":600.0}",12,12,capacity_aware_maxpressure,1.0,42,disturbance,construction,600.0,1200.0,-E1_0,1.0,3600.0,600.0,,none,{},ff903ac7df1f,completed,,F:\challenge-cup\output\runs\formal\runs\i12\capacity_aware_maxpressure\x1\s42\ff903ac7df1f,119.35402154398564,119.35402154398564,16.686666666666667,16.686666666666667,148.41005385996408,148.41005385996408,297548.21132999996,267.0989329712747,0,1114,130003.13,130003.13,116.69939856373429,2717,0,29.0,29.0,7,0,60,1114,1370,155
"{""algorithm"":""capacity_aware_maxpressure"",""algorithm_params"":{},""disturbance"":{""begin_seconds"":600.0,""end_seconds"":1200.0,""intensity"":1.25,""kind"":""event_demand"",""target"":""-E1""},""duration_seconds"":3600.0,""flow_multiplier"":1.0,""scene_id"":""12"",""seed"":42,""warmup_seconds"":600.0}",12,12,capacity_aware_maxpressure,1.0,42,disturbance,event_demand,600.0,1200.0,-E1,1.25,3600.0,600.0,,none,{},7c08b1c4f574,completed,,F:\challenge-cup\output\runs\formal\runs\i12\capacity_aware_maxpressure\x1\s42\7c08b1c4f574,114.2828276481149,114.2828276481149,16.57,16.57,141.99497307001795,141.99497307001795,285388.1543,256.18326238779173,0,1114,124690.14,124690.14,111.93010771992819,2686,0,29.0,29.0,7,0,60,1114,1301,155
"{""algorithm"":""capacity_aware_maxpressure"",""algorithm_params"":{},""disturbance"":{""begin_seconds"":600.0,""end_seconds"":1200.0,""intensity"":1.0,""kind"":""vehicle_failure"",""target"":""-E1_0""},""duration_seconds"":3600.0,""flow_multiplier"":1.0,""scene_id"":""12"",""seed"":42,""warmup_seconds"":600.0}",12,12,capacity_aware_maxpressure,1.0,42,disturbance,vehicle_failure,600.0,1200.0,-E1_0,1.0,3600.0,600.0,,none,{},0807a1f6baa9,completed,,F:\challenge-cup\output\runs\formal\runs\i12\capacity_aware_maxpressure\x1\s42\0807a1f6baa9,121.28571300448431,121.28571300448431,16.80666666666667,16.80666666666667,150.73820627802692,150.73820627802692,301801.82572,270.6742831569507,0,1115,131861.53,131861.53,118.26146188340807,2749,0,29.0,29.0,8,0,60,1115,1605,156
"{""algorithm"":""fixed_time"",""algorithm_params"":{},""disturbance"":{""begin_seconds"":600.0,""end_seconds"":1200.0,""intensity"":1.0,""kind"":""construction"",""target"":""-E1_0""},""duration_seconds"":3600.0,""flow_multiplier"":1.0,""scene_id"":""13"",""seed"":42,""warmup_seconds"":600.0}",13,13,fixed_time,1.0,42,disturbance,construction,600.0,1200.0,-E1_0,1.0,3600.0,600.0,,none,{},05735853d704,completed,,F:\challenge-cup\output\runs\formal\runs\i13\fixed_time\x1\s42\05735853d704,65.74408465608467,,8.56,,133.20920634920634,,,,0,,108114.5,,,3563,0,,,8,0,14,945.0,674.0,
"{""algorithm"":""fixed_time"",""algorithm_params"":{},""disturbance"":{""begin_seconds"":600.0,""end_seconds"":1200.0,""intensity"":1.25,""kind"":""event_demand"",""target"":""-E1""},""duration_seconds"":3600.0,""flow_multiplier"":1.0,""scene_id"":""13"",""seed"":42,""warmup_seconds"":600.0}",13,13,fixed_time,1.0,42,disturbance,event_demand,600.0,1200.0,-E1,1.25,3600.0,600.0,,none,{},d64f8ebcc09c,completed,,F:\challenge-cup\output\runs\formal\runs\i13\fixed_time\x1\s42\d64f8ebcc09c,41.257470899470896,,7.65,,108.33862433862434,,,,0,,91991.09,,,3634,0,,,8,0,10,945.0,506.0,
"{""algorithm"":""fixed_time"",""algorithm_params"":{},""disturbance"":{""begin_seconds"":600.0,""end_seconds"":1200.0,""intensity"":1.0,""kind"":""vehicle_failure"",""target"":""-E1_0""},""duration_seconds"":3600.0,""flow_multiplier"":1.0,""scene_id"":""13"",""seed"":42,""warmup_seconds"":600.0}",13,13,fixed_time,1.0,42,disturbance,vehicle_failure,600.0,1200.0,-E1_0,1.0,3600.0,600.0,,none,{},5a453110944c,completed,,F:\challenge-cup\output\runs\formal\runs\i13\fixed_time\x1\s42\5a453110944c,42.28463492063492,,7.69,,110.38857142857142,,,,0,,92829.21,,,3742,0,,,5,0,10,945.0,519.0,
"{""algorithm"":""classic_maxpressure"",""algorithm_params"":{},""disturbance"":{""begin_seconds"":600.0,""end_seconds"":1200.0,""intensity"":1.0,""kind"":""construction"",""target"":""-E1_0""},""duration_seconds"":3600.0,""flow_multiplier"":1.0,""scene_id"":""13"",""seed"":42,""warmup_seconds"":600.0}",13,13,classic_maxpressure,1.0,42,disturbance,construction,600.0,1200.0,-E1_0,1.0,3600.0,600.0,,none,{},4855b8ce1d59,completed,,F:\challenge-cup\output\runs\formal\runs\i13\classic_maxpressure\x1\s42\4855b8ce1d59,65.74408465608467,,8.56,,133.20920634920634,,,,0,,108114.5,,,3563,0,,,8,0,14,945.0,674.0,
"{""algorithm"":""classic_maxpressure"",""algorithm_params"":{},""disturbance"":{""begin_seconds"":600.0,""end_seconds"":1200.0,""intensity"":1.25,""kind"":""event_demand"",""target"":""-E1""},""duration_seconds"":3600.0,""flow_multiplier"":1.0,""scene_id"":""13"",""seed"":42,""warmup_seconds"":600.0}",13,13,classic_maxpressure,1.0,42,disturbance,event_demand,600.0,1200.0,-E1,1.25,3600.0,600.0,,none,{},e5f421e7397e,completed,,F:\challenge-cup\output\runs\formal\runs\i13\classic_maxpressure\x1\s42\e5f421e7397e,41.257470899470896,,7.65,,108.33862433862434,,,,0,,91991.09,,,3634,0,,,8,0,10,945.0,506.0,
"{""algorithm"":""classic_maxpressure"",""algorithm_params"":{},""disturbance"":{""begin_seconds"":600.0,""end_seconds"":1200.0,""intensity"":1.0,""kind"":""vehicle_failure"",""target"":""-E1_0""},""duration_seconds"":3600.0,""flow_multiplier"":1.0,""scene_id"":""13"",""seed"":42,""warmup_seconds"":600.0}",13,13,classic_maxpressure,1.0,42,disturbance,vehicle_failure,600.0,1200.0,-E1_0,1.0,3600.0,600.0,,none,{},bc8c61b81e23,completed,,F:\challenge-cup\output\runs\formal\runs\i13\classic_maxpressure\x1\s42\bc8c61b81e23,42.28463492063492,,7.69,,110.38857142857142,,,,0,,92829.21,,,3742,0,,,5,0,10,945.0,519.0,
"{""algorithm"":""capacity_aware_maxpressure"",""algorithm_params"":{},""disturbance"":{""begin_seconds"":600.0,""end_seconds"":1200.0,""intensity"":1.0,""kind"":""construction"",""target"":""-E1_0""},""duration_seconds"":3600.0,""flow_multiplier"":1.0,""scene_id"":""13"",""seed"":42,""warmup_seconds"":600.0}",13,13,capacity_aware_maxpressure,1.0,42,disturbance,construction,600.0,1200.0,-E1_0,1.0,3600.0,600.0,,none,{},984184e40a11,completed,,F:\challenge-cup\output\runs\formal\runs\i13\capacity_aware_maxpressure\x1\s42\984184e40a11,58.96389064143007,,8.3,,126.41398527865404,,,,0,,105516.85,,,3904,0,,,7,0,13,951.0,742.0,
"{""algorithm"":""capacity_aware_maxpressure"",""algorithm_params"":{},""disturbance"":{""begin_seconds"":600.0,""end_seconds"":1200.0,""intensity"":1.25,""kind"":""event_demand"",""target"":""-E1""},""duration_seconds"":3600.0,""flow_multiplier"":1.0,""scene_id"":""13"",""seed"":42,""warmup_seconds"":600.0}",13,13,capacity_aware_maxpressure,1.0,42,disturbance,event_demand,600.0,1200.0,-E1,1.25,3600.0,600.0,,none,{},9debffb787a2,completed,,F:\challenge-cup\output\runs\formal\runs\i13\capacity_aware_maxpressure\x1\s42\9debffb787a2,37.34761303890642,,7.415,,104.40946372239748,,,,0,,91227.79,,,3956,0,,,6,0,10,951.0,558.0,
"{""algorithm"":""capacity_aware_maxpressure"",""algorithm_params"":{},""disturbance"":{""begin_seconds"":600.0,""end_seconds"":1200.0,""intensity"":1.0,""kind"":""vehicle_failure"",""target"":""-E1_0""},""duration_seconds"":3600.0,""flow_multiplier"":1.0,""scene_id"":""13"",""seed"":42,""warmup_seconds"":600.0}",13,13,capacity_aware_maxpressure,1.0,42,disturbance,vehicle_failure,600.0,1200.0,-E1_0,1.0,3600.0,600.0,,none,{},e7285ecaabb6,completed,,F:\challenge-cup\output\runs\formal\runs\i13\capacity_aware_maxpressure\x1\s42\e7285ecaabb6,38.869078534031416,,7.4325,,106.94366492146597,,,,0,,92871.69,,,3982,0,,,20,0,10,955.0,572.0,
"{""algorithm"":""fixed_time"",""algorithm_params"":{},""disturbance"":{""begin_seconds"":600.0,""end_seconds"":1200.0,""intensity"":1.0,""kind"":""construction"",""target"":""-E0_0""},""duration_seconds"":3600.0,""flow_multiplier"":1.0,""scene_id"":""14"",""seed"":42,""warmup_seconds"":600.0}",14,14,fixed_time,1.0,42,disturbance,construction,600.0,1200.0,-E0_0,1.0,3600.0,600.0,,none,{},325045659dea,completed,,F:\challenge-cup\output\runs\formal\runs\i14\fixed_time\x1\s42\325045659dea,77.02508064516128,77.02508064516128,4.333333333333334,4.333333333333334,90.27822580645162,90.27822580645162,124365.22667,167.15756272849464,0,744,54336.92,54336.92,73.03349462365591,146,0,11.0,11.0,21,0,2,744,1132,24
"{""algorithm"":""fixed_time"",""algorithm_params"":{},""disturbance"":{""begin_seconds"":600.0,""end_seconds"":1200.0,""intensity"":1.25,""kind"":""event_demand"",""target"":""-E0""},""duration_seconds"":3600.0,""flow_multiplier"":1.0,""scene_id"":""14"",""seed"":42,""warmup_seconds"":600.0}",14,14,fixed_time,1.0,42,disturbance,event_demand,600.0,1200.0,-E0,1.25,3600.0,600.0,,none,{},8346ff93b664,completed,,F:\challenge-cup\output\runs\formal\runs\i14\fixed_time\x1\s42\8346ff93b664,65.15380475594493,65.15380475594493,3.4666666666666663,3.4666666666666663,77.99874843554443,77.99874843554443,118345.20132,148.11664745932416,0,799,51706.7,51706.7,64.71426783479349,217,0,10.0,10.0,31,0,0,799,1171,24
"{""algorithm"":""fixed_time"",""algorithm_params"":{},""disturbance"":{""begin_seconds"":600.0,""end_seconds"":1200.0,""intensity"":1.0,""kind"":""vehicle_failure"",""target"":""-E0_0""},""duration_seconds"":3600.0,""flow_multiplier"":1.0,""scene_id"":""14"",""seed"":42,""warmup_seconds"":600.0}",14,14,fixed_time,1.0,42,disturbance,vehicle_failure,600.0,1200.0,-E0_0,1.0,3600.0,600.0,,none,{},54ac98f41007,completed,,F:\challenge-cup\output\runs\formal\runs\i14\fixed_time\x1\s42\54ac98f41007,77.72425675675676,77.72425675675676,4.333333333333334,4.333333333333334,91.78378378378379,91.78378378378379,124560.47803,168.3249703108108,0,740,54422.37,54422.37,73.54374324324324,167,0,11.0,11.0,15,0,2,740,1118,24
"{""algorithm"":""classic_maxpressure"",""algorithm_params"":{},""disturbance"":{""begin_seconds"":600.0,""end_seconds"":1200.0,""intensity"":1.0,""kind"":""construction"",""target"":""-E0_0""},""duration_seconds"":3600.0,""flow_multiplier"":1.0,""scene_id"":""14"",""seed"":42,""warmup_seconds"":600.0}",14,14,classic_maxpressure,1.0,42,disturbance,construction,600.0,1200.0,-E0_0,1.0,3600.0,600.0,,none,{},43cc3eb5ca75,completed,,F:\challenge-cup\output\runs\formal\runs\i14\classic_maxpressure\x1\s42\43cc3eb5ca75,67.07514492753623,67.07514492753623,4.0,4.0,80.34903381642512,80.34903381642512,126115.98411,152.3139904710145,0,828,55101.66,55101.66,66.54789855072464,262,0,11.0,11.0,25,0,2,828,2707,22
"{""algorithm"":""classic_maxpressure"",""algorithm_params"":{},""disturbance"":{""begin_seconds"":600.0,""end_seconds"":1200.0,""intensity"":1.25,""kind"":""event_demand"",""target"":""-E0""},""duration_seconds"":3600.0,""flow_multiplier"":1.0,""scene_id"":""14"",""seed"":42,""warmup_seconds"":600.0}",14,14,classic_maxpressure,1.0,42,disturbance,event_demand,600.0,1200.0,-E0,1.25,3600.0,600.0,,none,{},a64fa5950a33,completed,,F:\challenge-cup\output\runs\formal\runs\i14\classic_maxpressure\x1\s42\a64fa5950a33,45.73995515695067,45.73995515695067,2.533333333333333,2.533333333333333,58.67152466367713,58.67152466367713,107062.41669,120.02513081838565,0,892,46776.93,46776.93,52.44050448430493,416,0,9.0,9.0,30,0,0,892,2175,17
"{""algorithm"":""classic_maxpressure"",""algorithm_params"":{},""disturbance"":{""begin_seconds"":600.0,""end_seconds"":1200.0,""intensity"":1.0,""kind"":""vehicle_failure"",""target"":""-E0_0""},""duration_seconds"":3600.0,""flow_multiplier"":1.0,""scene_id"":""14"",""seed"":42,""warmup_seconds"":600.0}",14,14,classic_maxpressure,1.0,42,disturbance,vehicle_failure,600.0,1200.0,-E0_0,1.0,3600.0,600.0,,none,{},d401a63e15c0,completed,,F:\challenge-cup\output\runs\formal\runs\i14\classic_maxpressure\x1\s42\d401a63e15c0,63.5519612590799,63.5519612590799,4.0,4.0,77.52421307506053,77.52421307506053,121948.62044,147.63755501210653,0,826,53280.87,53280.87,64.50468523002422,283,0,11.0,11.0,30,0,2,826,2588,23
"{""algorithm"":""capacity_aware_maxpressure"",""algorithm_params"":{},""disturbance"":{""begin_seconds"":600.0,""end_seconds"":1200.0,""intensity"":1.0,""kind"":""construction"",""target"":""-E0_0""},""duration_seconds"":3600.0,""flow_multiplier"":1.0,""scene_id"":""14"",""seed"":42,""warmup_seconds"":600.0}",14,14,capacity_aware_maxpressure,1.0,42,disturbance,construction,600.0,1200.0,-E0_0,1.0,3600.0,600.0,,none,{},86cacb139f31,completed,,F:\challenge-cup\output\runs\formal\runs\i14\capacity_aware_maxpressure\x1\s42\86cacb139f31,62.90823386114495,62.90823386114495,4.866666666666666,4.866666666666666,76.17174177831912,76.17174177831912,119874.2985,146.0101077953715,0,821,52374.73,52374.73,63.79382460414129,264,0,11.0,11.0,30,0,2,821,2666,24
"{""algorithm"":""capacity_aware_maxpressure"",""algorithm_params"":{},""disturbance"":{""begin_seconds"":600.0,""end_seconds"":1200.0,""intensity"":1.25,""kind"":""event_demand"",""target"":""-E0""},""duration_seconds"":3600.0,""flow_multiplier"":1.0,""scene_id"":""14"",""seed"":42,""warmup_seconds"":600.0}",14,14,capacity_aware_maxpressure,1.0,42,disturbance,event_demand,600.0,1200.0,-E0,1.25,3600.0,600.0,,none,{},3785c08fd18d,completed,,F:\challenge-cup\output\runs\formal\runs\i14\capacity_aware_maxpressure\x1\s42\3785c08fd18d,48.46671125975474,48.46671125975474,2.533333333333333,2.533333333333333,61.38573021181717,61.38573021181717,111063.04904000001,123.81610818283167,0,897,48524.82,48524.82,54.096789297658866,327,0,7.0,7.0,35,0,0,897,2265,18
"{""algorithm"":""capacity_aware_maxpressure"",""algorithm_params"":{},""disturbance"":{""begin_seconds"":600.0,""end_seconds"":1200.0,""intensity"":1.0,""kind"":""vehicle_failure"",""target"":""-E0_0""},""duration_seconds"":3600.0,""flow_multiplier"":1.0,""scene_id"":""14"",""seed"":42,""warmup_seconds"":600.0}",14,14,capacity_aware_maxpressure,1.0,42,disturbance,vehicle_failure,600.0,1200.0,-E0_0,1.0,3600.0,600.0,,none,{},14200be5b2df,completed,,F:\challenge-cup\output\runs\formal\runs\i14\capacity_aware_maxpressure\x1\s42\14200be5b2df,62.8548426150121,62.8548426150121,3.4666666666666663,3.4666666666666663,76.81234866828088,76.81234866828088,119984.83717,145.26009342615012,0,826,52422.83,52422.83,63.46589588377724,274,0,10.0,10.0,25,0,3,826,2618,22
"{""algorithm"":""fixed_time"",""algorithm_params"":{},""disturbance"":{""begin_seconds"":600.0,""end_seconds"":1200.0,""intensity"":1.0,""kind"":""construction"",""target"":""-E1_0""},""duration_seconds"":3600.0,""flow_multiplier"":1.0,""scene_id"":""15"",""seed"":42,""warmup_seconds"":600.0}",15,15,fixed_time,1.0,42,disturbance,construction,600.0,1200.0,-E1_0,1.0,3600.0,600.0,,none,{},9085858c0bd3,completed,,F:\challenge-cup\output\runs\formal\runs\i15\fixed_time\x1\s42\9085858c0bd3,26.435813308687614,26.435813308687614,0.7927272727272726,0.7927272727272726,39.753234750462106,39.753234750462106,182195.94559000002,84.1940598844732,0,2164,79602.96,79602.96,36.785101663585955,7970,0,6.0,6.0,160,0,0,2164,1756,24
"{""algorithm"":""fixed_time"",""algorithm_params"":{},""disturbance"":{""begin_seconds"":600.0,""end_seconds"":1200.0,""intensity"":1.25,""kind"":""event_demand"",""target"":""-E1""},""duration_seconds"":3600.0,""flow_multiplier"":1.0,""scene_id"":""15"",""seed"":42,""warmup_seconds"":600.0}",15,15,fixed_time,1.0,42,disturbance,event_demand,600.0,1200.0,-E1,1.25,3600.0,600.0,,none,{},86475d0afba2,completed,,F:\challenge-cup\output\runs\formal\runs\i15\fixed_time\x1\s42\86475d0afba2,26.281912240184756,26.281912240184756,0.7890909090909091,0.7890909090909091,39.520230946882215,39.520230946882215,181320.33861,83.75073376905313,0,2165,79220.76,79220.76,36.59157505773672,7937,0,6.0,6.0,161,0,0,2165,1687,23
"{""algorithm"":""fixed_time"",""algorithm_params"":{},""disturbance"":{""begin_seconds"":600.0,""end_seconds"":1200.0,""intensity"":1.0,""kind"":""vehicle_failure"",""target"":""-E1_0""},""duration_seconds"":3600.0,""flow_multiplier"":1.0,""scene_id"":""15"",""seed"":42,""warmup_seconds"":600.0}",15,15,fixed_time,1.0,42,disturbance,vehicle_failure,600.0,1200.0,-E1_0,1.0,3600.0,600.0,,none,{},62b2d6d40ef2,completed,,F:\challenge-cup\output\runs\formal\runs\i15\fixed_time\x1\s42\62b2d6d40ef2,27.12832948777111,27.12832948777111,0.8218181818181819,0.8218181818181819,40.72238117212736,40.72238117212736,185501.63830000002,85.60297106598986,0,2167,81047.68,81047.68,37.4008675588371,7933,0,6.0,6.0,159,0,0,2167,1715,22
"{""algorithm"":""classic_maxpressure"",""algorithm_params"":{},""disturbance"":{""begin_seconds"":600.0,""end_seconds"":1200.0,""intensity"":1.0,""kind"":""construction"",""target"":""-E1_0""},""duration_seconds"":3600.0,""flow_multiplier"":1.0,""scene_id"":""15"",""seed"":42,""warmup_seconds"":600.0}",15,15,classic_maxpressure,1.0,42,disturbance,construction,600.0,1200.0,-E1_0,1.0,3600.0,600.0,,none,{},134c8702c210,completed,,F:\challenge-cup\output\runs\formal\runs\i15\classic_maxpressure\x1\s42\134c8702c210,19.40652133580705,19.40652133580705,0.5981818181818181,0.5981818181818181,32.72054730983302,32.72054730983302,160749.59494,74.55918132653062,0,2156,70232.85,70232.85,32.57553339517626,13598,0,9.0,9.0,240,0,0,2156,2370,24
"{""algorithm"":""classic_maxpressure"",""algorithm_params"":{},""disturbance"":{""begin_seconds"":600.0,""end_seconds"":1200.0,""intensity"":1.25,""kind"":""event_demand"",""target"":""-E1""},""duration_seconds"":3600.0,""flow_multiplier"":1.0,""scene_id"":""15"",""seed"":42,""warmup_seconds"":600.0}",15,15,classic_maxpressure,1.0,42,disturbance,event_demand,600.0,1200.0,-E1,1.25,3600.0,600.0,,none,{},eda86bc5969b,completed,,F:\challenge-cup\output\runs\formal\runs\i15\classic_maxpressure\x1\s42\eda86bc5969b,21.886417286245354,21.886417286245354,0.6436363636363636,0.6436363636363636,35.12026022304833,35.12026022304833,166821.88483000002,77.51946321096655,0,2152,72885.83,72885.83,33.86888011152416,13122,0,9.0,9.0,222,0,0,2152,2594,24
"{""algorithm"":""classic_maxpressure"",""algorithm_params"":{},""disturbance"":{""begin_seconds"":600.0,""end_seconds"":1200.0,""intensity"":1.0,""kind"":""vehicle_failure"",""target"":""-E1_0""},""duration_seconds"":3600.0,""flow_multiplier"":1.0,""scene_id"":""15"",""seed"":42,""warmup_seconds"":600.0}",15,15,classic_maxpressure,1.0,42,disturbance,vehicle_failure,600.0,1200.0,-E1_0,1.0,3600.0,600.0,,none,{},8dca3f3e4ddf,completed,,F:\challenge-cup\output\runs\formal\runs\i15\classic_maxpressure\x1\s42\8dca3f3e4ddf,21.012702828001856,21.012702828001856,0.6163636363636363,0.6163636363636363,34.601854427445524,34.601854427445524,164842.9397,76.42231789522485,0,2157,72021.37,72021.37,33.38960129809921,13468,0,9.0,9.0,258,0,0,2157,2531,25
"{""algorithm"":""capacity_aware_maxpressure"",""algorithm_params"":{},""disturbance"":{""begin_seconds"":600.0,""end_seconds"":1200.0,""intensity"":1.0,""kind"":""construction"",""target"":""-E1_0""},""duration_seconds"":3600.0,""flow_multiplier"":1.0,""scene_id"":""15"",""seed"":42,""warmup_seconds"":600.0}",15,15,capacity_aware_maxpressure,1.0,42,disturbance,construction,600.0,1200.0,-E1_0,1.0,3600.0,600.0,,none,{},8a3f74c68554,completed,,F:\challenge-cup\output\runs\formal\runs\i15\capacity_aware_maxpressure\x1\s42\8a3f74c68554,22.19727441860465,22.19727441860465,0.630909090909091,0.630909090909091,35.51390697674418,35.51390697674418,168524.77256,78.38361514418605,0,2150,73629.94,73629.94,34.246483720930236,13372,0,9.0,9.0,218,0,0,2150,2627,25
"{""algorithm"":""capacity_aware_maxpressure"",""algorithm_params"":{},""disturbance"":{""begin_seconds"":600.0,""end_seconds"":1200.0,""intensity"":1.25,""kind"":""event_demand"",""target"":""-E1""},""duration_seconds"":3600.0,""flow_multiplier"":1.0,""scene_id"":""15"",""seed"":42,""warmup_seconds"":600.0}",15,15,capacity_aware_maxpressure,1.0,42,disturbance,event_demand,600.0,1200.0,-E1,1.25,3600.0,600.0,,none,{},d8956d73bd7c,completed,,F:\challenge-cup\output\runs\formal\runs\i15\capacity_aware_maxpressure\x1\s42\d8956d73bd7c,21.8135886722377,21.8135886722377,0.64,0.64,35.05106778087279,35.05106778087279,166829.79551,77.4511585468895,0,2154,72889.3,72889.3,33.83904363974002,13313,0,9.0,9.0,231,0,0,2154,2580,25
"{""algorithm"":""capacity_aware_maxpressure"",""algorithm_params"":{},""disturbance"":{""begin_seconds"":600.0,""end_seconds"":1200.0,""intensity"":1.0,""kind"":""vehicle_failure"",""target"":""-E1_0""},""duration_seconds"":3600.0,""flow_multiplier"":1.0,""scene_id"":""15"",""seed"":42,""warmup_seconds"":600.0}",15,15,capacity_aware_maxpressure,1.0,42,disturbance,vehicle_failure,600.0,1200.0,-E1_0,1.0,3600.0,600.0,,none,{},cfb8decd4ae1,completed,,F:\challenge-cup\output\runs\formal\runs\i15\capacity_aware_maxpressure\x1\s42\cfb8decd4ae1,22.12203248259861,22.12203248259861,0.58,0.58,35.70723897911833,35.70723897911833,168789.06553,78.32439235730858,0,2155,73745.64,73745.64,34.22071461716937,13280,0,6.0,6.0,231,0,0,2155,2610,24
"{""algorithm"":""fixed_time"",""algorithm_params"":{},""disturbance"":{""begin_seconds"":600.0,""end_seconds"":1200.0,""intensity"":1.0,""kind"":""construction"",""target"":""-E1_0""},""duration_seconds"":3600.0,""flow_multiplier"":1.0,""scene_id"":""16"",""seed"":42,""warmup_seconds"":600.0}",16,16,fixed_time,1.0,42,disturbance,construction,600.0,1200.0,-E1_0,1.0,3600.0,600.0,,none,{},1079c63caa39,completed,,F:\challenge-cup\output\runs\formal\runs\i16\fixed_time\x1\s42\1079c63caa39,21.093470451911937,21.093470451911937,0.9075,0.9075,42.32433371958285,42.32433371958285,170259.40893,98.64392174391658,0,1726,74387.89,74387.89,43.09842989571263,14252,0,6.0,6.0,191,0,0,1726,1378,24
"{""algorithm"":""fixed_time"",""algorithm_params"":{},""disturbance"":{""begin_seconds"":600.0,""end_seconds"":1200.0,""intensity"":1.25,""kind"":""event_demand"",""target"":""-E1""},""duration_seconds"":3600.0,""flow_multiplier"":1.0,""scene_id"":""16"",""seed"":42,""warmup_seconds"":600.0}",16,16,fixed_time,1.0,42,disturbance,event_demand,600.0,1200.0,-E1,1.25,3600.0,600.0,,none,{},b7c733f49dc2,completed,,F:\challenge-cup\output\runs\formal\runs\i16\fixed_time\x1\s42\b7c733f49dc2,20.78963499420626,20.78963499420626,0.8975,0.8975,41.73586326767092,41.73586326767092,167528.63709,97.06178278679027,0,1726,73194.75,73194.75,42.40715527230591,14100,0,6.0,6.0,186,0,0,1726,1357,24
"{""algorithm"":""fixed_time"",""algorithm_params"":{},""disturbance"":{""begin_seconds"":600.0,""end_seconds"":1200.0,""intensity"":1.0,""kind"":""vehicle_failure"",""target"":""-E1_0""},""duration_seconds"":3600.0,""flow_multiplier"":1.0,""scene_id"":""16"",""seed"":42,""warmup_seconds"":600.0}",16,16,fixed_time,1.0,42,disturbance,vehicle_failure,600.0,1200.0,-E1_0,1.0,3600.0,600.0,,none,{},99596d47b7a3,completed,,F:\challenge-cup\output\runs\formal\runs\i16\fixed_time\x1\s42\99596d47b7a3,20.812058993637944,20.812058993637944,0.9,0.9,42.397397339502604,42.397397339502604,169821.01974000002,98.21921326778485,0,1729,74196.34,74196.34,42.912862926547135,14300,0,5.0,5.0,200,0,0,1729,1350,22
"{""algorithm"":""classic_maxpressure"",""algorithm_params"":{},""disturbance"":{""begin_seconds"":600.0,""end_seconds"":1200.0,""intensity"":1.0,""kind"":""construction"",""target"":""-E1_0""},""duration_seconds"":3600.0,""flow_multiplier"":1.0,""scene_id"":""16"",""seed"":42,""warmup_seconds"":600.0}",16,16,classic_maxpressure,1.0,42,disturbance,construction,600.0,1200.0,-E1_0,1.0,3600.0,600.0,,none,{},b79a8bed77b9,completed,,F:\challenge-cup\output\runs\formal\runs\i16\classic_maxpressure\x1\s42\b79a8bed77b9,15.05539039907461,15.05539039907461,0.6875,0.6875,36.29097744360902,36.29097744360902,158493.38913999998,91.66766289184498,0,1729,69246.91,69246.91,40.05026604973973,19337,0,6.0,6.0,272,0,0,1729,1496,21
"{""algorithm"":""classic_maxpressure"",""algorithm_params"":{},""disturbance"":{""begin_seconds"":600.0,""end_seconds"":1200.0,""intensity"":1.25,""kind"":""event_demand"",""target"":""-E1""},""duration_seconds"":3600.0,""flow_multiplier"":1.0,""scene_id"":""16"",""seed"":42,""warmup_seconds"":600.0}",16,16,classic_maxpressure,1.0,42,disturbance,event_demand,600.0,1200.0,-E1,1.25,3600.0,600.0,,none,{},84d36efd8188,completed,,F:\challenge-cup\output\runs\formal\runs\i16\classic_maxpressure\x1\s42\84d36efd8188,14.174800462695199,14.174800462695199,0.7675,0.7675,35.126836321573165,35.126836321573165,153828.6258,88.96970838635049,0,1729,67209.03,67209.03,38.87161943319838,19398,0,6.0,6.0,302,0,0,1729,1418,21
"{""algorithm"":""classic_maxpressure"",""algorithm_params"":{},""disturbance"":{""begin_seconds"":600.0,""end_seconds"":1200.0,""intensity"":1.0,""kind"":""vehicle_failure"",""target"":""-E1_0""},""duration_seconds"":3600.0,""flow_multiplier"":1.0,""scene_id"":""16"",""seed"":42,""warmup_seconds"":600.0}",16,16,classic_maxpressure,1.0,42,disturbance,vehicle_failure,600.0,1200.0,-E1_0,1.0,3600.0,600.0,,none,{},a1b123bff129,completed,,F:\challenge-cup\output\runs\formal\runs\i16\classic_maxpressure\x1\s42\a1b123bff129,14.060352397458118,14.060352397458118,0.715,0.715,35.653437319468516,35.653437319468516,155626.77499,89.90570478913924,0,1731,67994.52,67994.52,39.280485268630855,19606,0,6.0,6.0,277,0,0,1731,1413,20
"{""algorithm"":""capacity_aware_maxpressure"",""algorithm_params"":{},""disturbance"":{""begin_seconds"":600.0,""end_seconds"":1200.0,""intensity"":1.0,""kind"":""construction"",""target"":""-E1_0""},""duration_seconds"":3600.0,""flow_multiplier"":1.0,""scene_id"":""16"",""seed"":42,""warmup_seconds"":600.0}",16,16,capacity_aware_maxpressure,1.0,42,disturbance,construction,600.0,1200.0,-E1_0,1.0,3600.0,600.0,,none,{},1f4d25607b25,completed,,F:\challenge-cup\output\runs\formal\runs\i16\capacity_aware_maxpressure\x1\s42\1f4d25607b25,15.169843840370156,15.169843840370156,0.715,0.715,36.405205320994796,36.405205320994796,158953.25767,91.93363659340659,0,1729,69447.97,69447.97,40.16655292076345,19334,0,6.0,6.0,289,0,0,1729,1509,21
"{""algorithm"":""capacity_aware_maxpressure"",""algorithm_params"":{},""disturbance"":{""begin_seconds"":600.0,""end_seconds"":1200.0,""intensity"":1.25,""kind"":""event_demand"",""target"":""-E1""},""duration_seconds"":3600.0,""flow_multiplier"":1.0,""scene_id"":""16"",""seed"":42,""warmup_seconds"":600.0}",16,16,capacity_aware_maxpressure,1.0,42,disturbance,event_demand,600.0,1200.0,-E1,1.25,3600.0,600.0,,none,{},354cdfc1868f,completed,,F:\challenge-cup\output\runs\formal\runs\i16\capacity_aware_maxpressure\x1\s42\354cdfc1868f,13.971943319838058,13.971943319838058,0.775,0.775,34.92423366107577,34.92423366107577,153282.11862,88.65362557547715,0,1729,66970.24,66970.24,38.73351069982649,19337,0,7.0,7.0,306,0,0,1729,1405,21
"{""algorithm"":""capacity_aware_maxpressure"",""algorithm_params"":{},""disturbance"":{""begin_seconds"":600.0,""end_seconds"":1200.0,""intensity"":1.0,""kind"":""vehicle_failure"",""target"":""-E1_0""},""duration_seconds"":3600.0,""flow_multiplier"":1.0,""scene_id"":""16"",""seed"":42,""warmup_seconds"":600.0}",16,16,capacity_aware_maxpressure,1.0,42,disturbance,vehicle_failure,600.0,1200.0,-E1_0,1.0,3600.0,600.0,,none,{},3e52ee870f35,completed,,F:\challenge-cup\output\runs\formal\runs\i16\capacity_aware_maxpressure\x1\s42\3e52ee870f35,14.316938186019641,14.316938186019641,0.7275,0.7275,35.911207394569615,35.911207394569615,156214.73891999997,90.24537199306758,0,1731,68251.33,68251.33,39.42884459849798,19504,0,6.0,6.0,277,0,0,1731,1440,20
"{""algorithm"":""fixed_time"",""algorithm_params"":{},""disturbance"":{""begin_seconds"":600.0,""end_seconds"":1200.0,""intensity"":1.0,""kind"":""construction"",""target"":""-E1_0""},""duration_seconds"":3600.0,""flow_multiplier"":1.0,""scene_id"":""17"",""seed"":42,""warmup_seconds"":600.0}",17,17,fixed_time,1.0,42,disturbance,construction,600.0,1200.0,-E1_0,1.0,3600.0,600.0,,none,{},51e8e13140f8,completed,,F:\challenge-cup\output\runs\formal\runs\i17\fixed_time\x1\s42\51e8e13140f8,9.475944444444444,9.475944444444444,2.2159999999999997,2.2159999999999997,19.68861111111111,19.68861111111111,18051.33809,50.14260580555556,0,360,7886.76,7886.76,21.907666666666668,2192,0,10.0,10.0,13,0,10,360,133,12
"{""algorithm"":""fixed_time"",""algorithm_params"":{},""disturbance"":{""begin_seconds"":600.0,""end_seconds"":1200.0,""intensity"":1.25,""kind"":""event_demand"",""target"":""-E1""},""duration_seconds"":3600.0,""flow_multiplier"":1.0,""scene_id"":""17"",""seed"":42,""warmup_seconds"":600.0}",17,17,fixed_time,1.0,42,disturbance,event_demand,600.0,1200.0,-E1,1.25,3600.0,600.0,,none,{},6a97de355d57,completed,,F:\challenge-cup\output\runs\formal\runs\i17\fixed_time\x1\s42\6a97de355d57,9.391271820448878,9.391271820448878,2.24,2.24,19.79650872817955,19.79650872817955,20030.06087,49.950276483790525,0,401,8751.33,8751.33,21.823765586034913,2430,0,10.0,10.0,14,0,10,401,144,12
"{""algorithm"":""fixed_time"",""algorithm_params"":{},""disturbance"":{""begin_seconds"":600.0,""end_seconds"":1200.0,""intensity"":1.0,""kind"":""vehicle_failure"",""target"":""-E1_0""},""duration_seconds"":3600.0,""flow_multiplier"":1.0,""scene_id"":""17"",""seed"":42,""warmup_seconds"":600.0}",17,17,fixed_time,1.0,42,disturbance,vehicle_failure,600.0,1200.0,-E1_0,1.0,3600.0,600.0,,none,{},0f91c191ddea,completed,,F:\challenge-cup\output\runs\formal\runs\i17\fixed_time\x1\s42\0f91c191ddea,9.159473684210527,9.159473684210527,2.256,2.256,21.0803324099723,21.0803324099723,17831.48342,49.39469091412742,0,361,7790.72,7790.72,21.580941828254847,2261,0,10.0,10.0,17,0,10,361,130,12
"{""algorithm"":""classic_maxpressure"",""algorithm_params"":{},""disturbance"":{""begin_seconds"":600.0,""end_seconds"":1200.0,""intensity"":1.0,""kind"":""construction"",""target"":""-E1_0""},""duration_seconds"":3600.0,""flow_multiplier"":1.0,""scene_id"":""17"",""seed"":42,""warmup_seconds"":600.0}",17,17,classic_maxpressure,1.0,42,disturbance,construction,600.0,1200.0,-E1_0,1.0,3600.0,600.0,,none,{},b9d697b82c2b,completed,,F:\challenge-cup\output\runs\formal\runs\i17\classic_maxpressure\x1\s42\b9d697b82c2b,9.475944444444444,9.475944444444444,2.2159999999999997,2.2159999999999997,19.68861111111111,19.68861111111111,18051.33809,50.14260580555556,0,360,7886.76,7886.76,21.907666666666668,2192,0,10.0,10.0,13,0,10,360,133,12
"{""algorithm"":""classic_maxpressure"",""algorithm_params"":{},""disturbance"":{""begin_seconds"":600.0,""end_seconds"":1200.0,""intensity"":1.25,""kind"":""event_demand"",""target"":""-E1""},""duration_seconds"":3600.0,""flow_multiplier"":1.0,""scene_id"":""17"",""seed"":42,""warmup_seconds"":600.0}",17,17,classic_maxpressure,1.0,42,disturbance,event_demand,600.0,1200.0,-E1,1.25,3600.0,600.0,,none,{},88f7754442f3,completed,,F:\challenge-cup\output\runs\formal\runs\i17\classic_maxpressure\x1\s42\88f7754442f3,9.391271820448878,9.391271820448878,2.24,2.24,19.79650872817955,19.79650872817955,20030.06087,49.950276483790525,0,401,8751.33,8751.33,21.823765586034913,2430,0,10.0,10.0,14,0,10,401,144,12
"{""algorithm"":""classic_maxpressure"",""algorithm_params"":{},""disturbance"":{""begin_seconds"":600.0,""end_seconds"":1200.0,""intensity"":1.0,""kind"":""vehicle_failure"",""target"":""-E1_0""},""duration_seconds"":3600.0,""flow_multiplier"":1.0,""scene_id"":""17"",""seed"":42,""warmup_seconds"":600.0}",17,17,classic_maxpressure,1.0,42,disturbance,vehicle_failure,600.0,1200.0,-E1_0,1.0,3600.0,600.0,,none,{},6441b6f3bf2a,completed,,F:\challenge-cup\output\runs\formal\runs\i17\classic_maxpressure\x1\s42\6441b6f3bf2a,9.159473684210527,9.159473684210527,2.256,2.256,21.0803324099723,21.0803324099723,17831.48342,49.39469091412742,0,361,7790.72,7790.72,21.580941828254847,2261,0,10.0,10.0,17,0,10,361,130,12
"{""algorithm"":""capacity_aware_maxpressure"",""algorithm_params"":{},""disturbance"":{""begin_seconds"":600.0,""end_seconds"":1200.0,""intensity"":1.0,""kind"":""construction"",""target"":""-E1_0""},""duration_seconds"":3600.0,""flow_multiplier"":1.0,""scene_id"":""17"",""seed"":42,""warmup_seconds"":600.0}",17,17,capacity_aware_maxpressure,1.0,42,disturbance,construction,600.0,1200.0,-E1_0,1.0,3600.0,600.0,,none,{},1c6e5a7e894b,completed,,F:\challenge-cup\output\runs\formal\runs\i17\capacity_aware_maxpressure\x1\s42\1c6e5a7e894b,13.604072022160665,13.604072022160665,2.256,2.256,23.817174515235457,23.817174515235457,21517.22181,59.60449254847645,0,361,9401.05,9401.05,26.04168975069252,2666,0,10.0,10.0,8,0,10,361,193,11
"{""algorithm"":""capacity_aware_maxpressure"",""algorithm_params"":{},""disturbance"":{""begin_seconds"":600.0,""end_seconds"":1200.0,""intensity"":1.25,""kind"":""event_demand"",""target"":""-E1""},""duration_seconds"":3600.0,""flow_multiplier"":1.0,""scene_id"":""17"",""seed"":42,""warmup_seconds"":600.0}",17,17,capacity_aware_maxpressure,1.0,42,disturbance,event_demand,600.0,1200.0,-E1,1.25,3600.0,600.0,,none,{},6cd38b198406,completed,,F:\challenge-cup\output\runs\formal\runs\i17\capacity_aware_maxpressure\x1\s42\6cd38b198406,13.732661691542289,13.732661691542289,2.276,2.276,24.103980099502486,24.103980099502486,23953.919280000002,59.58686388059702,0,402,10465.66,10465.66,26.033980099502486,2735,0,10.0,10.0,10,0,10,402,215,11
"{""algorithm"":""capacity_aware_maxpressure"",""algorithm_params"":{},""disturbance"":{""begin_seconds"":600.0,""end_seconds"":1200.0,""intensity"":1.0,""kind"":""vehicle_failure"",""target"":""-E1_0""},""duration_seconds"":3600.0,""flow_multiplier"":1.0,""scene_id"":""17"",""seed"":42,""warmup_seconds"":600.0}",17,17,capacity_aware_maxpressure,1.0,42,disturbance,vehicle_failure,600.0,1200.0,-E1_0,1.0,3600.0,600.0,,none,{},70d4c821f824,completed,,F:\challenge-cup\output\runs\formal\runs\i17\capacity_aware_maxpressure\x1\s42\70d4c821f824,13.503646408839778,13.503646408839778,2.296,2.296,25.41795580110497,25.41795580110497,21568.03748,59.58021403314917,0,362,9423.2,9423.2,26.03093922651934,2734,0,10.0,10.0,12,0,10,362,191,11
"{""algorithm"":""fixed_time"",""algorithm_params"":{},""disturbance"":{""begin_seconds"":600.0,""end_seconds"":1200.0,""intensity"":1.0,""kind"":""construction"",""target"":""-E1_0""},""duration_seconds"":3600.0,""flow_multiplier"":1.0,""scene_id"":""18"",""seed"":42,""warmup_seconds"":600.0}",18,18,fixed_time,1.0,42,disturbance,construction,600.0,1200.0,-E1_0,1.0,3600.0,600.0,,none,{},eadb8477e663,completed,,F:\challenge-cup\output\runs\formal\runs\i18\fixed_time\x1\s42\eadb8477e663,70.50277190332326,70.50277190332326,3.8925,3.8925,88.95075528700906,88.95075528700906,209595.38165,158.3046689199396,0,1324,91575.24,91575.24,69.16558912386708,6858,0,10.0,10.0,22,0,85,1324,1114,89
"{""algorithm"":""fixed_time"",""algorithm_params"":{},""disturbance"":{""begin_seconds"":600.0,""end_seconds"":1200.0,""intensity"":1.25,""kind"":""event_demand"",""target"":""-E1""},""duration_seconds"":3600.0,""flow_multiplier"":1.0,""scene_id"":""18"",""seed"":42,""warmup_seconds"":600.0}",18,18,fixed_time,1.0,42,disturbance,event_demand,600.0,1200.0,-E1,1.25,3600.0,600.0,,none,{},4e650b216cf1,completed,,F:\challenge-cup\output\runs\formal\runs\i18\fixed_time\x1\s42\4e650b216cf1,68.84712669683258,68.84712669683258,3.84125,3.84125,86.30422322775263,86.30422322775263,203266.82413,153.29323086726998,0,1326,88810.19,88810.19,66.97601055806939,6639,0,10.0,10.0,20,0,84,1326,1042,89
"{""algorithm"":""fixed_time"",""algorithm_params"":{},""disturbance"":{""begin_seconds"":600.0,""end_seconds"":1200.0,""intensity"":1.0,""kind"":""vehicle_failure"",""target"":""-E1_0""},""duration_seconds"":3600.0,""flow_multiplier"":1.0,""scene_id"":""18"",""seed"":42,""warmup_seconds"":600.0}",18,18,fixed_time,1.0,42,disturbance,vehicle_failure,600.0,1200.0,-E1_0,1.0,3600.0,600.0,,none,{},63f366d5ce62,completed,,F:\challenge-cup\output\runs\formal\runs\i18\fixed_time\x1\s42\63f366d5ce62,64.80195868400918,64.80195868400918,3.86875,3.86875,83.68110175975517,83.68110175975517,195653.02699,149.69627160673298,0,1307,85483.74,85483.74,65.40454475899006,6598,0,10.0,10.0,12,0,84,1307,1084,90
"{""algorithm"":""classic_maxpressure"",""algorithm_params"":{},""disturbance"":{""begin_seconds"":600.0,""end_seconds"":1200.0,""intensity"":1.0,""kind"":""construction"",""target"":""-E1_0""},""duration_seconds"":3600.0,""flow_multiplier"":1.0,""scene_id"":""18"",""seed"":42,""warmup_seconds"":600.0}",18,18,classic_maxpressure,1.0,42,disturbance,construction,600.0,1200.0,-E1_0,1.0,3600.0,600.0,,none,{},a15b7dce7126,completed,,F:\challenge-cup\output\runs\formal\runs\i18\classic_maxpressure\x1\s42\a15b7dce7126,70.50277190332326,70.50277190332326,3.8925,3.8925,88.95075528700906,88.95075528700906,209595.38165,158.3046689199396,0,1324,91575.24,91575.24,69.16558912386708,6858,0,10.0,10.0,22,0,85,1324,1114,89
"{""algorithm"":""classic_maxpressure"",""algorithm_params"":{},""disturbance"":{""begin_seconds"":600.0,""end_seconds"":1200.0,""intensity"":1.25,""kind"":""event_demand"",""target"":""-E1""},""duration_seconds"":3600.0,""flow_multiplier"":1.0,""scene_id"":""18"",""seed"":42,""warmup_seconds"":600.0}",18,18,classic_maxpressure,1.0,42,disturbance,event_demand,600.0,1200.0,-E1,1.25,3600.0,600.0,,none,{},4bdffcec602a,completed,,F:\challenge-cup\output\runs\formal\runs\i18\classic_maxpressure\x1\s42\4bdffcec602a,68.84712669683258,68.84712669683258,3.84125,3.84125,86.30422322775263,86.30422322775263,203266.82413,153.29323086726998,0,1326,88810.19,88810.19,66.97601055806939,6639,0,10.0,10.0,20,0,84,1326,1042,89
"{""algorithm"":""classic_maxpressure"",""algorithm_params"":{},""disturbance"":{""begin_seconds"":600.0,""end_seconds"":1200.0,""intensity"":1.0,""kind"":""vehicle_failure"",""target"":""-E1_0""},""duration_seconds"":3600.0,""flow_multiplier"":1.0,""scene_id"":""18"",""seed"":42,""warmup_seconds"":600.0}",18,18,classic_maxpressure,1.0,42,disturbance,vehicle_failure,600.0,1200.0,-E1_0,1.0,3600.0,600.0,,none,{},90dbbab1d378,completed,,F:\challenge-cup\output\runs\formal\runs\i18\classic_maxpressure\x1\s42\90dbbab1d378,64.80195868400918,64.80195868400918,3.86875,3.86875,83.68110175975517,83.68110175975517,195653.02699,149.69627160673298,0,1307,85483.74,85483.74,65.40454475899006,6598,0,10.0,10.0,12,0,84,1307,1084,90
"{""algorithm"":""capacity_aware_maxpressure"",""algorithm_params"":{},""disturbance"":{""begin_seconds"":600.0,""end_seconds"":1200.0,""intensity"":1.0,""kind"":""construction"",""target"":""-E1_0""},""duration_seconds"":3600.0,""flow_multiplier"":1.0,""scene_id"":""18"",""seed"":42,""warmup_seconds"":600.0}",18,18,capacity_aware_maxpressure,1.0,42,disturbance,construction,600.0,1200.0,-E1_0,1.0,3600.0,600.0,,none,{},44d5f709a0fe,completed,,F:\challenge-cup\output\runs\formal\runs\i18\capacity_aware_maxpressure\x1\s42\44d5f709a0fe,70.37056359482102,70.37056359482102,3.845,3.845,88.84691546077684,88.84691546077684,208023.42138999997,158.4336796572734,0,1313,90888.52,90888.52,69.22202589489719,6840,0,10.0,10.0,14,0,86,1313,1149,82
"{""algorithm"":""capacity_aware_maxpressure"",""algorithm_params"":{},""disturbance"":{""begin_seconds"":600.0,""end_seconds"":1200.0,""intensity"":1.25,""kind"":""event_demand"",""target"":""-E1""},""duration_seconds"":3600.0,""flow_multiplier"":1.0,""scene_id"":""18"",""seed"":42,""warmup_seconds"":600.0}",18,18,capacity_aware_maxpressure,1.0,42,disturbance,event_demand,600.0,1200.0,-E1,1.25,3600.0,600.0,,none,{},1425c816a9e9,completed,,F:\challenge-cup\output\runs\formal\runs\i18\capacity_aware_maxpressure\x1\s42\1425c816a9e9,67.87298552932216,67.87298552932216,3.825,3.825,85.36656511805027,85.36656511805027,199751.14382,152.1333920944402,0,1313,87274.23,87274.23,66.46932977913175,6578,0,10.0,10.0,11,0,86,1313,1077,83
"{""algorithm"":""capacity_aware_maxpressure"",""algorithm_params"":{},""disturbance"":{""begin_seconds"":600.0,""end_seconds"":1200.0,""intensity"":1.0,""kind"":""vehicle_failure"",""target"":""-E1_0""},""duration_seconds"":3600.0,""flow_multiplier"":1.0,""scene_id"":""18"",""seed"":42,""warmup_seconds"":600.0}",18,18,capacity_aware_maxpressure,1.0,42,disturbance,vehicle_failure,600.0,1200.0,-E1_0,1.0,3600.0,600.0,,none,{},ef8715579646,completed,,F:\challenge-cup\output\runs\formal\runs\i18\capacity_aware_maxpressure\x1\s42\ef8715579646,66.38472285497342,66.38472285497342,3.81875,3.81875,85.26598329536826,85.26598329536826,200820.9934,152.48367000759302,0,1317,87741.65,87741.65,66.62236142748671,6750,0,10.0,10.0,9,0,84,1317,1137,81
"{""algorithm"":""fixed_time"",""algorithm_params"":{},""disturbance"":{""begin_seconds"":600.0,""end_seconds"":1200.0,""intensity"":1.0,""kind"":""construction"",""target"":""-E1_0""},""duration_seconds"":3600.0,""flow_multiplier"":1.0,""scene_id"":""19"",""seed"":42,""warmup_seconds"":600.0}",19,19,fixed_time,1.0,42,disturbance,construction,600.0,1200.0,-E1_0,1.0,3600.0,600.0,,none,{},a69e115d4706,completed,,F:\challenge-cup\output\runs\formal\runs\i19\fixed_time\x1\s42\a69e115d4706,16.549243070362476,16.549243070362476,0.7028571428571427,0.7028571428571427,29.76876332622601,29.76876332622601,63648.654689999996,67.85570862473347,0,938,27808.58,27808.58,29.64667377398721,5698,0,5.0,5.0,111,0,0,938,613,9
"{""algorithm"":""fixed_time"",""algorithm_params"":{},""disturbance"":{""begin_seconds"":600.0,""end_seconds"":1200.0,""intensity"":1.25,""kind"":""event_demand"",""target"":""-E1""},""duration_seconds"":3600.0,""flow_multiplier"":1.0,""scene_id"":""19"",""seed"":42,""warmup_seconds"":600.0}",19,19,fixed_time,1.0,42,disturbance,event_demand,600.0,1200.0,-E1,1.25,3600.0,600.0,,none,{},ffc70f3fb98d,completed,,F:\challenge-cup\output\runs\formal\runs\i19\fixed_time\x1\s42\ffc70f3fb98d,16.523965884861408,16.523965884861408,0.7,0.7,29.727825159914712,29.727825159914712,63513.51651,67.71163807036247,0,938,27749.8,27749.8,29.584008528784647,5711,0,5.0,5.0,114,0,0,938,616,9
"{""algorithm"":""fixed_time"",""algorithm_params"":{},""disturbance"":{""begin_seconds"":600.0,""end_seconds"":1200.0,""intensity"":1.0,""kind"":""vehicle_failure"",""target"":""-E1_0""},""duration_seconds"":3600.0,""flow_multiplier"":1.0,""scene_id"":""19"",""seed"":42,""warmup_seconds"":600.0}",19,19,fixed_time,1.0,42,disturbance,vehicle_failure,600.0,1200.0,-E1_0,1.0,3600.0,600.0,,none,{},2b992a2856b3,completed,,F:\challenge-cup\output\runs\formal\runs\i19\fixed_time\x1\s42\2b992a2856b3,16.385931842385517,16.385931842385517,0.6885714285714286,0.6885714285714286,30.243024494142706,30.243024494142706,63168.61016,67.27221529286474,0,939,27598.83,27598.83,29.391725239616616,5673,0,7.0,7.0,114,0,0,939,594,9
"{""algorithm"":""classic_maxpressure"",""algorithm_params"":{},""disturbance"":{""begin_seconds"":600.0,""end_seconds"":1200.0,""intensity"":1.0,""kind"":""construction"",""target"":""-E1_0""},""duration_seconds"":3600.0,""flow_multiplier"":1.0,""scene_id"":""19"",""seed"":42,""warmup_seconds"":600.0}",19,19,classic_maxpressure,1.0,42,disturbance,construction,600.0,1200.0,-E1_0,1.0,3600.0,600.0,,none,{},a7ebd9c8ad34,completed,,F:\challenge-cup\output\runs\formal\runs\i19\classic_maxpressure\x1\s42\a7ebd9c8ad34,9.22188759278897,9.22188759278897,0.4342857142857142,0.4342857142857142,22.444326617179215,22.444326617179215,54932.68836,58.253115970307526,0,943,24000.43,24000.43,25.45114528101803,9086,0,2.0,2.0,134,0,0,943,608,4
"{""algorithm"":""classic_maxpressure"",""algorithm_params"":{},""disturbance"":{""begin_seconds"":600.0,""end_seconds"":1200.0,""intensity"":1.25,""kind"":""event_demand"",""target"":""-E1""},""duration_seconds"":3600.0,""flow_multiplier"":1.0,""scene_id"":""19"",""seed"":42,""warmup_seconds"":600.0}",19,19,classic_maxpressure,1.0,42,disturbance,event_demand,600.0,1200.0,-E1,1.25,3600.0,600.0,,none,{},cbb7b19d3e7a,completed,,F:\challenge-cup\output\runs\formal\runs\i19\classic_maxpressure\x1\s42\cbb7b19d3e7a,9.198971367974549,9.198971367974549,0.42857142857142855,0.42857142857142855,22.406362672322377,22.406362672322377,54864.00317,58.180279077412514,0,943,23970.52,23970.52,25.419427359490985,9016,0,2.0,2.0,136,0,0,943,609,4
"{""algorithm"":""classic_maxpressure"",""algorithm_params"":{},""disturbance"":{""begin_seconds"":600.0,""end_seconds"":1200.0,""intensity"":1.0,""kind"":""vehicle_failure"",""target"":""-E1_0""},""duration_seconds"":3600.0,""flow_multiplier"":1.0,""scene_id"":""19"",""seed"":42,""warmup_seconds"":600.0}",19,19,classic_maxpressure,1.0,42,disturbance,vehicle_failure,600.0,1200.0,-E1_0,1.0,3600.0,600.0,,none,{},5ed4461438c6,completed,,F:\challenge-cup\output\runs\formal\runs\i19\classic_maxpressure\x1\s42\5ed4461438c6,10.70713679745493,10.70713679745493,0.32285714285714284,0.32285714285714284,24.564475079533402,24.564475079533402,57091.18203,60.542080625662784,0,943,24943.64,24943.64,26.45136797454931,9153,0,7.0,7.0,129,0,0,943,663,5
"{""algorithm"":""capacity_aware_maxpressure"",""algorithm_params"":{},""disturbance"":{""begin_seconds"":600.0,""end_seconds"":1200.0,""intensity"":1.0,""kind"":""construction"",""target"":""-E1_0""},""duration_seconds"":3600.0,""flow_multiplier"":1.0,""scene_id"":""19"",""seed"":42,""warmup_seconds"":600.0}",19,19,capacity_aware_maxpressure,1.0,42,disturbance,construction,600.0,1200.0,-E1_0,1.0,3600.0,600.0,,none,{},98b9b0b9fe01,completed,,F:\challenge-cup\output\runs\formal\runs\i19\capacity_aware_maxpressure\x1\s42\98b9b0b9fe01,9.22188759278897,9.22188759278897,0.4342857142857142,0.4342857142857142,22.444326617179215,22.444326617179215,54932.68836,58.253115970307526,0,943,24000.43,24000.43,25.45114528101803,9086,0,2.0,2.0,134,0,0,943,608,4
"{""algorithm"":""capacity_aware_maxpressure"",""algorithm_params"":{},""disturbance"":{""begin_seconds"":600.0,""end_seconds"":1200.0,""intensity"":1.25,""kind"":""event_demand"",""target"":""-E1""},""duration_seconds"":3600.0,""flow_multiplier"":1.0,""scene_id"":""19"",""seed"":42,""warmup_seconds"":600.0}",19,19,capacity_aware_maxpressure,1.0,42,disturbance,event_demand,600.0,1200.0,-E1,1.25,3600.0,600.0,,none,{},d424b5058cc1,completed,,F:\challenge-cup\output\runs\formal\runs\i19\capacity_aware_maxpressure\x1\s42\d424b5058cc1,9.198971367974549,9.198971367974549,0.42857142857142855,0.42857142857142855,22.406362672322377,22.406362672322377,54864.00317,58.180279077412514,0,943,23970.52,23970.52,25.419427359490985,9016,0,2.0,2.0,136,0,0,943,609,4
"{""algorithm"":""capacity_aware_maxpressure"",""algorithm_params"":{},""disturbance"":{""begin_seconds"":600.0,""end_seconds"":1200.0,""intensity"":1.0,""kind"":""vehicle_failure"",""target"":""-E1_0""},""duration_seconds"":3600.0,""flow_multiplier"":1.0,""scene_id"":""19"",""seed"":42,""warmup_seconds"":600.0}",19,19,capacity_aware_maxpressure,1.0,42,disturbance,vehicle_failure,600.0,1200.0,-E1_0,1.0,3600.0,600.0,,none,{},a8e2e891cc3d,completed,,F:\challenge-cup\output\runs\formal\runs\i19\capacity_aware_maxpressure\x1\s42\a8e2e891cc3d,10.70713679745493,10.70713679745493,0.32285714285714284,0.32285714285714284,24.564475079533402,24.564475079533402,57091.18203,60.542080625662784,0,943,24943.64,24943.64,26.45136797454931,9153,0,7.0,7.0,129,0,0,943,663,5
"{""algorithm"":""fixed_time"",""algorithm_params"":{},""disturbance"":{""begin_seconds"":600.0,""end_seconds"":1200.0,""intensity"":1.0,""kind"":""construction"",""target"":""-E1_0""},""duration_seconds"":3600.0,""flow_multiplier"":1.0,""scene_id"":""20"",""seed"":42,""warmup_seconds"":600.0}",20,20,fixed_time,1.0,42,disturbance,construction,600.0,1200.0,-E1_0,1.0,3600.0,600.0,,none,{},3cfe63f359be,completed,,F:\challenge-cup\output\runs\formal\runs\i20\fixed_time\x1\s42\3cfe63f359be,66.4855522971652,66.4855522971652,1.5707692307692307,1.5707692307692307,79.3921798631476,79.3921798631476,146300.98481,143.01171535679373,0,1023,63921.09,63921.09,62.48395894428152,5411,0,8.0,8.0,46,0,0,1023,1303,25
"{""algorithm"":""fixed_time"",""algorithm_params"":{},""disturbance"":{""begin_seconds"":600.0,""end_seconds"":1200.0,""intensity"":1.25,""kind"":""event_demand"",""target"":""-E1""},""duration_seconds"":3600.0,""flow_multiplier"":1.0,""scene_id"":""20"",""seed"":42,""warmup_seconds"":600.0}",20,20,fixed_time,1.0,42,disturbance,event_demand,600.0,1200.0,-E1,1.25,3600.0,600.0,,none,{},c5658d078900,completed,,F:\challenge-cup\output\runs\formal\runs\i20\fixed_time\x1\s42\c5658d078900,65.8141910331384,65.8141910331384,1.5615384615384615,1.5615384615384615,78.45380116959065,78.45380116959065,144894.49353,141.22270324561404,0,1026,63306.3,63306.3,61.70204678362573,5230,0,8.0,8.0,45,0,0,1026,939,25
"{""algorithm"":""fixed_time"",""algorithm_params"":{},""disturbance"":{""begin_seconds"":600.0,""end_seconds"":1200.0,""intensity"":1.0,""kind"":""vehicle_failure"",""target"":""-E1_0""},""duration_seconds"":3600.0,""flow_multiplier"":1.0,""scene_id"":""20"",""seed"":42,""warmup_seconds"":600.0}",20,20,fixed_time,1.0,42,disturbance,vehicle_failure,600.0,1200.0,-E1_0,1.0,3600.0,600.0,,none,{},d3c03a0ac01e,completed,,F:\challenge-cup\output\runs\formal\runs\i20\fixed_time\x1\s42\d3c03a0ac01e,67.453916015625,67.453916015625,1.5769230769230769,1.5769230769230769,80.9380859375,80.9380859375,147900.25524,144.4338430078125,0,1024,64619.78,64619.78,63.10525390625,5318,0,8.0,8.0,40,0,0,1024,944,25
"{""algorithm"":""classic_maxpressure"",""algorithm_params"":{},""disturbance"":{""begin_seconds"":600.0,""end_seconds"":1200.0,""intensity"":1.0,""kind"":""construction"",""target"":""-E1_0""},""duration_seconds"":3600.0,""flow_multiplier"":1.0,""scene_id"":""20"",""seed"":42,""warmup_seconds"":600.0}",20,20,classic_maxpressure,1.0,42,disturbance,construction,600.0,1200.0,-E1_0,1.0,3600.0,600.0,,none,{},98078c0956e3,completed,,F:\challenge-cup\output\runs\formal\runs\i20\classic_maxpressure\x1\s42\98078c0956e3,66.4855522971652,66.4855522971652,1.5707692307692307,1.5707692307692307,79.3921798631476,79.3921798631476,146300.98481,143.01171535679373,0,1023,63921.09,63921.09,62.48395894428152,5411,0,8.0,8.0,46,0,0,1023,1303,25
"{""algorithm"":""classic_maxpressure"",""algorithm_params"":{},""disturbance"":{""begin_seconds"":600.0,""end_seconds"":1200.0,""intensity"":1.25,""kind"":""event_demand"",""target"":""-E1""},""duration_seconds"":3600.0,""flow_multiplier"":1.0,""scene_id"":""20"",""seed"":42,""warmup_seconds"":600.0}",20,20,classic_maxpressure,1.0,42,disturbance,event_demand,600.0,1200.0,-E1,1.25,3600.0,600.0,,none,{},54b7e1d9f646,completed,,F:\challenge-cup\output\runs\formal\runs\i20\classic_maxpressure\x1\s42\54b7e1d9f646,65.8141910331384,65.8141910331384,1.5615384615384615,1.5615384615384615,78.45380116959065,78.45380116959065,144894.49353,141.22270324561404,0,1026,63306.3,63306.3,61.70204678362573,5230,0,8.0,8.0,45,0,0,1026,939,25
"{""algorithm"":""classic_maxpressure"",""algorithm_params"":{},""disturbance"":{""begin_seconds"":600.0,""end_seconds"":1200.0,""intensity"":1.0,""kind"":""vehicle_failure"",""target"":""-E1_0""},""duration_seconds"":3600.0,""flow_multiplier"":1.0,""scene_id"":""20"",""seed"":42,""warmup_seconds"":600.0}",20,20,classic_maxpressure,1.0,42,disturbance,vehicle_failure,600.0,1200.0,-E1_0,1.0,3600.0,600.0,,none,{},dad7bff86bfe,completed,,F:\challenge-cup\output\runs\formal\runs\i20\classic_maxpressure\x1\s42\dad7bff86bfe,67.453916015625,67.453916015625,1.5769230769230769,1.5769230769230769,80.9380859375,80.9380859375,147900.25524,144.4338430078125,0,1024,64619.78,64619.78,63.10525390625,5318,0,8.0,8.0,40,0,0,1024,944,25
"{""algorithm"":""capacity_aware_maxpressure"",""algorithm_params"":{},""disturbance"":{""begin_seconds"":600.0,""end_seconds"":1200.0,""intensity"":1.0,""kind"":""construction"",""target"":""-E1_0""},""duration_seconds"":3600.0,""flow_multiplier"":1.0,""scene_id"":""20"",""seed"":42,""warmup_seconds"":600.0}",20,20,capacity_aware_maxpressure,1.0,42,disturbance,construction,600.0,1200.0,-E1_0,1.0,3600.0,600.0,,none,{},d0efc60be4e1,completed,,F:\challenge-cup\output\runs\formal\runs\i20\capacity_aware_maxpressure\x1\s42\d0efc60be4e1,63.153348880597015,63.153348880597015,1.5892307692307694,1.5892307692307694,76.01996268656715,76.01996268656715,148232.39721999998,138.27648994402983,0,1072,64764.81,64764.81,60.414934701492534,5471,0,8.0,8.0,43,0,0,1072,1139,23
"{""algorithm"":""capacity_aware_maxpressure"",""algorithm_params"":{},""disturbance"":{""begin_seconds"":600.0,""end_seconds"":1200.0,""intensity"":1.25,""kind"":""event_demand"",""target"":""-E1""},""duration_seconds"":3600.0,""flow_multiplier"":1.0,""scene_id"":""20"",""seed"":42,""warmup_seconds"":600.0}",20,20,capacity_aware_maxpressure,1.0,42,disturbance,event_demand,600.0,1200.0,-E1,1.25,3600.0,600.0,,none,{},4b3c811292d3,completed,,F:\challenge-cup\output\runs\formal\runs\i20\capacity_aware_maxpressure\x1\s42\4b3c811292d3,62.492460391425915,62.492460391425915,1.5769230769230769,1.5769230769230769,75.10298229263746,75.10298229263746,146474.27288,136.50910799627215,0,1073,63996.77,63996.77,59.64284249767008,5396,0,8.0,8.0,39,0,0,1073,992,23
"{""algorithm"":""capacity_aware_maxpressure"",""algorithm_params"":{},""disturbance"":{""begin_seconds"":600.0,""end_seconds"":1200.0,""intensity"":1.0,""kind"":""vehicle_failure"",""target"":""-E1_0""},""duration_seconds"":3600.0,""flow_multiplier"":1.0,""scene_id"":""20"",""seed"":42,""warmup_seconds"":600.0}",20,20,capacity_aware_maxpressure,1.0,42,disturbance,vehicle_failure,600.0,1200.0,-E1_0,1.0,3600.0,600.0,,none,{},c71017cceb5d,completed,,F:\challenge-cup\output\runs\formal\runs\i20\capacity_aware_maxpressure\x1\s42\c71017cceb5d,64.88414725069897,64.88414725069897,1.586153846153846,1.586153846153846,78.32544268406338,78.32544268406338,151233.81438999998,140.9448409972041,0,1073,66076.2,66076.2,61.58080149114632,5431,0,8.0,8.0,37,0,0,1073,1012,23
